frequency_mhz,flat_reference_irr_db,flat_reference_direct_gain_db,flat_reference_image_gain_db,mild_frequency_selective_irr_db,mild_frequency_selective_direct_gain_db,mild_frequency_selective_image_gain_db,moderate_edge_degradation_irr_db,moderate_edge_degradation_direct_gain_db,moderate_edge_degradation_image_gain_db,severe_asymmetric_stress_irr_db,severe_asymmetric_stress_direct_gain_db,severe_asymmetric_stress_image_gain_db
-40,-40,0,-40,-44.3547179068,-0.0522019840956,-44.4069198909,-31.0045670611,-0.0522723120537,-31.0568393732,-21.0843765805,-0.424501757687,-21.5088783382
-39.96,-40,0,-40,-44.3449044975,-0.0520637185955,-44.3969682161,-31.0045765398,-0.0522721822978,-31.0568487221,-21.0740796537,-0.423610250388,-21.4976899041
-39.92,-40,0,-40,-44.3351365312,-0.0519247677442,-44.387061299,-31.0046049761,-0.0522717930312,-31.0568767691,-21.0638434211,-0.422713669401,-21.4865570905
-39.88,-40,0,-40,-44.3254139808,-0.0517851346277,-44.3771991155,-31.0046523699,-0.0522711442579,-31.0569235141,-21.0536677699,-0.421812037405,-21.4754798073
-39.84,-40,0,-40,-44.315736819,-0.0516448223493,-44.3673816414,-31.0047187214,-0.0522702359843,-31.0569889574,-21.0435525877,-0.420905377222,-21.4644579649
-39.8,-40,0,-40,-44.3061050182,-0.0515038340285,-44.3576088523,-31.0048040309,-0.0522690682198,-31.0570730991,-21.0334977622,-0.41999371181,-21.453491474
-39.76,-40,0,-40,-44.2965185508,-0.051362172802,-44.3478807236,-31.0049082984,-0.0522676409758,-31.0571759394,-21.0235031815,-0.419077064265,-21.4425802458
-39.72,-40,0,-40,-44.2869773889,-0.0512198418226,-44.3381972307,-31.0050315245,-0.0522659542669,-31.0572974787,-21.0135687338,-0.418155457819,-21.4317241917
-39.68,-40,0,-40,-44.2774815044,-0.0510768442597,-44.3285583486,-31.0051737093,-0.05226400811,-31.0574377174,-21.0036943077,-0.417228915839,-21.4209232235
-39.64,-40,0,-40,-44.268030869,-0.050933183299,-44.3189640523,-31.0053348534,-0.0522618025245,-31.0575966559,-20.9938797918,-0.416297461825,-21.4101772537
-39.6,-40,0,-40,-44.2586254543,-0.0507888621424,-44.3094143164,-31.0055149571,-0.0522593375328,-31.0577742946,-20.9841250753,-0.415361119412,-21.3994861947
-39.56,-40,0,-40,-44.2492652318,-0.050643884008,-44.2999091158,-31.005714021,-0.0522566131594,-31.0579706342,-20.9744300472,-0.414419912365,-21.3888499596
-39.52,-40,0,-40,-44.2399501726,-0.0504982521298,-44.2904484247,-31.0059320457,-0.0522536294319,-31.0581856751,-20.9647945971,-0.41347386458,-21.3782684617
-39.48,-40,0,-40,-44.2306802479,-0.0503519697576,-44.2810322177,-31.0061690317,-0.0522503863802,-31.0584194181,-20.9552186148,-0.412523000084,-21.3677416149
-39.44,-40,0,-40,-44.2214554286,-0.0502050401573,-44.2716604687,-31.0064249798,-0.0522468840369,-31.0586718639,-20.9457019901,-0.411567343033,-21.3572693331
-39.4,-40,0,-40,-44.2122756854,-0.0500574666102,-44.262333152,-31.0066998908,-0.0522431224372,-31.0589430132,-20.9362446133,-0.410606917708,-21.3468515311
-39.36,-40,0,-40,-44.2031409889,-0.0499092524133,-44.2530502413,-31.0069937653,-0.0522391016189,-31.0592328669,-20.9268463749,-0.40964174852,-21.3364881235
-39.32,-40,0,-40,-44.1940513097,-0.0497604008789,-44.2438117106,-31.0073066042,-0.0522348216223,-31.0595414258,-20.9175071656,-0.408671860002,-21.3261790256
-39.28,-40,0,-40,-44.185006618,-0.0496109153349,-44.2346175333,-31.0076384085,-0.0522302824906,-31.059868691,-20.9082268763,-0.407697276814,-21.3159241531
-39.24,-40,0,-40,-44.176006884,-0.0494607991242,-44.2254676831,-31.007989179,-0.0522254842692,-31.0602146633,-20.8990053982,-0.406718023739,-21.3057234219
-39.2,-40,0,-40,-44.1670520778,-0.049310055605,-44.2163621334,-31.0083589168,-0.0522204270065,-31.0605793438,-20.8898426227,-0.405734125682,-21.2955767484
-39.16,-40,0,-40,-44.1581421692,-0.0491586881504,-44.2073008574,-31.008747623,-0.0522151107533,-31.0609627338,-20.8807384416,-0.404745607669,-21.2854840493
-39.12,-40,0,-40,-44.1492771281,-0.0490067001486,-44.1982838282,-31.0091552986,-0.0522095355629,-31.0613648342,-20.8716927468,-0.403752494846,-21.2754452416
-39.08,-40,0,-40,-44.140456924,-0.0488540950022,-44.189311019,-31.0095819449,-0.0522037014913,-31.0617856464,-20.8627054304,-0.402754812478,-21.2654602428
-39.04,-40,0,-40,-44.1316815265,-0.0487008761289,-44.1803824026,-31.010027563,-0.0521976085973,-31.0622251716,-20.8537763848,-0.401752585949,-21.2555289708
-39,-40,0,-40,-44.122950905,-0.0485470469607,-44.1714979519,-31.0104921542,-0.0521912569421,-31.0626834112,-20.8449055028,-0.400745840758,-21.2456513435
-38.96,-40,0,-40,-44.1142650287,-0.0483926109443,-44.1626576397,-31.01097572,-0.0521846465893,-31.0631603665,-20.8360926772,-0.399734602521,-21.2358272797
-38.92,-40,0,-40,-44.1056238669,-0.0482375715404,-44.1538614385,-31.0114782615,-0.0521777776056,-31.0636560391,-20.8273378012,-0.398718896968,-21.2260566982
-38.88,-40,0,-40,-44.0970273886,-0.0480819322243,-44.1451093208,-31.0119997803,-0.0521706500599,-31.0641704304,-20.8186407682,-0.397698749942,-21.2163395182
-38.84,-40,0,-40,-44.0884755626,-0.047925696485,-44.1364012591,-31.012540278,-0.0521632640237,-31.064703542,-20.8100014719,-0.3966741874,-21.2066756593
-38.8,-40,0,-40,-44.0799683578,-0.0477688678258,-44.1277372257,-31.0130997559,-0.0521556195714,-31.0652553755,-20.8014198061,-0.395645235409,-21.1970650415
-38.76,-40,0,-40,-44.071505743,-0.0476114497639,-44.1191171928,-31.0136782159,-0.0521477167798,-31.0658259326,-20.792895665,-0.394611920146,-21.1875075851
-38.72,-40,0,-40,-44.0630876868,-0.04745344583,-44.1105411326,-31.0142756594,-0.0521395557282,-31.0664152151,-20.7844289429,-0.393574267898,-21.1780032108
-38.68,-40,0,-40,-44.0547141576,-0.0472948595686,-44.1020090172,-31.0148920882,-0.0521311364987,-31.0670232247,-20.7760195346,-0.392532305058,-21.1685518396
-38.64,-40,0,-40,-44.046385124,-0.0471356945377,-44.0935208185,-31.0155275041,-0.0521224591758,-31.0676499633,-20.7676673348,-0.391486058128,-21.1591533929
-38.6,-40,0,-40,-44.0381005542,-0.0469759543088,-44.0850765085,-31.0161819089,-0.0521135238467,-31.0682954328,-20.7593722387,-0.390435553713,-21.1498077925
-38.56,-40,0,-40,-44.0298604164,-0.0468156424665,-44.0766760589,-31.0168553045,-0.0521043306013,-31.0689596351,-20.7511341418,-0.389380818525,-21.1405149603
-38.52,-40,0,-40,-44.0216646788,-0.0466547626088,-44.0683194414,-31.0175476928,-0.0520948795319,-31.0696425724,-20.7429529395,-0.388321879378,-21.1312748188
-38.48,-40,0,-40,-44.0135133095,-0.0464933183466,-44.0600066279,-31.0182590759,-0.0520851707334,-31.0703442466,-20.7348285277,-0.387258763188,-21.1220872909
-38.44,-40,0,-40,-44.0054062765,-0.0463313133037,-44.0517375898,-31.0189894556,-0.0520752043034,-31.0710646599,-20.7267608026,-0.386191496973,-21.1129522996
-38.4,-40,0,-40,-43.9973435476,-0.0461687511168,-44.0435122987,-31.0197388342,-0.0520649803421,-31.0718038146,-20.7187496605,-0.385120107849,-21.1038697683
-38.36,-40,0,-40,-43.9893250906,-0.0460056354353,-44.035330726,-31.0205072138,-0.0520544989521,-31.0725617128,-20.710794998,-0.384044623033,-21.094839621
-38.32,-40,0,-40,-43.9813508733,-0.045841969921,-44.0271928432,-31.0212945966,-0.0520437602388,-31.0733383569,-20.7028967119,-0.382965069838,-21.0858617817
-38.28,-40,0,-40,-43.9734208634,-0.0456777582485,-44.0190986216,-31.0221009849,-0.0520327643101,-31.0741337492,-20.6950546994,-0.381881475674,-21.076936175
-38.24,-40,0,-40,-43.9655350283,-0.0455130041044,-44.0110480324,-31.0229263809,-0.0520215112764,-31.0749478922,-20.6872688577,-0.380793868045,-21.0680627257
-38.2,-40,0,-40,-43.9576933357,-0.0453477111875,-44.0030410469,-31.023770787,-0.0520100012508,-31.0757807883,-20.6795390844,-0.379702274553,-21.059241359
-38.16,-40,0,-40,-43.9498957531,-0.045181883209,-43.9950776363,-31.0246342057,-0.051998234349,-31.0766324401,-20.6718652774,-0.378606722887,-21.0504720003
-38.12,-40,0,-40,-43.9421422476,-0.0450155238918,-43.9871577715,-31.0255166395,-0.0519862106892,-31.0775028502,-20.6642473348,-0.377507240833,-21.0417545756
-38.08,-40,0,-40,-43.9344327868,-0.0448486369707,-43.9792814238,-31.0264180908,-0.0519739303921,-31.0783920212,-20.6566851548,-0.376403856265,-21.0330890111
-38.04,-40,0,-40,-43.9267673378,-0.0446812261922,-43.971448564,-31.0273385623,-0.0519613935812,-31.0792999559,-20.649178636,-0.375296597147,-21.0244752331
-38,-40,0,-40,-43.9191458679,-0.0445132953144,-43.9636591632,-31.0282780566,-0.0519486003824,-31.080226657,-20.6417276772,-0.374185491531,-21.0159131687
-37.96,-40,0,-40,-43.9115683442,-0.044344848107,-43.9559131923,-31.0292365764,-0.0519355509243,-31.0811721273,-20.6343321774,-0.373070567556,-21.007402745
-37.92,-40,0,-40,-43.9040347337,-0.0441758883507,-43.9482106221,-31.0302141245,-0.0519222453379,-31.0821363698,-20.626992036,-0.371951853448,-20.9989438895
-37.88,-40,0,-40,-43.8965450035,-0.0440064198378,-43.9405514234,-31.0312107036,-0.0519086837569,-31.0831193873,-20.6197071525,-0.370829377516,-20.99053653
-37.84,-40,0,-40,-43.8890991206,-0.0438364463715,-43.932935567,-31.0322263166,-0.0518948663175,-31.0841211829,-20.6124774267,-0.369703168155,-20.9821805948
-37.8,-40,0,-40,-43.8816970519,-0.0436659717661,-43.9253630237,-31.0332609665,-0.0518807931587,-31.0851417596,-20.6053027585,-0.36857325384,-20.9738760124
-37.76,-40,0,-40,-43.8743387643,-0.0434949998464,-43.9178337642,-31.0343146561,-0.0518664644216,-31.0861811205,-20.5981830483,-0.367439663129,-20.9656227115
-37.72,-40,0,-40,-43.8670242246,-0.0433235344484,-43.9103477591,-31.0353873886,-0.0518518802504,-31.0872392689,-20.5911181966,-0.366302424659,-20.9574206213
-37.68,-40,0,-40,-43.8597533996,-0.0431515794183,-43.902904979,-31.036479167,-0.0518370407915,-31.0883162078,-20.5841081041,-0.365161567146,-20.9492696713
-37.64,-40,0,-40,-43.8525262561,-0.0429791386131,-43.8955053947,-31.0375899945,-0.051821946194,-31.0894119407,-20.5771526719,-0.364017119383,-20.9411697913
-37.6,-40,0,-40,-43.8453427607,-0.0428062158997,-43.8881489766,-31.0387198742,-0.0518065966096,-31.0905264708,-20.5702518012,-0.362869110243,-20.9331209114
-37.56,-40,0,-40,-43.8382028801,-0.0426328151557,-43.8808356953,-31.0398688094,-0.0517909921923,-31.0916598016,-20.5634053934,-0.361717568669,-20.9251229621
-37.52,-40,0,-40,-43.831106581,-0.0424589402684,-43.8735655213,-31.0410368034,-0.0517751330991,-31.0928119365,-20.5566133504,-0.360562523682,-20.9171758741
-37.48,-40,0,-40,-43.8240538299,-0.0422845951353,-43.866338425,-31.0422238595,-0.0517590194891,-31.093982879,-20.549875574,-0.359404004375,-20.9092795784
-37.44,-40,0,-40,-43.8170445934,-0.0421097836635,-43.8591543771,-31.0434299812,-0.0517426515243,-31.0951726328,-20.5431919666,-0.358242039913,-20.9014340065
-37.4,-40,0,-40,-43.810078838,-0.0419345097701,-43.8520133478,-31.0446551719,-0.0517260293691,-31.0963812013,-20.5365624305,-0.357076659531,-20.8936390901
-37.36,-40,0,-40,-43.8031565303,-0.0417587773814,-43.8449153077,-31.0458994352,-0.0517091531904,-31.0976085884,-20.5299868686,-0.355907892534,-20.8858947611
-37.32,-40,0,-40,-43.7962776366,-0.0415825904335,-43.837860227,-31.0471627745,-0.0516920231578,-31.0988547977,-20.5234651837,-0.354735768293,-20.878200952
-37.28,-40,0,-40,-43.7894421234,-0.0414059528716,-43.8308480763,-31.0484451936,-0.0516746394433,-31.1001198331,-20.516997279,-0.353560316251,-20.8705575953
-37.24,-40,0,-40,-43.7826499572,-0.0412288686501,-43.8238788258,-31.0497466962,-0.0516570022217,-31.1014036984,-20.510583058,-0.352381565912,-20.8629646239
-37.2,-40,0,-40,-43.7759011043,-0.0410513417325,-43.816952446,-31.0510672859,-0.0516391116699,-31.1027063975,-20.5042224244,-0.351199546847,-20.8554219712
-37.16,-40,0,-40,-43.769195531,-0.0408733760912,-43.8100689071,-31.0524069665,-0.0516209679677,-31.1040279345,-20.497915282,-0.35001428869,-20.8479295707
-37.12,-40,0,-40,-43.7625332038,-0.0406949757074,-43.8032281795,-31.053765742,-0.0516025712975,-31.1053683133,-20.4916615351,-0.348825821137,-20.8404873562
-37.08,-40,0,-40,-43.7559140888,-0.0405161445711,-43.7964302334,-31.0551436162,-0.0515839218438,-31.1067275381,-20.485461088,-0.347634173946,-20.8330952619
-37.04,-40,0,-40,-43.7493381525,-0.0403368866805,-43.7896750392,-31.0565405931,-0.0515650197942,-31.1081056129,-20.4793138454,-0.346439376935,-20.8257532223
-37,-40,0,-40,-43.7428053611,-0.0401572060424,-43.7829625671,-31.0579566767,-0.0515458653383,-31.1095025421,-20.4732197122,-0.345241459979,-20.8184611722
-36.96,-40,0,-40,-43.7363156809,-0.0399771066721,-43.7762927875,-31.0593918711,-0.0515264586687,-31.1109183298,-20.4671785936,-0.344040453013,-20.8112190466
-36.92,-40,0,-40,-43.729869078,-0.0397965925925,-43.7696656706,-31.0608461804,-0.0515067999801,-31.1123529803,-20.4611903948,-0.342836386026,-20.8040267808
-36.88,-40,0,-40,-43.7234655188,-0.0396156678351,-43.7630811867,-31.0623196087,-0.0514868894702,-31.1138064982,-20.4552550215,-0.341629289064,-20.7968843106
-36.84,-40,0,-40,-43.7171049695,-0.0394343364388,-43.7565393059,-31.0638121604,-0.0514667273387,-31.1152788877,-20.4493723797,-0.340419192227,-20.7897915719
-36.8,-40,0,-40,-43.7107873962,-0.0392526024505,-43.7500399987,-31.0653238397,-0.0514463137884,-31.1167701535,-20.4435423753,-0.339206125666,-20.7827485009
-36.76,-40,0,-40,-43.7045127653,-0.0390704699247,-43.7435832352,-31.0668546509,-0.051425649024,-31.1182803,-20.4377649147,-0.337990119586,-20.7757550343
-36.72,-40,0,-40,-43.6982810427,-0.0388879429232,-43.7371689856,-31.0684045986,-0.0514047332533,-31.1198093318,-20.4320399045,-0.33677120424,-20.7688111087
-36.68,-40,0,-40,-43.6920921948,-0.0387050255155,-43.7307972203,-31.069973687,-0.0513835666861,-31.1213572537,-20.4263672515,-0.335549409933,-20.7619166614
-36.64,-40,0,-40,-43.6859461877,-0.0385217217779,-43.7244679095,-31.0715619208,-0.0513621495352,-31.1229240703,-20.4207468628,-0.334324767016,-20.7550716298
-36.6,-40,0,-40,-43.6798429876,-0.038338035794,-43.7181810233,-31.0731693045,-0.0513404820156,-31.1245097865,-20.4151786457,-0.333097305888,-20.7482759516
-36.56,-40,0,-40,-43.6737825605,-0.0381539716544,-43.7119365322,-31.0747958427,-0.0513185643449,-31.126114407,-20.4096625077,-0.331867056994,-20.7415295647
-36.52,-40,0,-40,-43.6677648728,-0.0379695334565,-43.7057344063,-31.0764415401,-0.0512963967432,-31.1277379369,-20.4041983566,-0.330634050822,-20.7348324074
-36.48,-40,0,-40,-43.6617898905,-0.0377847253042,-43.6995746158,-31.0781064015,-0.0512739794332,-31.1293803809,-20.3987861004,-0.329398317905,-20.7281844183
-36.44,-40,0,-40,-43.6558575798,-0.0375995513081,-43.6934571311,-31.0797904316,-0.0512513126398,-31.1310417443,-20.3934256474,-0.328159888817,-20.7215855362
-36.4,-40,0,-40,-43.6499679068,-0.0374140155853,-43.6873819224,-31.0814936354,-0.0512283965908,-31.1327220319,-20.3881169061,-0.326918794175,-20.7150357003
-36.36,-40,0,-40,-43.6441208377,-0.037228122259,-43.6813489599,-31.0832160176,-0.0512052315162,-31.1344212491,-20.3828597853,-0.325675064633,-20.7085348499
-36.32,-40,0,-40,-43.6383163386,-0.0370418754586,-43.6753582141,-31.0849575832,-0.0511818176487,-31.1361394009,-20.3776541938,-0.324428730886,-20.7020829247
-36.28,-40,0,-40,-43.6325543757,-0.0368552793197,-43.669409655,-31.0867183374,-0.0511581552234,-31.1378764926,-20.372500041,-0.323179823666,-20.6956798646
-36.24,-40,0,-40,-43.6268349152,-0.0366683379835,-43.6635032531,-31.088498285,-0.0511342444779,-31.1396325295,-20.3673972362,-0.321928373741,-20.68932561
-36.2,-40,0,-40,-43.6211579231,-0.0364810555971,-43.6576389787,-31.0902974314,-0.0511100856523,-31.141407517,-20.3623456893,-0.320674411914,-20.6830201012
-36.16,-40,0,-40,-43.6155233657,-0.0362934363133,-43.651816802,-31.0921157815,-0.0510856789891,-31.1432014605,-20.35734531,-0.319417969023,-20.6767632791
-36.12,-40,0,-40,-43.6099312091,-0.0361054842902,-43.6460366934,-31.0939533408,-0.0510610247334,-31.1450143655,-20.3523960087,-0.318159075937,-20.6705550846
-36.08,-40,0,-40,-43.6043814195,-0.0359172036912,-43.6402986232,-31.0958101144,-0.0510361231327,-31.1468462375,-20.3474976956,-0.316897763559,-20.6643954592
-36.04,-40,0,-40,-43.5988739631,-0.0357285986853,-43.6346025618,-31.0976861078,-0.0510109744372,-31.1486970822,-20.3426502815,-0.315634062821,-20.6582843444
-36,-40,0,-40,-43.593408806,-0.0355396734461,-43.6289484795,-31.0995813262,-0.0509855788992,-31.1505669051,-20.3378536773,-0.314368004685,-20.652221682
-35.96,-40,0,-40,-43.5879859145,-0.0353504321525,-43.6233363467,-31.1014957753,-0.0509599367737,-31.1524557121,-20.333107794,-0.313099620141,-20.6462074141
-35.92,-40,0,-40,-43.5826052548,-0.0351608789879,-43.6177661338,-31.1034294605,-0.0509340483183,-31.1543635088,-20.328412543,-0.311828940205,-20.6402414832
-35.88,-40,0,-40,-43.577266793,-0.0349710181406,-43.6122378112,-31.1053823873,-0.0509079137927,-31.1562903011,-20.3237678359,-0.310555995921,-20.6343238318
-35.84,-40,0,-40,-43.5719704954,-0.0347808538035,-43.6067513492,-31.1073545615,-0.0508815334595,-31.1582360949,-20.3191735845,-0.309280818357,-20.6284544029
-35.8,-40,0,-40,-43.5667163283,-0.0345903901736,-43.6013067185,-31.1093459886,-0.0508549075833,-31.1602008962,-20.314629701,-0.308003438603,-20.6226331396
-35.76,-40,0,-40,-43.5615042579,-0.0343996314524,-43.5959038893,-31.1113566745,-0.0508280364316,-31.1621847109,-20.3101360976,-0.306723887774,-20.6168599854
-35.72,-40,0,-40,-43.5563342503,-0.0342085818455,-43.5905428322,-31.1133866249,-0.050800920274,-31.1641875451,-20.3056926869,-0.305442197004,-20.6111348839
-35.68,-40,0,-40,-43.5512062721,-0.0340172455624,-43.5852235176,-31.1154358456,-0.0507735593829,-31.166209405,-20.3012993816,-0.304158397448,-20.605457779
-35.64,-40,0,-40,-43.5461202893,-0.0338256268166,-43.5799459161,-31.1175043427,-0.0507459540328,-31.1682502967,-20.2969560947,-0.302872520281,-20.599828615
-35.6,-40,0,-40,-43.5410762683,-0.0336337298253,-43.5747099981,-31.119592122,-0.0507181045009,-31.1703102265,-20.2926627396,-0.301584596695,-20.5942473363
-35.56,-40,0,-40,-43.5360741754,-0.0334415588092,-43.5695157342,-31.1216991896,-0.0506900110667,-31.1723892007,-20.2884192296,-0.300294657898,-20.5887138875
-35.52,-40,0,-40,-43.531113977,-0.0332491179925,-43.564363095,-31.1238255515,-0.0506616740123,-31.1744872256,-20.2842254786,-0.299002735115,-20.5832282137
-35.48,-40,0,-40,-43.5261956394,-0.0330564116027,-43.559252051,-31.125971214,-0.050633093622,-31.1766043076,-20.2800814004,-0.297708859584,-20.57779026
-35.44,-40,0,-40,-43.521319129,-0.0328634438706,-43.5541825729,-31.1281361831,-0.0506042701828,-31.1787404532,-20.2759869092,-0.296413062558,-20.5723999718
-35.4,-40,0,-40,-43.5164844121,-0.03267021903,-43.5491546311,-31.1303204651,-0.0505752039839,-31.1808956691,-20.2719419196,-0.295115375301,-20.5670572949
-35.36,-40,0,-40,-43.5116914552,-0.0324767413174,-43.5441681965,-31.1325240663,-0.0505458953172,-31.1830699616,-20.267946346,-0.293815829088,-20.5617621751
-35.32,-40,0,-40,-43.5069402246,-0.0322830149725,-43.5392232396,-31.1347469931,-0.0505163444768,-31.1852633376,-20.2640001035,-0.292514455205,-20.5565145587
-35.28,-40,0,-40,-43.5022306868,-0.0320890442373,-43.5343197311,-31.1369892519,-0.0504865517592,-31.1874758037,-20.2601031071,-0.291211284946,-20.551314392
-35.24,-40,0,-40,-43.4975628083,-0.0318948333563,-43.5294576417,-31.1392508492,-0.0504565174635,-31.1897073667,-20.2562552721,-0.289906349612,-20.5461616218
-35.2,-40,0,-40,-43.4929365556,-0.0317003865768,-43.5246369421,-31.1415317915,-0.0504262418912,-31.1919580334,-20.2524565143,-0.288599680512,-20.5410561948
-35.16,-40,0,-40,-43.488351895,-0.0315057081477,-43.5198576032,-31.1438320854,-0.0503957253461,-31.1942278107,-20.2487067494,-0.287291308961,-20.5359980583
-35.12,-40,0,-40,-43.4838087932,-0.0313108023206,-43.5151195955,-31.1461517374,-0.0503649681344,-31.1965167056,-20.2450058934,-0.285981266275,-20.5309871596
-35.08,-40,0,-40,-43.4793072167,-0.0311156733487,-43.51042289,-31.1484907544,-0.0503339705649,-31.198824725,-20.2413538626,-0.284669583777,-20.5260234464
-35.04,-40,0,-40,-43.474847132,-0.0309203254872,-43.5057674575,-31.1508491431,-0.0503027329485,-31.2011518761,-20.2377505736,-0.283356292791,-20.5211068664
-35,-40,0,-40,-43.4704285057,-0.0307247629928,-43.5011532687,-31.1532269103,-0.0502712555989,-31.2034981659,-20.2341959431,-0.282041424642,-20.5162373677
-34.96,-40,0,-40,-43.4660513044,-0.0305289901241,-43.4965802946,-31.1556240628,-0.0502395388318,-31.2058636016,-20.230689888,-0.280725010653,-20.5114148987
-34.92,-40,0,-40,-43.4617154948,-0.0303330111408,-43.492048506,-31.1580406075,-0.0502075829656,-31.2082481905,-20.2272323257,-0.279407082149,-20.5066394078
-34.88,-40,0,-40,-43.4574210435,-0.0301368303041,-43.4875578738,-31.1604765516,-0.0501753883208,-31.2106519399,-20.2238231735,-0.278087670451,-20.5019108439
-34.84,-40,0,-40,-43.4531679171,-0.0299404518763,-43.4831083689,-31.1629319019,-0.0501429552206,-31.2130748571,-20.2204623491,-0.276766806877,-20.4972291559
-34.8,-40,0,-40,-43.4489560823,-0.0297438801206,-43.4786999624,-31.1654066656,-0.0501102839905,-31.2155169496,-20.2171497703,-0.275444522741,-20.4925942931
-34.76,-40,0,-40,-43.4447855059,-0.0295471193014,-43.4743326252,-31.1679008499,-0.0500773749581,-31.2179782248,-20.2138853555,-0.27412084935,-20.4880062048
-34.72,-40,0,-40,-43.4406561545,-0.0293501736834,-43.4700063282,-31.1704144619,-0.0500442284538,-31.2204586903,-20.2106690228,-0.272795818007,-20.4834648408
-34.68,-40,0,-40,-43.4365679951,-0.0291530475324,-43.4657210426,-31.1729475089,-0.0500108448102,-31.2229583537,-20.2075006908,-0.271469460006,-20.4789701508
-34.64,-40,0,-40,-43.4325209942,-0.0289557451144,-43.4614767393,-31.1754999982,-0.049977224362,-31.2254772226,-20.2043802785,-0.270141806631,-20.4745220851
-34.6,-40,0,-40,-43.4285151188,-0.0287582706958,-43.4572733895,-31.1780719373,-0.0499433674468,-31.2280153047,-20.2013077048,-0.268812889158,-20.470120594
-34.56,-40,0,-40,-43.4245503356,-0.0285606285432,-43.4531109642,-31.1806633335,-0.0499092744041,-31.2305726079,-20.198282889,-0.267482738853,-20.4657656279
-34.52,-40,0,-40,-43.4206266116,-0.0283628229234,-43.4489894346,-31.1832741944,-0.049874945576,-31.2331491399,-20.1953057507,-0.266151386966,-20.4614571377
-34.48,-40,0,-40,-43.4167439136,-0.028164858103,-43.4449087718,-31.1859045274,-0.049840381307,-31.2357449087,-20.1923762095,-0.264818864739,-20.4571950742
-34.44,-40,0,-40,-43.4129022086,-0.0279667383485,-43.4408689469,-31.1885543403,-0.0498055819437,-31.2383599222,-20.1894941854,-0.263485203397,-20.4529793888
-34.4,-40,0,-40,-43.4091014634,-0.027768467926,-43.4368699313,-31.1912236406,-0.0497705478352,-31.2409941884,-20.1866595986,-0.26215043415,-20.4488100327
-34.36,-40,0,-40,-43.405341645,-0.0275700511013,-43.4329116961,-31.1939124361,-0.0497352793331,-31.2436477154,-20.1838723694,-0.260814588194,-20.4446869576
-34.32,-40,0,-40,-43.4016227204,-0.0273714921394,-43.4289942125,-31.1966207345,-0.0496997767911,-31.2463205113,-20.1811324186,-0.259477696705,-20.4406101153
-34.28,-40,0,-40,-43.3979446566,-0.0271727953049,-43.4251174519,-31.1993485438,-0.0496640405653,-31.2490125843,-20.178439667,-0.258139790843,-20.4365794579
-34.24,-40,0,-40,-43.3943074206,-0.0269739648611,-43.4212813855,-31.2020958717,-0.0496280710143,-31.2517239427,-20.1757940357,-0.256800901747,-20.4325949374
-34.2,-40,0,-40,-43.3907109795,-0.0267750050707,-43.4174859846,-31.2048627263,-0.0495918684987,-31.2544545948,-20.1731954459,-0.255461060538,-20.4286565065
-34.16,-40,0,-40,-43.3871553005,-0.0265759201952,-43.4137312206,-31.2076491156,-0.0495554333819,-31.2572045489,-20.1706438193,-0.254120298313,-20.4247641176
-34.12,-40,0,-40,-43.3836403505,-0.0263767144946,-43.410017065,-31.2104550475,-0.0495187660291,-31.2599738136,-20.1681390775,-0.252778646149,-20.4209177237
-34.08,-40,0,-40,-43.3801660967,-0.0261773922279,-43.4063434889,-31.2132805303,-0.0494818668081,-31.2627623971,-20.1656811427,-0.251436135098,-20.4171172778
-34.04,-40,0,-40,-43.3767325064,-0.0259779576522,-43.402710464,-31.2161255721,-0.0494447360892,-31.2655703082,-20.1632699368,-0.250092796188,-20.413362733
-34,-40,0,-40,-43.3733395466,-0.0257784150232,-43.3991179616,-31.2189901812,-0.0494073742446,-31.2683975555,-20.1609053825,-0.248748660423,-20.409654043
-33.96,-40,0,-40,-43.3699871846,-0.0255787685948,-43.3955659532,-31.2218743658,-0.049369781649,-31.2712441475,-20.1585874024,-0.247403758779,-20.4059911612
-33.92,-40,0,-40,-43.3666753877,-0.0253790226188,-43.3920544103,-31.2247781344,-0.0493319586796,-31.274110093,-20.1563159193,-0.246058122205,-20.4023740415
-33.88,-40,0,-40,-43.3634041231,-0.0251791813453,-43.3885833044,-31.2277014952,-0.0492939057155,-31.2769954009,-20.1540908563,-0.244711781621,-20.3988026379
-33.84,-40,0,-40,-43.3601733581,-0.0249792490218,-43.3851526071,-31.2306444568,-0.0492556231384,-31.27990008,-20.1519121367,-0.24336476792,-20.3952769046
-33.8,-40,0,-40,-43.35698306,-0.0247792298938,-43.3817622899,-31.2336070278,-0.0492171113323,-31.2828241391,-20.1497796841,-0.242017111962,-20.3917967961
-33.76,-40,0,-40,-43.3538331961,-0.0245791282042,-43.3784123243,-31.2365892166,-0.0491783706832,-31.2857675873,-20.1476934223,-0.240668844576,-20.3883622669
-33.72,-40,0,-40,-43.3507237339,-0.0243789481934,-43.3751026821,-31.239591032,-0.0491394015797,-31.2887304335,-20.1456532752,-0.23931999656,-20.3849732718
-33.68,-40,0,-40,-43.3476546407,-0.0241786940991,-43.3718333348,-31.2426124825,-0.0491002044126,-31.291712687,-20.1436591671,-0.237970598677,-20.3816297657
-33.64,-40,0,-40,-43.344625884,-0.0239783701561,-43.3686042542,-31.2456535771,-0.0490607795748,-31.2947143567,-20.1417110222,-0.236620681658,-20.3783317039
-33.6,-40,0,-40,-43.3416374312,-0.0237779805963,-43.3654154118,-31.2487143245,-0.0490211274617,-31.297735452,-20.1398087654,-0.235270276196,-20.3750790416
-33.56,-40,0,-40,-43.3386892497,-0.0235775296485,-43.3622667793,-31.2517947335,-0.0489812484709,-31.300775982,-20.1379523214,-0.233919412949,-20.3718717343
-33.52,-40,0,-40,-43.3357813071,-0.0233770215382,-43.3591583286,-31.2548948132,-0.0489411430021,-31.3038359562,-20.1361416153,-0.232568122538,-20.3687097378
-33.48,-40,0,-40,-43.3329135708,-0.0231764604876,-43.3560900313,-31.2580145724,-0.0489008114575,-31.3069153839,-20.1343765724,-0.231216435546,-20.3655930079
-33.44,-40,0,-40,-43.3300860085,-0.0229758507155,-43.3530618593,-31.2611540203,-0.0488602542414,-31.3100142746,-20.1326571182,-0.229864382515,-20.3625215007
-33.4,-40,0,-40,-43.3272985877,-0.0227751964368,-43.3500737842,-31.264313166,-0.0488194717605,-31.3131326377,-20.1309831785,-0.22851199395,-20.3594951724
-33.36,-40,0,-40,-43.324551276,-0.0225745018631,-43.3471257779,-31.2674920185,-0.0487784644236,-31.3162704829,-20.1293546791,-0.227159300312,-20.3565139794
-33.32,-40,0,-40,-43.321844041,-0.0223737712017,-43.3442178122,-31.2706905871,-0.0487372326417,-31.3194278198,-20.1277715463,-0.225806332023,-20.3535778783
-33.28,-40,0,-40,-43.3191768504,-0.0221730086562,-43.3413498591,-31.2739088812,-0.0486957768283,-31.322604658,-20.1262337064,-0.224453119458,-20.3506868258
-33.24,-40,0,-40,-43.3165496718,-0.0219722184259,-43.3385218902,-31.27714691,-0.0486540973988,-31.3258010074,-20.1247410859,-0.223099692952,-20.3478407789
-33.2,-40,0,-40,-43.3139624729,-0.0217714047058,-43.3357338776,-31.2804046829,-0.0486121947711,-31.3290168777,-20.1232936118,-0.221746082793,-20.3450396946
-33.16,-40,0,-40,-43.3114152215,-0.0215705716867,-43.3329857932,-31.2836822094,-0.0485700693652,-31.3322522788,-20.121891211,-0.220392319225,-20.3422835302
-33.12,-40,0,-40,-43.3089078852,-0.0213697235548,-43.3302776088,-31.2869794991,-0.0485277216034,-31.3355072207,-20.1205338107,-0.219038432443,-20.3395722432
-33.08,-40,0,-40,-43.3064404319,-0.0211688644916,-43.3276092964,-31.2902965613,-0.04848515191,-31.3387817133,-20.1192213384,-0.217684452597,-20.336905791
-33.04,-40,0,-40,-43.3040128293,-0.0209679986738,-43.3249808279,-31.2936334059,-0.0484423607118,-31.3420757666,-20.1179537218,-0.216330409787,-20.3342841316
-33,-40,0,-40,-43.3016250452,-0.0207671302735,-43.3223921755,-31.2969900425,-0.0483993484376,-31.3453893909,-20.1167308886,-0.214976334065,-20.3317072227
-32.96,-40,0,-40,-43.2992770475,-0.0205662634574,-43.3198433109,-31.3003664808,-0.0483561155185,-31.3487225963,-20.115552767,-0.21362225543,-20.3291750224
-32.92,-40,0,-40,-43.296968804,-0.0203654023872,-43.3173342063,-31.3037627306,-0.0483126623879,-31.352075393,-20.1144192852,-0.212268203832,-20.3266874891
-32.88,-40,0,-40,-43.2947002825,-0.0201645512194,-43.3148648337,-31.3071788018,-0.0482689894811,-31.3554477913,-20.1133303718,-0.21091420917,-20.324244581
-32.84,-40,0,-40,-43.2924714511,-0.0199637141051,-43.3124351652,-31.3106147043,-0.0482250972358,-31.3588398016,-20.1122859555,-0.209560301287,-20.3218462568
-32.8,-40,0,-40,-43.2902822775,-0.0197628951896,-43.3100451727,-31.3140704481,-0.048180986092,-31.3622514342,-20.1112859651,-0.208206509975,-20.3194924751
-32.76,-40,0,-40,-43.2881327298,-0.019562098613,-43.3076948284,-31.3175460433,-0.0481366564915,-31.3656826998,-20.1103303298,-0.206852864969,-20.3171831948
-32.72,-40,0,-40,-43.2860227758,-0.0193613285093,-43.3053841044,-31.3210414998,-0.0480921088786,-31.3691336087,-20.1094189789,-0.205499395951,-20.3149183749
-32.68,-40,0,-40,-43.2839523837,-0.0191605890067,-43.3031129727,-31.3245568279,-0.0480473436997,-31.3726041716,-20.108551842,-0.204146132543,-20.3126979745
-32.64,-40,0,-40,-43.2819215213,-0.0189598842273,-43.3008814055,-31.3280920379,-0.0480023614034,-31.3760943993,-20.1077288487,-0.202793104314,-20.310521953
-32.6,-40,0,-40,-43.2799301566,-0.0187592182871,-43.2986893749,-31.3316471398,-0.0479571624402,-31.3796043023,-20.1069499291,-0.201440340771,-20.3083902698
-32.56,-40,0,-40,-43.2779782578,-0.018558595296,-43.2965368531,-31.3352221442,-0.0479117472632,-31.3831338915,-20.1062150132,-0.200087871365,-20.3063028846
-32.52,-40,0,-40,-43.2760657928,-0.0183580193572,-43.2944238122,-31.3388170614,-0.0478661163272,-31.3866831777,-20.1055240315,-0.198735725485,-20.304259757
-32.48,-40,0,-40,-43.2741927298,-0.0181574945677,-43.2923502243,-31.3424319018,-0.0478202700895,-31.3902521718,-20.1048769146,-0.19738393246,-20.302260847
-32.44,-40,0,-40,-43.2723590368,-0.0179570250176,-43.2903160618,-31.3460666759,-0.0477742090093,-31.3938408849,-20.104273593,-0.196032521557,-20.3003061146
-32.4,-40,0,-40,-43.2705646819,-0.0177566147902,-43.2883212967,-31.3497213943,-0.0477279335481,-31.3974493278,-20.1037139979,-0.194681521982,-20.2983955199
-32.36,-40,0,-40,-43.2688096332,-0.0175562679623,-43.2863659012,-31.3533960676,-0.0476814441695,-31.4010775118,-20.1031980604,-0.193330962877,-20.2965290233
-32.32,-40,0,-40,-43.267093859,-0.0173559886034,-43.2844498476,-31.3570907066,-0.0476347413391,-31.4047254479,-20.1027257119,-0.191980873319,-20.2947065852
-32.28,-40,0,-40,-43.2654173273,-0.0171557807758,-43.2825731081,-31.3608053219,-0.0475878255248,-31.4083931474,-20.1022968839,-0.190631282321,-20.2929281662
-32.24,-40,0,-40,-43.2637800063,-0.0169556485347,-43.2807356548,-31.3645399243,-0.0475406971965,-31.4120806215,-20.1019115082,-0.189282218831,-20.2911937271
-32.2,-40,0,-40,-43.2621818642,-0.016755595928,-43.2789374602,-31.3682945248,-0.0474933568263,-31.4157878816,-20.1015695168,-0.18793371173,-20.2895032286
-32.16,-40,0,-40,-43.2606228692,-0.0165556269961,-43.2771784962,-31.3720691342,-0.0474458048884,-31.4195149391,-20.1012708419,-0.18658578983,-20.2878566317
-32.12,-40,0,-40,-43.2591029896,-0.0163557457715,-43.2754587353,-31.3758637635,-0.0473980418589,-31.4232618054,-20.1010154157,-0.185238481878,-20.2862538976
-32.08,-40,0,-40,-43.2576221934,-0.0161559562793,-43.2737781497,-31.3796784238,-0.0473500682163,-31.427028492,-20.1008031709,-0.18389181655,-20.2846949875
-32.04,-40,0,-40,-43.2561804491,-0.0159562625367,-43.2721367116,-31.3835131261,-0.047301884441,-31.4308150105,-20.1006340403,-0.182545822452,-20.2831798627
-32,-40,0,-40,-43.2547777248,-0.0157566685528,-43.2705343933,-31.3873678816,-0.0472534910156,-31.4346213726,-20.1005079567,-0.181200528122,-20.2817084848
-31.96,-40,0,-40,-43.2534139888,-0.0155571783288,-43.2689711671,-31.3912427015,-0.0472048884247,-31.4384475899,-20.1004248533,-0.179855962023,-20.2802808154
-31.92,-40,0,-40,-43.2520892093,-0.0153577958575,-43.2674470052,-31.3951375971,-0.047156077155,-31.4422936742,-20.1003846636,-0.17851215255,-20.2788968161
-31.88,-40,0,-40,-43.2508033547,-0.0151585251237,-43.2659618798,-31.3990525797,-0.0471070576953,-31.4461596374,-20.1003873209,-0.177169128023,-20.2775564489
-31.84,-40,0,-40,-43.2495563933,-0.0149593701033,-43.2645157634,-31.4029876607,-0.0470578305364,-31.4500454913,-20.1004327591,-0.175826916688,-20.2762596757
-31.8,-40,0,-40,-43.2483482933,-0.0147603347641,-43.2631086281,-31.4069428517,-0.0470083961713,-31.4539512478,-20.100520912,-0.174485546717,-20.2750064587
-31.76,-40,0,-40,-43.2471790231,-0.014561423065,-43.2617404462,-31.4109181639,-0.0469587550949,-31.457876919,-20.1006517138,-0.173145046208,-20.27379676
-31.72,-40,0,-40,-43.246048551,-0.0143626389562,-43.26041119,-31.4149136092,-0.0469089078043,-31.461822517,-20.1008250987,-0.171805443183,-20.2726305419
-31.68,-40,0,-40,-43.2449568453,-0.014163986379,-43.2591208317,-31.418929199,-0.0468588547984,-31.4657880538,-20.1010410013,-0.170466765587,-20.2715077669
-31.64,-40,0,-40,-43.2439038744,-0.0139654692655,-43.2578693437,-31.4229649451,-0.0468085965785,-31.4697735417,-20.1012993563,-0.169129041286,-20.2704283976
-31.6,-40,0,-40,-43.2428896067,-0.0137670915391,-43.2566566982,-31.4270208592,-0.0467581336477,-31.4737789928,-20.1016000984,-0.16779229807,-20.2693923965
-31.56,-40,0,-40,-43.2419140103,-0.0135688571135,-43.2554828675,-31.4310969531,-0.0467074665111,-31.4778044196,-20.1019431628,-0.166456563651,-20.2683997265
-31.52,-40,0,-40,-43.2409770538,-0.0133707698933,-43.2543478237,-31.4351932388,-0.0466565956761,-31.4818498344,-20.1023284847,-0.165121865659,-20.2674503504
-31.48,-40,0,-40,-43.2400787055,-0.0131728337736,-43.2532515393,-31.439309728,-0.0466055216517,-31.4859152497,-20.1027559996,-0.163788231646,-20.2665442312
-31.44,-40,0,-40,-43.2392189337,-0.01297505264,-43.2521939864,-31.4434464329,-0.0465542449493,-31.4900006778,-20.103225643,-0.162455689081,-20.265681332
-31.4,-40,0,-40,-43.2383977069,-0.0127774303683,-43.2511751372,-31.4476033654,-0.046502766082,-31.4941061315,-20.1037373506,-0.161124265353,-20.264861616
-31.36,-40,0,-40,-43.2376149933,-0.0125799708244,-43.2501949641,-31.4517805377,-0.0464510855653,-31.4982316232,-20.1042910586,-0.159793987768,-20.2640850464
-31.32,-40,0,-40,-43.2368707613,-0.0123826778645,-43.2492534392,-31.4559779619,-0.0463992039163,-31.5023771658,-20.1048867031,-0.158464883549,-20.2633515866
-31.28,-40,0,-40,-43.2361649794,-0.0121855553347,-43.2483505348,-31.4601956502,-0.0463471216543,-31.5065427719,-20.1055242204,-0.157136979835,-20.2626612002
-31.24,-40,0,-40,-43.2354976159,-0.0119886070709,-43.247486223,-31.464433615,-0.0462948393005,-31.5107284543,-20.1062035469,-0.15581030368,-20.2620138506
-31.2,-40,0,-40,-43.2348686392,-0.0117918368989,-43.2466604761,-31.4686918686,-0.0462423573782,-31.5149342259,-20.1069246195,-0.154484882055,-20.2614095016
-31.16,-40,0,-40,-43.2342780176,-0.0115952486339,-43.2458732662,-31.4729704233,-0.0461896764125,-31.5191600997,-20.107687375,-0.153160741843,-20.2608481168
-31.12,-40,0,-40,-43.2337257195,-0.011398846081,-43.2451245656,-31.4772692917,-0.0461367969308,-31.5234060886,-20.1084917504,-0.151837909841,-20.2603296602
-31.08,-40,0,-40,-43.2332117133,-0.0112026330344,-43.2444143463,-31.4815884863,-0.046083719462,-31.5276722057,-20.109337683,-0.15051641276,-20.2598540958
-31.04,-40,0,-40,-43.2327359673,-0.0110066132777,-43.2437425806,-31.4859280196,-0.0460304445373,-31.5319584641,-20.1102251102,-0.149196277222,-20.2594213874
-31,-40,0,-40,-43.23229845,-0.010810790584,-43.2431092406,-31.4902879043,-0.0459769726899,-31.536264877,-20.1111539695,-0.14787752976,-20.2590314992
-30.96,-40,0,-40,-43.2318991296,-0.010615168715,-43.2425142983,-31.4946681531,-0.0459233044546,-31.5405914576,-20.1121241987,-0.146560196819,-20.2586843955
-30.92,-40,0,-40,-43.2315379745,-0.0104197514218,-43.2419577259,-31.4990687788,-0.0458694403685,-31.5449382192,-20.1131357357,-0.145244304755,-20.2583800405
-30.88,-40,0,-40,-43.231214953,-0.0102245424443,-43.2414394955,-31.5034897942,-0.0458153809704,-31.5493051752,-20.1141885187,-0.143929879832,-20.2581183985
-30.84,-40,0,-40,-43.2309300336,-0.0100295455111,-43.2409595791,-31.5079312121,-0.0457611268013,-31.5536923389,-20.1152824858,-0.142616948222,-20.2578994341
-30.8,-40,0,-40,-43.2306831844,-0.00983476433949,-43.2405179488,-31.5123930456,-0.0457066784038,-31.558099724,-20.1164175756,-0.141305536008,-20.2577231116
-30.76,-40,0,-40,-43.2304743739,-0.00964020263551,-43.2401145765,-31.5168753075,-0.0456520363227,-31.5625273438,-20.1175937266,-0.139995669179,-20.2575893958
-30.72,-40,0,-40,-43.2303035703,-0.00944586409349,-43.2397494344,-31.521378011,-0.0455972011046,-31.5669752122,-20.1188108776,-0.138687373631,-20.2574982512
-30.68,-40,0,-40,-43.2301707419,-0.00925175239622,-43.2394224943,-31.5259011693,-0.0455421732979,-31.5714433426,-20.1200689675,-0.137380675167,-20.2574496427
-30.64,-40,0,-40,-43.2300758571,-0.00905787121472,-43.2391337283,-31.5304447954,-0.0454869534531,-31.5759317488,-20.1213679355,-0.136075599496,-20.257443535
-30.6,-40,0,-40,-43.230018884,-0.00886422420822,-43.2388831082,-31.5350089026,-0.0454315421225,-31.5804404447,-20.1227077207,-0.134772172231,-20.2574798929
-30.56,-40,0,-40,-43.229999791,-0.00867081502396,-43.238670606,-31.5395935042,-0.0453759398604,-31.584969444,-20.1240882627,-0.133470418891,-20.2575586816
-30.52,-40,0,-40,-43.2300185463,-0.0084776472972,-43.2384961936,-31.5441986136,-0.0453201472228,-31.5895187608,-20.1255095009,-0.132170364898,-20.2576798658
-30.48,-40,0,-40,-43.2300751181,-0.00828472465102,-43.2383598427,-31.5488242442,-0.0452641647677,-31.5940884089,-20.1269713753,-0.130872035578,-20.2578434108
-30.44,-40,0,-40,-43.2301694746,-0.00809205069629,-43.2382615253,-31.5534704094,-0.045207993055,-31.5986784025,-20.1284738255,-0.129575456159,-20.2580492817
-30.4,-40,0,-40,-43.230301584,-0.00789962903151,-43.2382012131,-31.5581371229,-0.0451516326464,-31.6032887556,-20.1300167919,-0.128280651772,-20.2582974436
-30.36,-40,0,-40,-43.2304714146,-0.00770746324277,-43.2381788778,-31.5628243982,-0.0450950841055,-31.6079194823,-20.1316002145,-0.126987647449,-20.2585878619
-30.32,-40,0,-40,-43.2306789344,-0.00751555690363,-43.2381944913,-31.567532249,-0.0450383479978,-31.612570597,-20.1332240337,-0.125696468125,-20.2589205018
-30.28,-40,0,-40,-43.2309241116,-0.00732391357498,-43.2382480252,-31.572260689,-0.0449814248907,-31.6172421139,-20.1348881901,-0.124407138633,-20.2592953287
-30.24,-40,0,-40,-43.2312069143,-0.007132536805,-43.2383394511,-31.5770097319,-0.0449243153531,-31.6219340473,-20.1365926243,-0.123119683706,-20.259712308
-30.2,-40,0,-40,-43.2315273106,-0.00694143012905,-43.2384687408,-31.5817793917,-0.0448670199562,-31.6266464117,-20.1383372773,-0.121834127979,-20.2601714053
-30.16,-40,0,-40,-43.2318852686,-0.00675059706955,-43.2386358657,-31.5865696822,-0.0448095392728,-31.6313792215,-20.14012209,-0.120550495983,-20.2606725859
-30.12,-40,0,-40,-43.2322807564,-0.0065600411359,-43.2388407975,-31.5913806174,-0.0447518738776,-31.6361324913,-20.1419470034,-0.119268812148,-20.2612158156
-30.08,-40,0,-40,-43.2327137419,-0.00636976582437,-43.2390835077,-31.5962122112,-0.0446940243469,-31.6409062356,-20.1438119591,-0.117989100804,-20.2618010599
-30.04,-40,0,-40,-43.2331841931,-0.00617977461805,-43.2393639677,-31.6010644779,-0.0446359912593,-31.6457004692,-20.1457168983,-0.116711386175,-20.2624282844
-30,-40,0,-40,-43.2336920781,-0.00599007098668,-43.2396821491,-31.6059374315,-0.0445777751947,-31.6505152067,-20.1476617626,-0.115435692384,-20.263097455
-29.96,-40,0,-40,-43.2342373647,-0.00580065838664,-43.2400380231,-31.6108310861,-0.0445193767351,-31.6553504629,-20.1496464938,-0.114162043448,-20.2638085373
-29.92,-40,0,-40,-43.2348200209,-0.00561154026078,-43.2404315611,-31.6157454562,-0.0444607964643,-31.6602062527,-20.1516710338,-0.112890463281,-20.2645614971
-29.88,-40,0,-40,-43.2354400145,-0.0054227200384,-43.2408627346,-31.6206805559,-0.0444020349677,-31.6650825909,-20.1537353245,-0.111620975693,-20.2653563002
-29.84,-40,0,-40,-43.2360973135,-0.00523420113507,-43.2413315146,-31.6256363998,-0.0443430928326,-31.6699794926,-20.1558393082,-0.110353604386,-20.2661929126
-29.8,-40,0,-40,-43.2367918855,-0.00504598695264,-43.2418378725,-31.6306130021,-0.0442839706482,-31.6748969728,-20.157982927,-0.109088372959,-20.2670713
-29.76,-40,0,-40,-43.2375236985,-0.00485808087907,-43.2423817793,-31.6356103775,-0.0442246690053,-31.6798350465,-20.1601661236,-0.107825304902,-20.2679914285
-29.72,-40,0,-40,-43.2382927201,-0.00467048628837,-43.2429632064,-31.6406285404,-0.0441651884965,-31.6847937289,-20.1623888403,-0.1065644236,-20.2689532639
-29.68,-40,0,-40,-43.239098918,-0.00448320654052,-43.2435821246,-31.6456675055,-0.0441055297162,-31.6897730352,-20.16465102,-0.105305752329,-20.2699567723
-29.64,-40,0,-40,-43.23994226,-0.00429624498136,-43.244238505,-31.6507272875,-0.0440456932607,-31.6947729808,-20.1669526055,-0.104049314259,-20.2710019197
-29.6,-40,0,-40,-43.2408227137,-0.00410960494249,-43.2449323186,-31.6558079011,-0.0439856797277,-31.6997935808,-20.1692935397,-0.102795132449,-20.2720886721
-29.56,-40,0,-40,-43.2417402467,-0.00392328974124,-43.2456635364,-31.6609093611,-0.043925489717,-31.7048348508,-20.1716737657,-0.101543229852,-20.2732169956
-29.52,-40,0,-40,-43.2426948264,-0.00373730268052,-43.2464321291,-31.6660316823,-0.0438651238299,-31.7098968062,-20.1740932268,-0.10029362931,-20.2743868561
-29.48,-40,0,-40,-43.2436864206,-0.00355164704875,-43.2472380676,-31.6711748798,-0.0438045826696,-31.7149794624,-20.1765518664,-0.0990463535554,-20.27559822
-29.44,-40,0,-40,-43.2447149965,-0.00336632611981,-43.2480813226,-31.6763389684,-0.0437438668409,-31.7200828352,-20.1790496279,-0.0978014252103,-20.2768510531
-29.4,-40,0,-40,-43.2457805217,-0.0031813431529,-43.2489618648,-31.6815239632,-0.0436829769503,-31.7252069401,-20.181586455,-0.0965588667863,-20.2781453218
-29.36,-40,0,-40,-43.2468829635,-0.00299670139249,-43.2498796649,-31.6867298793,-0.0436219136062,-31.7303517929,-20.1841622913,-0.0953187006839,-20.279480992
-29.32,-40,0,-40,-43.2480222893,-0.00281240406821,-43.2508346933,-31.6919567318,-0.0435606774184,-31.7355174092,-20.1867770808,-0.0940809491916,-20.28085803
-29.28,-40,0,-40,-43.2491984663,-0.00262845439481,-43.2518269207,-31.697204536,-0.0434992689989,-31.740703805,-20.1894307675,-0.0928456344862,-20.282276402
-29.24,-40,0,-40,-43.2504114618,-0.00244485557201,-43.2528563174,-31.7024733071,-0.0434376889608,-31.7459109961,-20.1921232954,-0.0916127786319,-20.283736074
-29.2,-40,0,-40,-43.251661243,-0.00226161078451,-43.2539228538,-31.7077630606,-0.0433759379192,-31.7511389985,-20.1948546087,-0.0903824035797,-20.2852370123
-29.16,-40,0,-40,-43.2529477771,-0.0020787232018,-43.2550265003,-31.7130738117,-0.043314016491,-31.7563878281,-20.1976246519,-0.0891545311676,-20.286779183
-29.12,-40,0,-40,-43.254271031,-0.00189619597815,-43.256167227,-31.7184055759,-0.0432519252945,-31.7616575012,-20.2004333693,-0.0879291831196,-20.2883625524
-29.08,-40,0,-40,-43.2556309719,-0.00171403225252,-43.2573450041,-31.7237583687,-0.0431896649499,-31.7669480337,-20.2032807055,-0.0867063810455,-20.2899870865
-29.04,-40,0,-40,-43.2570275666,-0.00153223514848,-43.2585598018,-31.7291322058,-0.0431272360789,-31.7722594419,-20.2061666052,-0.0854861464405,-20.2916527516
-29,-40,0,-40,-43.2584607822,-0.00135080777408,-43.25981159,-31.7345271027,-0.0430646393049,-31.777591742,-20.2090910132,-0.0842685006848,-20.2933595139
-28.96,-40,0,-40,-43.2599305855,-0.00116975322185,-43.2611003387,-31.7399430752,-0.0430018752529,-31.7829449505,-20.2120538743,-0.0830534650431,-20.2951073394
-28.92,-40,0,-40,-43.2614369433,-0.000989074568684,-43.2624260178,-31.745380139,-0.0429389445498,-31.7883190835,-20.2150551337,-0.0818410606644,-20.2968961943
-28.88,-40,0,-40,-43.2629798223,-0.000808774875736,-43.2637885971,-31.7508383098,-0.0428758478237,-31.7937141577,-20.2180947363,-0.0806313085812,-20.2987260449
-28.84,-40,0,-40,-43.2645591891,-0.000628857188392,-43.2651880463,-31.7563176037,-0.0428125857048,-31.7991301894,-20.2211726274,-0.0794242297095,-20.3005968571
-28.8,-40,0,-40,-43.2661750105,-0.000449324536161,-43.2666243351,-31.7618180364,-0.0427491588246,-31.8045671952,-20.2242887524,-0.0782198448485,-20.3025085972
-28.76,-40,0,-40,-43.267827253,-0.000270179932612,-43.2680974329,-31.767339624,-0.0426855678163,-31.8100251919,-20.2274430565,-0.0770181746797,-20.3044612312
-28.72,-40,0,-40,-43.269515883,-9.14263752949e-05,-43.2696073094,-31.7728823826,-0.0426218133148,-31.8155041959,-20.2306354854,-0.0758192397671,-20.3064547251
-28.68,-40,0,-40,-43.2712408669,8.69331543311e-05,-43.2711539338,-31.7784463283,-0.0425578959564,-31.8210042242,-20.2338659846,-0.0746230605562,-20.3084890452
-28.64,-40,0,-40,-43.2730021712,0.000264895690979,-43.2727372755,-31.7840314771,-0.0424938163792,-31.8265252935,-20.2371344999,-0.0734296573745,-20.3105641572
-28.6,-40,0,-40,-43.274799762,0.00044245828559,-43.2743573037,-31.7896378454,-0.0424295752229,-31.8320674206,-20.240440977,-0.0722390504302,-20.3126800274
-28.56,-40,0,-40,-43.2766336056,0.000619618005433,-43.2760139876,-31.7952654494,-0.0423651731286,-31.8376306225,-20.2437853618,-0.0710512598125,-20.3148366216
-28.52,-40,0,-40,-43.2785036681,0.000796371934148,-43.2777072961,-31.8009143055,-0.0423006107391,-31.8432149162,-20.2471676003,-0.069866305491,-20.3170339058
-28.48,-40,0,-40,-43.2804099155,0.000972717171837,-43.2794371983,-31.80658443,-0.0422358886988,-31.8488203187,-20.2505876386,-0.0686842073153,-20.3192718459
-28.44,-40,0,-40,-43.2823523139,0.00114865083513,-43.281203663,-31.8122758395,-0.0421710076535,-31.8544468472,-20.2540454227,-0.0675049850149,-20.3215504078
-28.4,-40,0,-40,-43.2843308291,0.00132417005724,-43.283006659,-31.8179885504,-0.0421059682508,-31.8600945187,-20.2575408991,-0.0663286581986,-20.3238695573
-28.36,-40,0,-40,-43.2863454269,0.00149927198806,-43.2848461549,-31.8237225794,-0.0420407711398,-31.8657633505,-20.2610740139,-0.0651552463542,-20.3262292602
-28.32,-40,0,-40,-43.2883960731,0.00167395379422,-43.2867221193,-31.829477943,-0.0419754169708,-31.87145336,-20.2646447135,-0.0639847688484,-20.3286294823
-28.28,-40,0,-40,-43.2904827333,0.00184821265914,-43.2886345206,-31.835254658,-0.0419099063962,-31.8771645644,-20.2682529445,-0.0628172449262,-20.3310701894
-28.24,-40,0,-40,-43.2926053731,0.0020220457831,-43.2905833274,-31.8410527411,-0.0418442400694,-31.8828969812,-20.2718986533,-0.0616526937107,-20.333551347
-28.2,-40,0,-40,-43.294763958,0.00219545038335,-43.2925685077,-31.8468722092,-0.0417784186457,-31.8886506278,-20.2755817866,-0.0604911342029,-20.3360729208
-28.16,-40,0,-40,-43.2969584534,0.00236842369412,-43.2945900297,-31.852713079,-0.0417124427818,-31.8944255218,-20.2793022912,-0.0593325852812,-20.3386348764
-28.12,-40,0,-40,-43.2991888246,0.00254096296669,-43.2966478616,-31.8585753676,-0.0416463131359,-31.9002216807,-20.2830601137,-0.0581770657011,-20.3412371794
-28.08,-40,0,-40,-43.3014550368,0.00271306546951,-43.2987419713,-31.8644590919,-0.0415800303676,-31.9060391223,-20.2868552009,-0.0570245940951,-20.343879795
-28.04,-40,0,-40,-43.3037570551,0.00288472848821,-43.3008723266,-31.870364269,-0.0415135951381,-31.9118778641,-20.2906874999,-0.0558751889723,-20.3465626889
-28,-40,0,-40,-43.3060948445,0.00305594932565,-43.3030388952,-31.8762909159,-0.0414470081102,-31.917737924,-20.2945569576,-0.0547288687178,-20.3492858263
-27.96,-40,0,-40,-43.3084683701,0.00322672530207,-43.3052416448,-31.8822390498,-0.0413802699479,-31.9236193198,-20.2984635209,-0.0535856515931,-20.3520491725
-27.92,-40,0,-40,-43.3108775965,0.00339705375504,-43.3074805428,-31.888208688,-0.0413133813171,-31.9295220693,-20.302407137,-0.052445555735,-20.3548526928
-27.88,-40,0,-40,-43.3133224887,0.00356693203961,-43.3097555566,-31.8941998477,-0.0412463428846,-31.9354461906,-20.3063877531,-0.0513085991562,-20.3576963522
-27.84,-40,0,-40,-43.3158030111,0.00373635752831,-43.3120666536,-31.9002125463,-0.0411791553193,-31.9413917016,-20.3104053163,-0.0501747997441,-20.360580116
-27.8,-40,0,-40,-43.3183191284,0.00390532761127,-43.3144138008,-31.9062468011,-0.041111819291,-31.9473586204,-20.3144597738,-0.0490441752613,-20.3635039491
-27.76,-40,0,-40,-43.3208708049,0.00407383969621,-43.3167969652,-31.9123026296,-0.0410443354712,-31.9533469651,-20.3185510731,-0.0479167433449,-20.3664678164
-27.72,-40,0,-40,-43.3234580051,0.00424189120855,-43.3192161139,-31.9183800493,-0.040976704533,-31.9593567539,-20.3226791614,-0.0467925215065,-20.3694716829
-27.68,-40,0,-40,-43.326080693,0.00440947959145,-43.3216712134,-31.9244790778,-0.0409089271506,-31.965388005,-20.3268439861,-0.0456715271316,-20.3725155133
-27.64,-40,0,-40,-43.3287388329,0.00457660230586,-43.3241622306,-31.9305997327,-0.0408410039999,-31.9714407367,-20.3310454948,-0.0445537774799,-20.3755992723
-27.6,-40,0,-40,-43.3314323887,0.00474325683061,-43.3266891319,-31.9367420317,-0.0407729357581,-31.9775149674,-20.3352836349,-0.0434392896843,-20.3787229245
-27.56,-40,0,-40,-43.3341613243,0.00490944066241,-43.3292518837,-31.9429059924,-0.0407047231037,-31.9836107156,-20.3395583539,-0.0423280807514,-20.3818864346
-27.52,-40,0,-40,-43.3369256035,0.00507515131595,-43.3318504522,-31.9490916328,-0.0406363667169,-31.9897279995,-20.3438695994,-0.0412201675608,-20.3850897669
-27.48,-40,0,-40,-43.33972519,0.00524038632394,-43.3344848036,-31.9552989706,-0.040567867279,-31.9958668379,-20.348217319,-0.040115566865,-20.3883328859
-27.44,-40,0,-40,-43.3425600472,0.00540514323718,-43.3371549039,-31.9615280238,-0.040499225473,-32.0020272492,-20.3526014604,-0.0390142952894,-20.3916157557
-27.4,-40,0,-40,-43.3454301386,0.00556941962456,-43.339860719,-31.9677788102,-0.0404304419829,-32.0082092522,-20.3570219712,-0.0379163693315,-20.3949383405
-27.36,-40,0,-40,-43.3483354275,0.00573321307317,-43.3426022144,-31.9740513481,-0.0403615174945,-32.0144128655,-20.3614787992,-0.0368218053613,-20.3983006045
-27.32,-40,0,-40,-43.351275877,0.00589652118836,-43.3453793558,-31.9803456553,-0.0402924526946,-32.020638108,-20.365971892,-0.0357306196208,-20.4017025116
-27.28,-40,0,-40,-43.3542514503,0.0060593415937,-43.3481921087,-31.98666175,-0.0402232482717,-32.0268849983,-20.3705011975,-0.0346428282237,-20.4051440257
-27.24,-40,0,-40,-43.3572621102,0.00622167193115,-43.3510404383,-31.9929996505,-0.0401539049154,-32.0331535554,-20.3750666633,-0.0335584471552,-20.4086251105
-27.2,-40,0,-40,-43.3603078195,0.00638350986102,-43.3539243097,-31.999359375,-0.0400844233168,-32.0394437983,-20.3796682374,-0.0324774922723,-20.4121457297
-27.16,-40,0,-40,-43.3633885409,0.00654485306205,-43.3568436879,-32.0057409417,-0.0400148041682,-32.0457557458,-20.3843058675,-0.0313999793029,-20.4157058468
-27.12,-40,0,-40,-43.3665042369,0.00670569923148,-43.3597985377,-32.012144369,-0.0399450481635,-32.0520894172,-20.3889795014,-0.0303259238459,-20.4193054253
-27.08,-40,0,-40,-43.3696548699,0.00686604608506,-43.3627888238,-32.0185696754,-0.0398751559975,-32.0584448314,-20.3936890871,-0.0292553413711,-20.4229444284
-27.04,-40,0,-40,-43.3728404022,0.00702589135712,-43.3658145108,-32.0250168792,-0.0398051283668,-32.0648220076,-20.3984345723,-0.028188247219,-20.4266228195
-27,-40,0,-40,-43.3760607958,0.0071852328006,-43.368875563,-32.0314859991,-0.039734965969,-32.0712209651,-20.4032159048,-0.0271246566005,-20.4303405614
-26.96,-40,0,-40,-43.3793160128,0.00734406818711,-43.3719719446,-32.0379770536,-0.0396646695032,-32.0776417231,-20.4080330327,-0.0260645845966,-20.4340976173
-26.92,-40,0,-40,-43.382606015,0.00750239530698,-43.3751036196,-32.0444900613,-0.0395942396696,-32.084084301,-20.4128859037,-0.0250080461588,-20.4378939499
-26.88,-40,0,-40,-43.385930764,0.00766021196926,-43.378270552,-32.0510250409,-0.0395236771698,-32.090548718,-20.4177744657,-0.0239550561081,-20.4417295218
-26.84,-40,0,-40,-43.3892902214,0.00781751600184,-43.3814727054,-32.0575820111,-0.0394529827068,-32.0970349938,-20.4226986666,-0.0229056291357,-20.4456042958
-26.8,-40,0,-40,-43.3926843486,0.00797430525141,-43.3847100434,-32.0641609908,-0.0393821569847,-32.1035431478,-20.4276584542,-0.0218597798021,-20.449518234
-26.76,-40,0,-40,-43.3961131069,0.00813057758356,-43.3879825293,-32.0707619988,-0.039311200709,-32.1100731995,-20.4326537765,-0.0208175225373,-20.453471299
-26.72,-40,0,-40,-43.3995764573,0.00828633088281,-43.3912901264,-32.0773850539,-0.0392401145863,-32.1166251685,-20.4376845811,-0.0197788716407,-20.4574634527
-26.68,-40,0,-40,-43.4030743608,0.00844156305261,-43.3946327977,-32.0840301752,-0.0391688993247,-32.1231990745,-20.442750816,-0.018743841281,-20.4614946573
-26.64,-40,0,-40,-43.4066067781,0.00859627201543,-43.398010506,-32.0906973816,-0.0390975556333,-32.1297949373,-20.447852429,-0.0177124454955,-20.4655648745
-26.6,-40,0,-40,-43.4101736698,0.0087504557128,-43.4014232141,-32.0973866923,-0.0390260842226,-32.1364127765,-20.4529893678,-0.0166846981908,-20.469674066
-26.56,-40,0,-40,-43.4137749965,0.00890411210528,-43.4048708844,-32.1040981263,-0.0389544858044,-32.1430526121,-20.4581615802,-0.015660613142,-20.4738221934
-26.52,-40,0,-40,-43.4174107184,0.0090572391726,-43.4083534792,-32.1108317027,-0.0388827610915,-32.1497144638,-20.4633690141,-0.014640203993,-20.4780092181
-26.48,-40,0,-40,-43.4210807956,0.00920983491359,-43.4118709607,-32.1175874409,-0.0388109107981,-32.1563983517,-20.468611617,-0.013623484256,-20.4822351013
-26.44,-40,0,-40,-43.4247851881,0.00936189734632,-43.4154232907,-32.1243653601,-0.0387389356396,-32.1631042957,-20.4738893367,-0.0126104673117,-20.4864998041
-26.4,-40,0,-40,-43.4285238556,0.00951342450803,-43.4190104311,-32.1311654796,-0.0386668363326,-32.1698323159,-20.4792021209,-0.0116011664089,-20.4908032873
-26.36,-40,0,-40,-43.4322967579,0.00966441445527,-43.4226323435,-32.1379878188,-0.0385946135947,-32.1765824324,-20.4845499172,-0.0105955946648,-20.4951455118
-26.32,-40,0,-40,-43.4361038543,0.00981486526384,-43.4262889891,-32.1448323972,-0.0385222681451,-32.1833546653,-20.4899326731,-0.0095937650643,-20.4995264382
-26.28,-40,0,-40,-43.4399451042,0.00996477502889,-43.4299803291,-32.1516992341,-0.0384498007038,-32.1901490348,-20.4953503362,-0.00859569046045,-20.5039460267
-26.24,-40,0,-40,-43.4438204665,0.0101141418649,-43.4337063246,-32.1585883492,-0.0383772119922,-32.1969655612,-20.500802854,-0.00760138357404,-20.5084042376
-26.2,-40,0,-40,-43.4477299002,0.0102629639058,-43.4374669363,-32.165499762,-0.0383045027328,-32.2038042648,-20.506290174,-0.00661085699356,-20.512901031
-26.16,-40,0,-40,-43.451673364,0.0104112393049,-43.4412621247,-32.1724334922,-0.0382316736492,-32.2106651659,-20.5118122435,-0.00562412317517,-20.5174363667
-26.12,-40,0,-40,-43.4556508165,0.0105589662349,-43.4450918503,-32.1793895595,-0.0381587254664,-32.217548285,-20.5173690099,-0.00464119444252,-20.5220102043
-26.08,-40,0,-40,-43.459662216,0.0107061428881,-43.4489560731,-32.1863679835,-0.0380856589101,-32.2244536424,-20.5229604205,-0.00366208298673,-20.5266225035
-26.04,-40,0,-40,-43.4637075207,0.0108527674763,-43.4528547532,-32.1933687842,-0.0380124747077,-32.2313812589,-20.5285864225,-0.00268680086628,-20.5312732234
-26,-40,0,-40,-43.4677866885,0.0109988382306,-43.4567878503,-32.2003919812,-0.0379391735872,-32.2383311548,-20.5342469631,-0.00171536000693,-20.5359623231
-25.96,-40,0,-40,-43.4718996772,0.011144353402,-43.4607553238,-32.2074375946,-0.0378657562782,-32.2453033509,-20.5399419894,-0.000747772201679,-20.5406897616
-25.92,-40,0,-40,-43.4760464445,0.0112893112609,-43.4647571332,-32.2145056443,-0.037792223511,-32.2522978678,-20.5456714485,0.000215950889363,-20.5454554976
-25.88,-40,0,-40,-43.4802269475,0.0114337100974,-43.4687932374,-32.2215961501,-0.0377185760173,-32.2593147262,-20.5514352873,0.00117579773899,-20.5502594895
-25.84,-40,0,-40,-43.4844411436,0.0115775482212,-43.4728635954,-32.2287091323,-0.0376448145299,-32.2663539468,-20.5572334526,0.00213175695299,-20.5551016957
-25.8,-40,0,-40,-43.4886889897,0.0117208239615,-43.4769681658,-32.2358446108,-0.0375709397824,-32.2734155506,-20.5630658914,0.0030838172702,-20.5599820741
-25.76,-40,0,-40,-43.4929704426,0.0118635356676,-43.4811069069,-32.2430026059,-0.0374969525098,-32.2804995584,-20.5689325503,0.00403196756254,-20.5649005827
-25.72,-40,0,-40,-43.4972854588,0.0120056817081,-43.4852797771,-32.2501831376,-0.0374228534481,-32.287605991,-20.5748333759,0.0049761968351,-20.5698571791
-25.68,-40,0,-40,-43.5016339946,0.0121472604716,-43.4894867342,-32.2573862262,-0.0373486433344,-32.2947348695,-20.580768315,0.00591649422615,-20.5748518207
-25.64,-40,0,-40,-43.5060160063,0.0122882703663,-43.4937277359,-32.264611892,-0.0372743229067,-32.3018862149,-20.5867373138,0.00685284900721,-20.5798844648
-25.6,-40,0,-40,-43.5104314496,0.0124287098202,-43.4980027398,-32.2718601554,-0.0371998929042,-32.3090600483,-20.5927403188,0.00778525058309,-20.5849550683
-25.56,-40,0,-40,-43.5148802804,0.0125685772812,-43.5023117031,-32.2791310366,-0.0371253540672,-32.3162563907,-20.5987772763,0.0087136884919,-20.5900635879
-25.52,-40,0,-40,-43.5193624539,0.012707871217,-43.5066545827,-32.2864245562,-0.037050707137,-32.3234752633,-20.6048481325,0.0096381524051,-20.5952099801
-25.48,-40,0,-40,-43.5238779257,0.012846590115,-43.5110313355,-32.2937407346,-0.0369759528558,-32.3307166874,-20.6109528333,0.0105586321275,-20.6003942012
-25.44,-40,0,-40,-43.5284266505,0.0129847324826,-43.515441918,-32.3010795922,-0.036901091967,-32.3379806842,-20.6170913249,0.0114751175974,-20.6056162073
-25.4,-40,0,-40,-43.5330085832,0.013122296847,-43.5198862864,-32.3084411497,-0.0368261252149,-32.345267275,-20.623263553,0.0123875988864,-20.6108759541
-25.36,-40,0,-40,-43.5376236785,0.0132592817553,-43.5243643967,-32.3158254277,-0.0367510533449,-32.3525764811,-20.6294694633,0.0132960661997,-20.6161733971
-25.32,-40,0,-40,-43.5422718905,0.0133956857744,-43.5288762047,-32.3232324468,-0.0366758771035,-32.3599083239,-20.6357090016,0.0142005098757,-20.6215084917
-25.28,-40,0,-40,-43.5469531734,0.0135315074914,-43.5334216659,-32.3306622277,-0.036600597238,-32.367262825,-20.6419821132,0.0151009203865,-20.6268811928
-25.24,-40,0,-40,-43.5516674811,0.013666745513,-43.5380007355,-32.3381147912,-0.0365252144967,-32.3746400057,-20.6482887436,0.0159972883375,-20.6322914553
-25.2,-40,0,-40,-43.5564147671,0.0138013984661,-43.5426133686,-32.345590158,-0.0364497296291,-32.3820398876,-20.6546288381,0.0168896044677,-20.6377392336
-25.16,-40,0,-40,-43.5611949848,0.0139354649974,-43.5472595198,-32.3530883489,-0.0363741433854,-32.3894624923,-20.6610023416,0.0177778596495,-20.643224482
-25.12,-40,0,-40,-43.5660080873,0.0140689437736,-43.5519391435,-32.3606093849,-0.036298456517,-32.3969078414,-20.6674091993,0.0186620448887,-20.6487471544
-25.08,-40,0,-40,-43.5708540275,0.0142018334815,-43.556652194,-32.3681532869,-0.0362226697761,-32.4043759566,-20.6738493559,0.0195421513246,-20.6543072046
-25.04,-40,0,-40,-43.575732758,0.0143341328277,-43.5613986252,-32.3757200757,-0.036146783916,-32.4118668596,-20.6803227562,0.0204181702301,-20.659904586
-25,-40,0,-40,-43.5806442311,0.014465840539,-43.5661783906,-32.3833097725,-0.0360707996908,-32.4193805722,-20.6868293447,0.0212900930112,-20.6655392517
-24.96,-40,0,-40,-43.585588399,0.0145969553621,-43.5709914437,-32.3909223982,-0.0359947178555,-32.426917116,-20.6933690658,0.0221579112075,-20.6712111546
-24.92,-40,0,-40,-43.5905652135,0.0147274760636,-43.5758377374,-32.3985579739,-0.0359185391663,-32.4344765131,-20.6999418637,0.023021616492,-20.6769202472
-24.88,-40,0,-40,-43.5955746261,0.0148574014304,-43.5807172247,-32.4062165208,-0.0358422643801,-32.4420587852,-20.7065476826,0.0238812006709,-20.6826664819
-24.84,-40,0,-40,-43.6006165882,0.0149867302692,-43.5856298579,-32.41389806,-0.0357658942548,-32.4496639543,-20.7131864663,0.0247366556839,-20.6884498106
-24.8,-40,0,-40,-43.6056910508,0.0151154614069,-43.5905755894,-32.4216026128,-0.035689429549,-32.4572920423,-20.7198581587,0.0255879736038,-20.6942701851
-24.76,-40,0,-40,-43.6107979646,0.0152435936904,-43.5955543709,-32.4293302003,-0.0356128710226,-32.4649430713,-20.7265627032,0.0264351466369,-20.7001275566
-24.72,-40,0,-40,-43.6159372802,0.0153711259865,-43.6005661542,-32.4370808439,-0.0355362194361,-32.4726170633,-20.7333000434,0.0272781671224,-20.7060218763
-24.68,-40,0,-40,-43.6211089477,0.0154980571824,-43.6056108905,-32.4448545648,-0.0354594755508,-32.4803140404,-20.7400701225,0.0281170275328,-20.7119530949
-24.64,-40,0,-40,-43.6263129171,0.0156243861849,-43.6106885309,-32.4526513845,-0.0353826401293,-32.4880340246,-20.7468728834,0.0289517204737,-20.717921163
-24.6,-40,0,-40,-43.6315491381,0.0157501119213,-43.6157990262,-32.4604713244,-0.0353057139346,-32.4957770383,-20.7537082692,0.0297822386839,-20.7239260306
-24.56,-40,0,-40,-43.6368175599,0.0158752333387,-43.6209423266,-32.4683144058,-0.0352286977307,-32.5035431035,-20.7605762225,0.030608575035,-20.7299676475
-24.52,-40,0,-40,-43.6421181317,0.0159997494043,-43.6261183823,-32.4761806503,-0.0351515922828,-32.5113322426,-20.7674766858,0.0314307225315,-20.7360459633
-24.48,-40,0,-40,-43.6474508023,0.0161236591054,-43.6313271432,-32.4840700794,-0.0350743983563,-32.5191444777,-20.7744096014,0.0322486743111,-20.7421609271
-24.44,-40,0,-40,-43.6528155201,0.0162469614494,-43.6365685586,-32.4919827146,-0.0349971167181,-32.5269798313,-20.7813749114,0.0330624236439,-20.7483124877
-24.4,-40,0,-40,-43.6582122332,0.0163696554637,-43.6418425778,-32.4999185775,-0.0349197481354,-32.5348383256,-20.7883725576,0.033871963933,-20.7545005936
-24.36,-40,0,-40,-43.6636408897,0.0164917401958,-43.6471491495,-32.5078776897,-0.0348422933766,-32.5427199831,-20.7954024818,0.0346772887142,-20.7607251931
-24.32,-40,0,-40,-43.6691014371,0.0166132147133,-43.6524882224,-32.5158600729,-0.0347647532107,-32.5506248261,-20.8024646254,0.0354783916557,-20.7669862337
-24.28,-40,0,-40,-43.6745938226,0.0167340781036,-43.6578597445,-32.5238657488,-0.0346871284076,-32.5585528772,-20.8095589297,0.0362752665584,-20.7732836631
-24.24,-40,0,-40,-43.6801179932,0.0168543294745,-43.6632636637,-32.5318947391,-0.0346094197379,-32.5665041588,-20.8166853357,0.0370679073555,-20.7796174283
-24.2,-40,0,-40,-43.6856738956,0.0169739679537,-43.6686999276,-32.5399470655,-0.0345316279731,-32.5744786935,-20.8238437842,0.0378563081126,-20.7859874761
-24.16,-40,0,-40,-43.6912614761,0.0170929926889,-43.6741684834,-32.5480227499,-0.0344537538855,-32.5824765038,-20.8310342158,0.0386404630275,-20.7923937527
-24.12,-40,0,-40,-43.6968806806,0.0172114028479,-43.6796692778,-32.556121814,-0.034375798248,-32.5904976123,-20.8382565708,0.0394203664303,-20.7988362044
-24.08,-40,0,-40,-43.702531455,0.0173291976185,-43.6852022574,-32.5642442798,-0.0342977618344,-32.5985420416,-20.8455107893,0.0401960127829,-20.8053147766
-24.04,-40,0,-40,-43.7082137446,0.0174463762085,-43.6907673683,-32.5723901691,-0.0342196454194,-32.6066098145,-20.8527968113,0.0409673966795,-20.8118294146
-24,-40,0,-40,-43.7139274943,0.0175629378457,-43.6963645565,-32.5805595037,-0.0341414497781,-32.6147009535,-20.8601145762,0.0417345128458,-20.8183800634
-23.96,-40,0,-40,-43.719672649,0.0176788817781,-43.7019937672,-32.5887523057,-0.0340631756867,-32.6228154814,-20.8674640235,0.0424973561395,-20.8249666674
-23.92,-40,0,-40,-43.7254491529,0.0177942072733,-43.7076549456,-32.5969685971,-0.0339848239219,-32.630953421,-20.8748450922,0.0432559215499,-20.8315891707
-23.88,-40,0,-40,-43.7312569502,0.0179089136193,-43.7133480365,-32.6052083998,-0.0339063952613,-32.6391147951,-20.8822577213,0.0440102041977,-20.8382475171
-23.84,-40,0,-40,-43.7370959844,0.0180230001238,-43.7190729843,-32.6134717359,-0.0338278904829,-32.6472996263,-20.8897018492,0.0447601993351,-20.8449416499
-23.8,-40,0,-40,-43.742966199,0.0181364661147,-43.7248297329,-32.6217586273,-0.0337493103659,-32.6555079377,-20.8971774143,0.0455059023455,-20.851671512
-23.76,-40,0,-40,-43.748867537,0.0182493109395,-43.7306182261,-32.6300690963,-0.0336706556899,-32.663739752,-20.9046843546,0.0462473087437,-20.8584370459
-23.72,-40,0,-40,-43.754799941,0.018361533966,-43.736438407,-32.6384031649,-0.0335919272351,-32.6719950922,-20.9122226079,0.0469844141752,-20.8652381938
-23.68,-40,0,-40,-43.7607633533,0.0184731345816,-43.7422902187,-32.6467608553,-0.0335131257826,-32.6802739811,-20.9197921117,0.0477172144167,-20.8720748973
-23.64,-40,0,-40,-43.7667577158,0.018584112194,-43.7481736036,-32.6551421896,-0.0334342521142,-32.6885764417,-20.9273928031,0.0484457053754,-20.8789470977
-23.6,-40,0,-40,-43.7727829701,0.0186944662304,-43.7540885039,-32.66354719,-0.0333553070122,-32.696902497,-20.935024619,0.0491698830893,-20.8858547359
-23.56,-40,0,-40,-43.7788390575,0.018804196138,-43.7600348613,-32.6719758787,-0.0332762912597,-32.7052521699,-20.942687496,0.0498897437269,-20.8927977523
-23.52,-40,0,-40,-43.7849259187,0.018913301384,-43.7660126174,-32.6804282779,-0.0331972056405,-32.7136254835,-20.9503813705,0.0506052835869,-20.8997760869
-23.48,-40,0,-40,-43.7910434943,0.0190217814553,-43.7720217129,-32.6889044099,-0.0331180509387,-32.7220224609,-20.9581061783,0.0513164990984,-20.9067896792
-23.44,-40,0,-40,-43.7971917244,0.0191296358587,-43.7780620886,-32.697404297,-0.0330388279396,-32.730443125,-20.9658618552,0.0520233868204,-20.9138384684
-23.4,-40,0,-40,-43.8033705487,0.0192368641207,-43.7841336846,-32.7059279615,-0.0329595374287,-32.7388874989,-20.9736483366,0.0527259434418,-20.9209223931
-23.36,-40,0,-40,-43.8095799065,0.0193434657876,-43.7902364407,-32.7144754257,-0.0328801801923,-32.7473556059,-20.9814655574,0.0534241657814,-20.9280413916
-23.32,-40,0,-40,-43.8158197367,0.0194494404257,-43.7963702963,-32.7230467119,-0.0328007570172,-32.7558474689,-20.9893134524,0.0541180507873,-20.9351954016
-23.28,-40,0,-40,-43.8220899781,0.0195547876208,-43.8025351905,-32.7316418424,-0.032721268691,-32.7643631111,-20.997191956,0.0548075955373,-20.9423843604
-23.24,-40,0,-40,-43.8283905687,0.0196595069783,-43.8087310617,-32.7402608397,-0.0326417160018,-32.7729025557,-21.0051010022,0.0554927972382,-20.9496082049
-23.2,-40,0,-40,-43.8347214464,0.0197635981237,-43.8149578483,-32.7489037262,-0.0325620997382,-32.7814658259,-21.0130405247,0.0561736532261,-20.9568668714
-23.16,-40,0,-40,-43.8410825485,0.0198670607019,-43.8212154878,-32.7575705242,-0.0324824206896,-32.7900529449,-21.0210104569,0.056850160966,-20.9641602959
-23.12,-40,0,-40,-43.847473812,0.0199698943775,-43.8275039176,-32.7662612562,-0.0324026796458,-32.7986639358,-21.0290107317,0.0575223180513,-20.9714884137
-23.08,-40,0,-40,-43.8538951736,0.0200720988347,-43.8338230747,-32.7749759445,-0.0323228773973,-32.8072988219,-21.037041282,0.0581901222043,-20.9788511598
-23.04,-40,0,-40,-43.8603465693,0.0201736737774,-43.8401728955,-32.7837146118,-0.0322430147349,-32.8159576265,-21.0451020398,0.0588535712757,-20.9862484685
-23,-40,0,-40,-43.866827935,0.0202746189291,-43.8465533161,-32.7924772803,-0.0321630924504,-32.8246403727,-21.0531929373,0.059512663244,-20.993680274
-22.96,-40,0,-40,-43.8733392061,0.0203749340326,-43.852964272,-32.8012639726,-0.0320831113357,-32.8333470839,-21.0613139058,0.0601673962162,-21.0011465096
-22.92,-40,0,-40,-43.8798803174,0.0204746188505,-43.8594056985,-32.8100747112,-0.0320030721836,-32.8420777834,-21.0694648767,0.0608177684266,-21.0086471083
-22.88,-40,0,-40,-43.8864512035,0.0205736731648,-43.8658775303,-32.8189095186,-0.0319229757871,-32.8508324944,-21.0776457807,0.0614637782375,-21.0161820025
-22.84,-40,0,-40,-43.8930517984,0.020672096777,-43.8723797016,-32.8277684172,-0.03184282294,-32.8596112402,-21.0858565482,0.0621054241384,-21.0237511241
-22.8,-40,0,-40,-43.8996820359,0.0207698895079,-43.8789121464,-32.8366514297,-0.0317626144366,-32.8684140441,-21.0940971093,0.0627427047461,-21.0313544046
-22.76,-40,0,-40,-43.9063418491,0.0208670511979,-43.8854747979,-32.8455585784,-0.0316823510714,-32.8772409295,-21.1023673936,0.0633756188045,-21.0389917748
-22.72,-40,0,-40,-43.9130311709,0.0209635817067,-43.8920675892,-32.854489886,-0.0316020336397,-32.8860919196,-21.1106673303,0.064004165184,-21.0466631651
-22.68,-40,0,-40,-43.9197499335,0.0210594809133,-43.8986904526,-32.863445375,-0.0315216629372,-32.8949670379,-21.1189968482,0.0646283428818,-21.0543685053
-22.64,-40,0,-40,-43.926498069,0.021154748716,-43.9053433203,-32.8724250679,-0.0314412397602,-32.9038663076,-21.1273558758,0.0652481510216,-21.0621077248
-22.6,-40,0,-40,-43.9332755088,0.0212493850326,-43.9120261237,-32.8814289872,-0.0313607649052,-32.9127897521,-21.135744341,0.0658635888529,-21.0698807522
-22.56,-40,0,-40,-43.9400821838,0.0213433897998,-43.918738794,-32.8904571556,-0.0312802391694,-32.9217373947,-21.1441621714,0.0664746557515,-21.0776875157
-22.52,-40,0,-40,-43.9469180247,0.0214367629739,-43.9254812617,-32.8995095955,-0.0311996633505,-32.9307092588,-21.1526092942,0.0670813512187,-21.0855279429
-22.48,-40,0,-40,-43.9537829615,0.02152950453,-43.9322534569,-32.9085863295,-0.0311190382464,-32.9397053677,-21.161085636,0.0676836748814,-21.0934019611
-22.44,-40,0,-40,-43.9606769238,0.0216216144626,-43.9390553094,-32.9176873801,-0.0310383646556,-32.9487257448,-21.1695911231,0.0682816264917,-21.1013094966
-22.4,-40,0,-40,-43.967599841,0.0217130927853,-43.9458867482,-32.92681277,-0.030957643377,-32.9577704134,-21.1781256813,0.0688752059267,-21.1092504754
-22.36,-40,0,-40,-43.9745516416,0.0218039395306,-43.952747702,-32.9359625216,-0.0308768752101,-32.9668393969,-21.1866892361,0.0694644131884,-21.1172248229
-22.32,-40,0,-40,-43.9815322538,0.0218941547502,-43.9596380991,-32.9451366576,-0.0307960609545,-32.9759327185,-21.1952817122,0.0700492484033,-21.1252324638
-22.28,-40,0,-40,-43.9885416056,0.0219837385148,-43.9665578671,-32.9543352003,-0.0307152014105,-32.9850504017,-21.2039030343,0.0706297118223,-21.1332733224
-22.24,-40,0,-40,-43.995579624,0.022072690914,-43.9735069331,-32.9635581724,-0.0306342973787,-32.9941924698,-21.2125531262,0.0712058038202,-21.1413473223
-22.2,-40,0,-40,-44.002646236,0.0221610120562,-43.9804852239,-32.9728055964,-0.03055334966,-33.0033589461,-21.2212319114,0.0717775248958,-21.1494543865
-22.16,-40,0,-40,-44.0097413677,0.0222487020689,-43.9874926657,-32.9820774948,-0.0304723590557,-33.0125498539,-21.2299393131,0.0723448756713,-21.1575944375
-22.12,-40,0,-40,-44.0168649451,0.0223357610983,-43.994529184,-32.9913738902,-0.0303913263678,-33.0217652165,-21.2386752538,0.0729078568925,-21.1657673969
-22.08,-40,0,-40,-44.0240168935,0.0224221893096,-44.0015947042,-33.0006948049,-0.0303102523981,-33.0310050573,-21.2474396554,0.0734664694281,-21.173973186
-22.04,-40,0,-40,-44.0311971376,0.0225079868864,-44.0086891507,-33.0100402616,-0.0302291379494,-33.0402693995,-21.2562324397,0.0740207142696,-21.1822117254
-22,-40,0,-40,-44.0384056018,0.0225931540313,-44.0158124477,-33.0194102827,-0.0301479838243,-33.0495582665,-21.2650535276,0.074570592531,-21.1904829351
-21.96,-40,0,-40,-44.0456422099,0.0226776909654,-44.0229645189,-33.0288048906,-0.0300667908261,-33.0588716814,-21.2739028398,0.0751161054487,-21.1987867343
-21.92,-40,0,-40,-44.0529068852,0.0227615979287,-44.0301452872,-33.0382241078,-0.0299855597584,-33.0682096676,-21.2827802962,0.0756572543812,-21.2071230418
-21.88,-40,0,-40,-44.0601995504,0.0228448751794,-44.0373546752,-33.0476679568,-0.0299042914248,-33.0775722482,-21.2916858164,0.0761940408085,-21.2154917756
-21.84,-40,0,-40,-44.0675201279,0.0229275229946,-44.044592605,-33.0571364599,-0.0298229866298,-33.0869594465,-21.3006193194,0.0767264663323,-21.2238928531
-21.8,-40,0,-40,-44.0748685395,0.0230095416695,-44.0518589978,-33.0666296395,-0.0297416461777,-33.0963712857,-21.3095807237,0.0772545326754,-21.232326191
-21.76,-40,0,-40,-44.0822447062,0.0230909315182,-44.0591537747,-33.0761475181,-0.0296602708734,-33.105807789,-21.3185699472,0.0777782416815,-21.2407917055
-21.72,-40,0,-40,-44.0896485488,0.0231716928729,-44.066476856,-33.085690118,-0.0295788615219,-33.1152689795,-21.3275869073,0.0782975953151,-21.2492893119
-21.68,-40,0,-40,-44.0970799876,0.0232518260841,-44.0738281615,-33.0952574615,-0.0294974189287,-33.1247548804,-21.3366315208,0.0788125956608,-21.2578189251
-21.64,-40,0,-40,-44.104538942,0.0233313315209,-44.0812076104,-33.1048495709,-0.0294159438994,-33.1342655148,-21.3457037041,0.0793232449235,-21.2663804592
-21.6,-40,0,-40,-44.1120253311,0.0234102095703,-44.0886151216,-33.1144664686,-0.0293344372401,-33.1438009058,-21.3548033728,0.0798295454278,-21.2749738274
-21.56,-40,0,-40,-44.1195390736,0.0234884606378,-44.096050613,-33.1241081767,-0.0292528997568,-33.1533610765,-21.3639304422,0.0803314996177,-21.2835989426
-21.52,-40,0,-40,-44.1270800874,0.0235660851469,-44.1035140022,-33.1337747175,-0.0291713322562,-33.1629460498,-21.3730848269,0.0808291100565,-21.2922557168
-21.48,-40,0,-40,-44.1346482899,0.0236430835392,-44.1110052063,-33.1434661133,-0.029089735545,-33.1725558488,-21.3822664408,0.0813223794263,-21.3009440614
-21.44,-40,0,-40,-44.142243598,0.0237194562744,-44.1185241417,-33.1531823861,-0.02900811043,-33.1821904965,-21.3914751974,0.0818113105279,-21.3096638869
-21.4,-40,0,-40,-44.149865928,0.0237952038302,-44.1260707241,-33.1629235581,-0.0289264577186,-33.1918500159,-21.4007110096,0.0822959062803,-21.3184151033
-21.36,-40,0,-40,-44.1575151956,0.0238703267022,-44.1336448689,-33.1726896515,-0.0288447782182,-33.2015344297,-21.4099737895,0.0827761697206,-21.3271976198
-21.32,-40,0,-40,-44.1651913162,0.0239448254041,-44.1412464908,-33.1824806883,-0.0287630727364,-33.211243761,-21.4192634489,0.0832521040033,-21.3360113449
-21.28,-40,0,-40,-44.1728942042,0.024018700467,-44.1488755037,-33.1922966904,-0.0286813420812,-33.2209780325,-21.4285798987,0.0837237124004,-21.3448561863
-21.24,-40,0,-40,-44.1806237737,0.0240919524402,-44.1565318212,-33.20213768,-0.0285995870605,-33.2307372671,-21.4379230494,0.0841909983012,-21.3537320511
-21.2,-40,0,-40,-44.1883799381,0.0241645818906,-44.1642153562,-33.212003679,-0.0285178084827,-33.2405214875,-21.4472928108,0.0846539652112,-21.3626388456
-21.16,-40,0,-40,-44.1961626103,0.0242365894027,-44.1719260209,-33.2218947093,-0.0284360071562,-33.2503307164,-21.456689092,0.0851126167527,-21.3715764753
-21.12,-40,0,-40,-44.2039717027,0.0243079755787,-44.1796637271,-33.2318107927,-0.0283541838897,-33.2601649766,-21.4661118017,0.0855669566638,-21.380544845
-21.08,-40,0,-40,-44.2118071269,0.0243787410383,-44.1874283858,-33.2417519511,-0.028272339492,-33.2700242906,-21.4755608476,0.0860169887987,-21.3895438588
-21.04,-40,0,-40,-44.2196687939,0.0244488864188,-44.1952199075,-33.2517182063,-0.028190474772,-33.279908681,-21.4850361371,0.0864627171267,-21.39857342
-21,-40,0,-40,-44.2275566143,0.0245184123749,-44.2030382019,-33.2617095799,-0.0281085905388,-33.2898181705,-21.4945375768,0.0869041457322,-21.407633431
-20.96,-40,0,-40,-44.235470498,0.0245873195786,-44.2108831784,-33.2717260938,-0.0280266876018,-33.2997527814,-21.5040650725,0.0873412788145,-21.4167237937
-20.92,-40,0,-40,-44.2434103542,0.0246556087193,-44.2187547455,-33.2817677694,-0.0279447667704,-33.3097125362,-21.5136185296,0.0877741206872,-21.4258444089
-20.88,-40,0,-40,-44.2513760916,0.0247232805038,-44.2266528111,-33.2918346284,-0.0278628288541,-33.3196974573,-21.5231978527,0.088202675778,-21.4349951769
-20.84,-40,0,-40,-44.2593676183,0.0247903356559,-44.2345772827,-33.3019266923,-0.0277808746625,-33.329707567,-21.5328029456,0.0886269486283,-21.444175997
-20.8,-40,0,-40,-44.2673848418,0.0248567749166,-44.2425280668,-33.3120439826,-0.0276989050055,-33.3397428876,-21.5424337117,0.0890469438929,-21.4533867678
-20.76,-40,0,-40,-44.2754276687,0.0249225990441,-44.2505050696,-33.3221865207,-0.0276169206929,-33.3498034413,-21.5520900535,0.0894626663396,-21.4626273872
-20.72,-40,0,-40,-44.2834960053,0.0249878088134,-44.2585081965,-33.3323543278,-0.0275349225348,-33.3598892503,-21.5617718728,0.089874120849,-21.471897752
-20.68,-40,0,-40,-44.2915897571,0.0250524050168,-44.2665373521,-33.3425474254,-0.0274529113411,-33.3700003367,-21.5714790708,0.0902813124138,-21.4811977584
-20.64,-40,0,-40,-44.2997088291,0.0251163884631,-44.2745924407,-33.3527658345,-0.0273708879221,-33.3801367225,-21.581211548,0.0906842461389,-21.4905273019
-20.6,-40,0,-40,-44.3078531255,0.0251797599782,-44.2826733656,-33.3630095765,-0.0272888530881,-33.3902984296,-21.590969204,0.0910829272405,-21.4998862768
-20.56,-40,0,-40,-44.31602255,0.0252425204047,-44.2907800296,-33.3732786723,-0.0272068076492,-33.4004854799,-21.6007519379,0.0914773610464,-21.5092745769
-20.52,-40,0,-40,-44.3242170055,0.0253046706019,-44.2989123349,-33.3835731429,-0.0271247524159,-33.4106978953,-21.6105596479,0.0918675529949,-21.5186920949
-20.48,-40,0,-40,-44.3324363944,0.0253662114457,-44.307070183,-33.3938930094,-0.0270426881986,-33.4209356976,-21.6203922316,0.0922535086351,-21.528138723
-20.44,-40,0,-40,-44.3406806183,0.0254271438287,-44.3152534745,-33.4042382925,-0.0269606158078,-33.4311989083,-21.6302495857,0.0926352336262,-21.5376143521
-20.4,-40,0,-40,-44.3489495783,0.0254874686599,-44.3234621096,-33.4146090131,-0.0268785360539,-33.4414875491,-21.6401316064,0.093012733737,-21.5471188726
-20.36,-40,0,-40,-44.3572431746,0.0255471868647,-44.3316959878,-33.4250051919,-0.0267964497474,-33.4518016416,-21.6500381888,0.0933860148458,-21.5566521739
-20.32,-40,0,-40,-44.3655613071,0.0256062993849,-44.3399550077,-33.4354268494,-0.0267143576989,-33.4621412071,-21.6599692275,0.0937550829399,-21.5662141446
-20.28,-40,0,-40,-44.3739038746,0.0256648071788,-44.3482390675,-33.4458740064,-0.026632260719,-33.4725062671,-21.6699246163,0.0941199441151,-21.5758046722
-20.24,-40,0,-40,-44.3822707756,0.0257227112205,-44.3565480644,-33.4563466831,-0.0265501596181,-33.4828968427,-21.6799042482,0.0944806045756,-21.5854236436
-20.2,-40,0,-40,-44.3906619077,0.0257800125008,-44.3648818952,-33.4668449001,-0.0264680552069,-33.4933129553,-21.6899080153,0.0948370706335,-21.5950709447
-20.16,-40,0,-40,-44.3990771678,0.0258367120261,-44.3732404558,-33.4773686775,-0.0263859482958,-33.5037546258,-21.6999358091,0.0951893487081,-21.6047464604
-20.12,-40,0,-40,-44.4075164523,0.0258928108192,-44.3816236415,-33.4879180356,-0.0263038396955,-33.5142218753,-21.7099875202,0.0955374453261,-21.6144500749
-20.08,-40,0,-40,-44.4159796567,0.0259483099186,-44.3900313468,-33.4984929945,-0.0262217302162,-33.5247147247,-21.7200630384,0.0958813671205,-21.6241816713
-20.04,-40,0,-40,-44.4244666759,0.0260032103788,-44.3984634655,-33.5090935742,-0.0261396206686,-33.5352331949,-21.7301622526,0.0962211208308,-21.6339411318
-20,-40,0,-40,-44.4329774042,0.02605751327,-44.4069198909,-33.5197197946,-0.0260575118629,-33.5457773065,-21.7402850512,0.0965567133025,-21.6437283379
-19.96,-40,0,-40,-44.441511735,0.0261112196784,-44.4154005153,-33.5303716756,-0.0259754046096,-33.5563470802,-21.7504313214,0.0968881514864,-21.6535431699
-19.92,-40,0,-40,-44.4500695611,0.0261643307056,-44.4239052304,-33.5410492367,-0.025893299719,-33.5669425364,-21.7606009499,0.0972154424382,-21.6633855074
-19.88,-40,0,-40,-44.4586507747,0.0262168474689,-44.4324339272,-33.5517524977,-0.0258111980011,-33.5775636957,-21.7707938222,0.0975385933187,-21.6732552289
-19.84,-40,0,-40,-44.467255267,0.026268771101,-44.4409864959,-33.5624814779,-0.0257291002662,-33.5882105782,-21.7810098233,0.0978576113926,-21.6831522119
-19.8,-40,0,-40,-44.4758829287,0.0263201027502,-44.4495628259,-33.5732361969,-0.0256470073244,-33.5988832042,-21.7912488372,0.0981725040285,-21.6930763332
-19.76,-40,0,-40,-44.4845336497,0.02637084358,-44.4581628061,-33.5840166738,-0.0255649199856,-33.6095815937,-21.8015107471,0.0984832786986,-21.7030274684
-19.72,-40,0,-40,-44.4932073193,0.0264209947694,-44.4667863245,-33.5948229278,-0.0254828390595,-33.6203057668,-21.8117954352,0.0987899429778,-21.7130054922
-19.68,-40,0,-40,-44.5019038259,0.0264705575125,-44.4754332684,-33.6056549779,-0.0254007653561,-33.6310557433,-21.822102783,0.0990925045439,-21.7230102784
-19.64,-40,0,-40,-44.5106230572,0.0265195330185,-44.4841035242,-33.6165128431,-0.0253186996849,-33.6418315428,-21.832432671,0.0993909711766,-21.7330416998
-19.6,-40,0,-40,-44.5193649002,0.0265679225116,-44.4927969777,-33.6273965421,-0.0252366428555,-33.652633185,-21.842784979,0.0996853507575,-21.7430996282
-19.56,-40,0,-40,-44.5281292412,0.0266157272312,-44.501513514,-33.6383060936,-0.0251545956771,-33.6634606893,-21.8531595857,0.0999756512694,-21.7531839344
-19.52,-40,0,-40,-44.5369159657,0.0266629484315,-44.5102530173,-33.6492415162,-0.0250725589591,-33.6743140752,-21.863556369,0.100261880796,-21.7632944882
-19.48,-40,0,-40,-44.5457249585,0.0267095873813,-44.5190153711,-33.6602028282,-0.0249905335105,-33.6851933617,-21.8739752059,0.100544047522,-21.7734311584
-19.44,-40,0,-40,-44.5545561035,0.0267556453645,-44.5278004582,-33.6711900479,-0.0249085201402,-33.696098568,-21.8844159725,0.10082215973,-21.7835938127
-19.4,-40,0,-40,-44.5634092841,0.0268011236796,-44.5366081604,-33.6822031934,-0.0248265196571,-33.707029713,-21.8948785439,0.101096225805,-21.7937823181
-19.36,-40,0,-40,-44.5722843827,0.0268460236394,-44.545438359,-33.6932422827,-0.0247445328696,-33.7179868156,-21.9053627945,0.10136625423,-21.8039965403
-19.32,-40,0,-40,-44.581181281,0.0268903465715,-44.5542909344,-33.7043073337,-0.0246625605862,-33.7289698943,-21.9158685976,0.101632253586,-21.814236344
-19.28,-40,0,-40,-44.59009986,0.0269340938178,-44.5631657661,-33.715398364,-0.0245806036152,-33.7399789676,-21.9263958254,0.101894232553,-21.8245015929
-19.24,-40,0,-40,-44.5990399999,0.0269772667346,-44.5720627331,-33.7265153912,-0.0244986627645,-33.751014054,-21.9369443496,0.102152199909,-21.8347921497
-19.2,-40,0,-40,-44.6080015801,0.0270198666924,-44.5809817134,-33.7376584327,-0.0244167388419,-33.7620751716,-21.9475140406,0.102406164527,-21.845107876
-19.16,-40,0,-40,-44.6169844792,0.0270618950759,-44.5899225841,-33.7488275058,-0.0243348326551,-33.7731623384,-21.9581047679,0.102656135381,-21.8554486325
-19.12,-40,0,-40,-44.6259885752,0.027103353284,-44.5988852219,-33.7600226275,-0.0242529450115,-33.7842755725,-21.9687164001,0.102902121537,-21.8658142786
-19.08,-40,0,-40,-44.635013745,0.0271442427294,-44.6078695023,-33.7712438146,-0.0241710767181,-33.7954148914,-21.9793488049,0.103144132161,-21.8762046728
-19.04,-40,0,-40,-44.6440598651,0.0271845648388,-44.6168753002,-33.7824910841,-0.024089228582,-33.8065803127,-21.990001849,0.103382176512,-21.8866196724
-19,-40,0,-40,-44.6531268108,0.0272243210529,-44.6259024897,-33.7937644525,-0.0240074014098,-33.8177718539,-22.0006753979,0.103616263945,-21.8970591339
-18.96,-40,0,-40,-44.6622144568,0.027263512826,-44.634950944,-33.8050639361,-0.0239255960079,-33.8289895321,-22.0113693164,0.103846403908,-21.9075229125
-18.92,-40,0,-40,-44.6713226771,0.0273021416261,-44.6440205355,-33.8163895513,-0.0238438131824,-33.8402333645,-22.0220834682,0.104072605946,-21.9180108623
-18.88,-40,0,-40,-44.6804513448,0.0273402089349,-44.6531111358,-33.827741314,-0.0237620537394,-33.8515033678,-22.032817716,0.104294879694,-21.9285228363
-18.84,-40,0,-40,-44.6896003321,0.0273777162473,-44.6622226158,-33.8391192402,-0.0236803184843,-33.8627995587,-22.0435719215,0.104513234884,-21.9390586866
-18.8,-40,0,-40,-44.6987695105,0.0274146650719,-44.6713548455,-33.8505233456,-0.0235986082225,-33.8741219538,-22.0543459453,0.104727681338,-21.949618264
-18.76,-40,0,-40,-44.7079587508,0.0274510569306,-44.6805076939,-33.8619536456,-0.0235169237591,-33.8854705694,-22.0651396472,0.104938228971,-21.9602014183
-18.72,-40,0,-40,-44.7171679227,0.0274868933585,-44.6896810294,-33.8734101556,-0.0234352658989,-33.8968454215,-22.0759528858,0.10514488779,-21.970807998
-18.68,-40,0,-40,-44.7263968953,0.0275221759037,-44.6988747194,-33.8848928906,-0.0233536354461,-33.9082465261,-22.0867855186,0.105347667893,-21.9814378507
-18.64,-40,0,-40,-44.7356455369,0.0275569061276,-44.7080886307,-33.8964018657,-0.0232720332051,-33.9196738989,-22.0976374024,0.105546579468,-21.9920908229
-18.6,-40,0,-40,-44.7449137147,0.0275910856045,-44.7173226291,-33.9079370954,-0.0231904599795,-33.9311275554,-22.1085083925,0.105741632795,-22.0027667597
-18.56,-40,0,-40,-44.7542012954,0.0276247159215,-44.7265765795,-33.9194985944,-0.0231089165728,-33.9426075109,-22.1193983436,0.105932838242,-22.0134655053
-18.52,-40,0,-40,-44.7635081447,0.0276577986786,-44.735850346,-33.9310863768,-0.0230274037882,-33.9541137806,-22.130307109,0.106120206267,-22.0241869027
-18.48,-40,0,-40,-44.7728341275,0.0276903354885,-44.7451437921,-33.9427004569,-0.0229459224285,-33.9656463793,-22.1412345411,0.106303747418,-22.0349307937
-18.44,-40,0,-40,-44.7821791079,0.0277223279763,-44.7544567799,-33.9543408484,-0.022864473296,-33.9772053216,-22.1521804913,0.106483472329,-22.0456970189
-18.4,-40,0,-40,-44.7915429491,0.02775377778,-44.7637891713,-33.9660075649,-0.0227830571928,-33.9887906221,-22.1631448097,0.106659391723,-22.056485418
-18.36,-40,0,-40,-44.8009255134,0.0277846865498,-44.7731408269,-33.9777006199,-0.0227016749206,-34.0004022949,-22.1741273456,0.106831516411,-22.0672958291
-18.32,-40,0,-40,-44.8103266625,0.0278150559483,-44.7825116065,-33.9894200266,-0.0226203272808,-34.0120403539,-22.1851279469,0.10699985729,-22.0781280896
-18.28,-40,0,-40,-44.8197462569,0.0278448876502,-44.7919013693,-34.001165798,-0.0225390150742,-34.023704813,-22.1961464608,0.107164425342,-22.0889820355
-18.24,-40,0,-40,-44.8291841566,0.0278741833426,-44.8013099732,-34.0129379466,-0.0224577391015,-34.0353956857,-22.2071827331,0.107325231637,-22.0998575014
-18.2,-40,0,-40,-44.8386402204,0.0279029447246,-44.8107372757,-34.024736485,-0.0223765001626,-34.0471129851,-22.2182366086,0.107482287329,-22.1107543212
-18.16,-40,0,-40,-44.8481143066,0.0279311735072,-44.8201831331,-34.0365614253,-0.0222952990575,-34.0588567244,-22.2293079309,0.107635603658,-22.1216723272
-18.12,-40,0,-40,-44.8576062724,0.0279588714133,-44.829647401,-34.0484127797,-0.0222141365852,-34.0706269163,-22.2403965427,0.107785191946,-22.1326113508
-18.08,-40,0,-40,-44.8671159742,0.0279860401776,-44.839129934,-34.0602905597,-0.0221330135448,-34.0824235732,-22.2515022854,0.1079310636,-22.1435712218
-18.04,-40,0,-40,-44.8766432675,0.0280126815465,-44.848630586,-34.0721947767,-0.0220519307347,-34.0942467075,-22.2626249994,0.108073230111,-22.1545517693
-18,-40,0,-40,-44.886188007,0.028038797278,-44.8581492098,-34.0841254421,-0.0219708889529,-34.1060963311,-22.2737645238,0.108211703052,-22.1655528207
-17.96,-40,0,-40,-44.8957500466,0.0280643891416,-44.8676856574,-34.0960825666,-0.021889888997,-34.1179724556,-22.2849206967,0.108346494077,-22.1765742026
-17.92,-40,0,-40,-44.9053292391,0.0280894589182,-44.8772397801,-34.108066161,-0.021808931664,-34.1298750927,-22.2960933551,0.108477614924,-22.1876157402
-17.88,-40,0,-40,-44.9149254365,0.0281140083999,-44.8868114281,-34.1200762356,-0.0217280177506,-34.1418042533,-22.3072823347,0.108605077409,-22.1986772573
-17.84,-40,0,-40,-44.9245384902,0.0281380393903,-44.8964004508,-34.1321128004,-0.0216471480529,-34.1537599484,-22.3184874702,0.108728893431,-22.2097585768
-17.8,-40,0,-40,-44.9341682503,0.0281615537039,-44.9060066966,-34.1441758652,-0.0215663233667,-34.1657421886,-22.3297085951,0.108849074968,-22.2208595201
-17.76,-40,0,-40,-44.9438145664,0.0281845531662,-44.9156300132,-34.1562654396,-0.0214855444872,-34.1777509841,-22.3409455417,0.108965634079,-22.2319799076
-17.72,-40,0,-40,-44.9534772869,0.0282070396137,-44.9252702473,-34.1683815327,-0.0214048122089,-34.1897863449,-22.3521981411,0.109078582899,-22.2431195582
-17.68,-40,0,-40,-44.9631562595,0.0282290148938,-44.9349272446,-34.1805241534,-0.0213241273263,-34.2018482808,-22.3634662233,0.109187933644,-22.2542782897
-17.64,-40,0,-40,-44.972851331,0.0282504808645,-44.9446008501,-34.1926933104,-0.0212434906329,-34.213936801,-22.3747496173,0.109293698607,-22.2654559186
-17.6,-40,0,-40,-44.9825623472,0.0282714393946,-44.9542909078,-34.2048890117,-0.0211629029219,-34.2260519146,-22.3860481505,0.109395890157,-22.2766522603
-17.56,-40,0,-40,-44.9922891532,0.0282918923631,-44.9639972608,-34.2171112655,-0.021082364986,-34.2381936305,-22.3973616494,0.109494520743,-22.2878671287
-17.52,-40,0,-40,-45.002031593,0.0283118416599,-44.9737197514,-34.2293600793,-0.0210018776172,-34.2503619569,-22.4086899394,0.109589602887,-22.2991003365
-17.48,-40,0,-40,-45.0117895099,0.0283312891848,-44.9834582207,-34.2416354605,-0.0209214416072,-34.2625569021,-22.4200328444,0.109681149188,-22.3103516952
-17.44,-40,0,-40,-45.0215627461,0.0283502368482,-44.9932125093,-34.2539374159,-0.020841057747,-34.2747784737,-22.4313901874,0.10976917232,-22.321621015
-17.4,-40,0,-40,-45.0313511431,0.0283686865703,-45.0029824566,-34.2662659523,-0.0207607268271,-34.2870266791,-22.44276179,0.109853685032,-22.3329081049
-17.36,-40,0,-40,-45.0411545414,0.0283866402816,-45.0127679011,-34.2786210759,-0.0206804496372,-34.2993015255,-22.4541474727,0.109934700146,-22.3442127725
-17.32,-40,0,-40,-45.0509727806,0.0284040999225,-45.0225686807,-34.2910027926,-0.0206002269668,-34.3116030195,-22.4655470547,0.110012230558,-22.3555348241
-17.28,-40,0,-40,-45.0608056994,0.0284210674432,-45.032384632,-34.3034111079,-0.0205200596047,-34.3239311675,-22.4769603541,0.110086289238,-22.3668740649
-17.24,-40,0,-40,-45.0706531357,0.0284375448035,-45.0422155909,-34.3158460272,-0.0204399483389,-34.3362859756,-22.4883871878,0.110156889225,-22.3782302985
-17.2,-40,0,-40,-45.0805149262,0.028453533973,-45.0520613923,-34.3283075553,-0.0203598939571,-34.3486674492,-22.4998273712,0.110224043634,-22.3896033276
-17.16,-40,0,-40,-45.0903909072,0.0284690369308,-45.0619218702,-34.3407956965,-0.0202798972462,-34.3610755937,-22.5112807189,0.110287765649,-22.4009929532
-17.12,-40,0,-40,-45.1002809135,0.0284840556655,-45.0717968579,-34.353310455,-0.0201999589926,-34.373510414,-22.5227470438,0.110348068523,-22.4123989753
-17.08,-40,0,-40,-45.1101847795,0.0284985921748,-45.0816861874,-34.3658518346,-0.020120079982,-34.3859719145,-22.5342261581,0.110404965582,-22.4238211925
-17.04,-40,0,-40,-45.1201023385,0.028512648466,-45.09158969,-34.3784198384,-0.0200402609994,-34.3984600994,-22.5457178722,0.110458470221,-22.435259402
-17,-40,0,-40,-45.1300334227,0.0285262265552,-45.1015071961,-34.3910144695,-0.0199605028295,-34.4109749723,-22.5572219958,0.110508595901,-22.4467133999
-16.96,-40,0,-40,-45.1399778636,0.0285393284676,-45.1114385352,-34.4036357302,-0.019880806256,-34.4235165365,-22.5687383368,0.110555356155,-22.4581829807
-16.92,-40,0,-40,-45.1499354919,0.0285519562375,-45.1213835357,-34.4162836229,-0.0198011720621,-34.4360847949,-22.5802667025,0.110598764582,-22.4696679379
-16.88,-40,0,-40,-45.1599061372,0.0285641119077,-45.1313420253,-34.428958149,-0.0197216010304,-34.44867975,-22.5918068983,0.110638834847,-22.4811680634
-16.84,-40,0,-40,-45.1698896282,0.0285757975301,-45.1413138307,-34.4416593098,-0.0196420939426,-34.4613014038,-22.6033587288,0.110675580684,-22.4926831481
-16.8,-40,0,-40,-45.1798857927,0.0285870151648,-45.1512987776,-34.4543871063,-0.0195626515801,-34.4739497579,-22.6149219971,0.110709015891,-22.5042129812
-16.76,-40,0,-40,-45.1898944577,0.0285977668807,-45.1612966908,-34.4671415388,-0.0194832747233,-34.4866248135,-22.6264965053,0.110739154333,-22.5157573509
-16.72,-40,0,-40,-45.1999154491,0.0286080547551,-45.1713073944,-34.4799226072,-0.0194039641521,-34.4993265713,-22.6380820539,0.110766009939,-22.527316044
-16.68,-40,0,-40,-45.2099485922,0.0286178808733,-45.1813307113,-34.492730311,-0.0193247206455,-34.5120550316,-22.6496784424,0.110789596701,-22.5388888457
-16.64,-40,0,-40,-45.2199937109,0.0286272473292,-45.1913664636,-34.5055646493,-0.0192455449821,-34.5248101943,-22.661285469,0.110809928676,-22.5504755404
-16.6,-40,0,-40,-45.2300506287,0.0286361562246,-45.2014144724,-34.5184256206,-0.0191664379395,-34.5375920586,-22.6729029306,0.110827019984,-22.5620759106
-16.56,-40,0,-40,-45.2401191678,0.0286446096692,-45.2114745581,-34.5313132231,-0.0190874002948,-34.5504006234,-22.6845306227,0.110840884808,-22.5736897378
-16.52,-40,0,-40,-45.2501991498,0.0286526097806,-45.22154654,-34.5442274545,-0.0190084328243,-34.5632358873,-22.6961683397,0.11085153739,-22.5853168023
-16.48,-40,0,-40,-45.2602903952,0.0286601586844,-45.2316302365,-34.5571683117,-0.0189295363034,-34.576097848,-22.7078158747,0.110858992037,-22.5969568826
-16.44,-40,0,-40,-45.2703927235,0.0286672585135,-45.241725465,-34.5701357915,-0.0188507115071,-34.5889865031,-22.7194730195,0.110863263114,-22.6086097564
-16.4,-40,0,-40,-45.2805059537,0.0286739114087,-45.2518320422,-34.5831298901,-0.0187719592093,-34.6019018494,-22.7311395647,0.110864365047,-22.6202751996
-16.36,-40,0,-40,-45.2906299033,0.0286801195181,-45.2619497838,-34.5961506031,-0.0186932801835,-34.6148438833,-22.7428152994,0.11086231232,-22.6319529871
-16.32,-40,0,-40,-45.3007643895,0.0286858849972,-45.2720785045,-34.6091979257,-0.0186146752021,-34.6278126009,-22.7545000117,0.110857119478,-22.6436428923
-16.28,-40,0,-40,-45.3109092281,0.0286912100086,-45.2822180181,-34.6222718523,-0.018536145037,-34.6408079974,-22.7661934884,0.110848801122,-22.6553446872
-16.24,-40,0,-40,-45.3210642343,0.0286960967222,-45.2923681376,-34.6353723772,-0.0184576904591,-34.6538300677,-22.7778955147,0.110837371913,-22.6670581428
-16.2,-40,0,-40,-45.3312292223,0.0287005473148,-45.302528675,-34.6484994939,-0.0183793122386,-34.6668788062,-22.7896058749,0.110822846567,-22.6787830283
-16.16,-40,0,-40,-45.3414040054,0.0287045639704,-45.3126994414,-34.6616531954,-0.0183010111451,-34.6799542065,-22.8013243518,0.110805239857,-22.690519112
-16.12,-40,0,-40,-45.3515883959,0.0287081488794,-45.322880247,-34.674833474,-0.0182227879471,-34.693056262,-22.8130507271,0.11078456661,-22.7022661605
-16.08,-40,0,-40,-45.3617822054,0.0287113042391,-45.3330709012,-34.6880403218,-0.0181446434125,-34.7061849652,-22.824784781,0.110760841712,-22.7140239393
-16.04,-40,0,-40,-45.3719852445,0.0287140322536,-45.3432712122,-34.7012737299,-0.0180665783082,-34.7193403082,-22.8365262926,0.110734080099,-22.7257922125
-16,-40,0,-40,-45.3821973228,0.0287163351331,-45.3534809877,-34.7145336892,-0.0179885934005,-34.7325222826,-22.8482750397,0.110704296764,-22.7375707429
-15.96,-40,0,-40,-45.3924182492,0.0287182150946,-45.3637000341,-34.7278201899,-0.0179106894548,-34.7457308793,-22.8600307986,0.110671506753,-22.7493592919
-15.92,-40,0,-40,-45.4026478316,0.0287196743609,-45.3739281573,-34.7411332213,-0.0178328672355,-34.7589660885,-22.8717933447,0.110635725161,-22.7611576195
-15.88,-40,0,-40,-45.4128858771,0.0287207151615,-45.3841651619,-34.7544727726,-0.0177551275063,-34.7722279001,-22.8835624518,0.11059696714,-22.7729654847
-15.84,-40,0,-40,-45.4231321917,0.0287213397315,-45.394410852,-34.767838832,-0.0176774710301,-34.785516303,-22.8953378927,0.11055524789,-22.7847826448
-15.8,-40,0,-40,-45.4333865808,0.0287215503122,-45.4046650305,-34.7812313872,-0.0175998985689,-34.7988312858,-22.9071194386,0.110510582663,-22.7966088559
-15.76,-40,0,-40,-45.4436488487,0.0287213491507,-45.4149274995,-34.7946504254,-0.0175224108837,-34.8121728363,-22.9189068597,0.110462986761,-22.8084438729
-15.72,-40,0,-40,-45.4539187989,0.0287207384998,-45.4251980604,-34.808095933,-0.0174450087349,-34.8255409417,-22.9306999248,0.110412475534,-22.8202874493
-15.68,-40,0,-40,-45.464196234,0.0287197206179,-45.4354765134,-34.8215678957,-0.0173676928817,-34.8389355886,-22.9424984016,0.110359064383,-22.8321393372
-15.64,-40,0,-40,-45.4744809558,0.028718297769,-45.4457626581,-34.8350662988,-0.0172904640826,-34.8523567629,-22.9543020562,0.110302768755,-22.8439992874
-15.6,-40,0,-40,-45.4847727652,0.0287164722224,-45.456056293,-34.8485911266,-0.0172133230953,-34.8658044497,-22.9661106538,0.110243604146,-22.8558670496
-15.56,-40,0,-40,-45.4950714622,0.0287142462529,-45.4663572159,-34.8621423631,-0.0171362706763,-34.8792786338,-22.977923958,0.110181586098,-22.8677423719
-15.52,-40,0,-40,-45.5053768459,0.0287116221401,-45.4766652237,-34.8757199913,-0.0170593075815,-34.8927792989,-22.9897417315,0.110116730201,-22.8796250013
-15.48,-40,0,-40,-45.5156887146,0.0287086021691,-45.4869801124,-34.8893239936,-0.0169824345657,-34.9063064281,-23.0015637355,0.110049052088,-22.8915146834
-15.44,-40,0,-40,-45.5260068657,0.0287051886297,-45.4973016771,-34.9029543517,-0.0169056523829,-34.919860004,-23.01338973,0.109978567438,-22.9034111625
-15.4,-40,0,-40,-45.5363310959,0.0287013838167,-45.507629712,-34.9166110466,-0.0168289617859,-34.9334400084,-23.0252194737,0.109905291974,-22.9153141817
-15.36,-40,0,-40,-45.5466612008,0.0286971900295,-45.5179640108,-34.9302940586,-0.016752363527,-34.9470464221,-23.0370527242,0.109829241464,-22.9272234827
-15.32,-40,0,-40,-45.5569969754,0.0286926095723,-45.5283043658,-34.9440033673,-0.0166758583571,-34.9606792256,-23.0488892377,0.109750431718,-22.939138806
-15.28,-40,0,-40,-45.5673382136,0.0286876447537,-45.5386505689,-34.9577389513,-0.0165994470265,-34.9743383983,-23.0607287693,0.109668878587,-22.9510598907
-15.24,-40,0,-40,-45.5776847088,0.0286822978869,-45.5490024109,-34.9715007888,-0.0165231302843,-34.9880239191,-23.0725710728,0.109584597966,-22.9629864748
-15.2,-40,0,-40,-45.5880362533,0.0286765712891,-45.559359682,-34.985288857,-0.0164469088789,-35.0017357659,-23.0844159007,0.10949760579,-22.9749182949
-15.16,-40,0,-40,-45.5983926387,0.0286704672819,-45.5697221714,-34.9991031324,-0.0163707835573,-35.0154739159,-23.0962630044,0.109407918033,-22.9868550863
-15.12,-40,0,-40,-45.6087536556,0.0286639881911,-45.5800896674,-35.0129435906,-0.016294755066,-35.0292383457,-23.108112134,0.109315550711,-22.9987965832
-15.08,-40,0,-40,-45.619119094,0.0286571363462,-45.5904619577,-35.0268102067,-0.0162188241503,-35.0430290308,-23.1199630384,0.109220519879,-23.0107425185
-15.04,-40,0,-40,-45.6294887431,0.0286499140808,-45.600838829,-35.0407029546,-0.0161429915543,-35.0568459461,-23.1318154653,0.109122841627,-23.0226926237
-15,-40,0,-40,-45.639862391,0.0286423237321,-45.6112200673,-35.0546218076,-0.0160672580214,-35.0706890656,-23.1436691613,0.109022532086,-23.0346466293
-14.96,-40,0,-40,-45.6502398254,0.028634367641,-45.6216054578,-35.0685667382,-0.0159916242939,-35.0845583625,-23.1555238717,0.108919607424,-23.0466042643
-14.92,-40,0,-40,-45.660620833,0.0286260481519,-45.6319947848,-35.082537718,-0.015916091113,-35.0984538091,-23.1673793405,0.108814083844,-23.0585652566
-14.88,-40,0,-40,-45.6710051996,0.0286173676128,-45.6423878319,-35.0965347177,-0.015840659219,-35.1123753769,-23.1792353107,0.108705977585,-23.0705293331
-14.84,-40,0,-40,-45.6813927104,0.0286083283747,-45.652784382,-35.1105577071,-0.0157653293511,-35.1263230364,-23.191091524,0.108595304922,-23.0824962191
-14.8,-40,0,-40,-45.6917831497,0.0285989327921,-45.6631842169,-35.1246066552,-0.0156901022475,-35.1402967575,-23.202947721,0.108482082162,-23.0944656389
-14.76,-40,0,-40,-45.7021763012,0.0285891832225,-45.673587118,-35.1386815302,-0.0156149786452,-35.1542965088,-23.2148036413,0.108366325649,-23.1064373156
-14.72,-40,0,-40,-45.7125719477,0.0285790820262,-45.6839928657,-35.1527822992,-0.0155399592804,-35.1683222585,-23.2266590229,0.108248051757,-23.1184109712
-14.68,-40,0,-40,-45.7229698713,0.0285686315666,-45.6944012397,-35.1669089285,-0.0154650448881,-35.1823739734,-23.2385136031,0.108127276895,-23.1303863262
-14.64,-40,0,-40,-45.7333698532,0.0285578342097,-45.704812019,-35.1810613835,-0.0153902362022,-35.1964516197,-23.2503671178,0.108004017502,-23.1423631003
-14.6,-40,0,-40,-45.7437716742,0.0285466923244,-45.7152249818,-35.1952396285,-0.0153155339555,-35.2105551625,-23.262219302,0.107878290048,-23.1543410119
-14.56,-40,0,-40,-45.7541751139,0.0285352082818,-45.7256399056,-35.2094436271,-0.01524093888,-35.224684566,-23.2740698892,0.107750111034,-23.1663197782
-14.52,-40,0,-40,-45.7645799516,0.0285233844556,-45.7360565671,-35.2236733416,-0.0151664517062,-35.2388397933,-23.2859186122,0.107619496991,-23.1782991152
-14.48,-40,0,-40,-45.7749859656,0.0285112232218,-45.7464747424,-35.2379287337,-0.0150920731638,-35.2530208069,-23.2977652025,0.107486464477,-23.190278738
-14.44,-40,0,-40,-45.7853929337,0.0284987269586,-45.7568942067,-35.2522097638,-0.0150178039813,-35.2672275678,-23.3096093904,0.107351030081,-23.2022583603
-14.4,-40,0,-40,-45.7958006328,0.0284858980464,-45.7673147347,-35.2665163915,-0.0149436448861,-35.2814600364,-23.3214509054,0.107213210418,-23.214237695
-14.36,-40,0,-40,-45.8062088392,0.0284727388674,-45.7777361003,-35.2808485752,-0.0148695966045,-35.2957181718,-23.3332894757,0.107073022129,-23.2262164536
-14.32,-40,0,-40,-45.8166173285,0.0284592518057,-45.7881580767,-35.2952062724,-0.0147956598616,-35.3100019323,-23.3451248285,0.106930481885,-23.2381943466
-14.28,-40,0,-40,-45.8270258756,0.0284454392473,-45.7985804364,-35.3095894395,-0.0147218353815,-35.3243112749,-23.35695669,0.106785606378,-23.2501710836
-14.24,-40,0,-40,-45.8374342549,0.0284313035796,-45.8090029513,-35.323998032,-0.014648123887,-35.3386461559,-23.3687847853,0.106638412327,-23.262146373
-14.2,-40,0,-40,-45.8478422398,0.0284168471919,-45.8194253926,-35.338432004,-0.0145745261,-35.3530065301,-23.3806088385,0.106488916477,-23.274119922
-14.16,-40,0,-40,-45.8582496033,0.0284020724747,-45.8298475308,-35.3528913087,-0.0145010427411,-35.3673923515,-23.3924285726,0.106337135592,-23.286091437
-14.12,-40,0,-40,-45.8686561177,0.0283869818197,-45.8402691359,-35.3673758984,-0.0144276745295,-35.3818035729,-23.4042437097,0.106183086464,-23.2980606232
-14.08,-40,0,-40,-45.8790615547,0.0283715776201,-45.8506899771,-35.3818857238,-0.0143544221838,-35.396240146,-23.4160539709,0.106026785903,-23.310027185
-14.04,-40,0,-40,-45.8894656853,0.0283558622699,-45.861109823,-35.396420735,-0.0142812864209,-35.4107020214,-23.4278590763,0.105868250742,-23.3219908256
-14,-40,0,-40,-45.8998682799,0.0283398381643,-45.8715284417,-35.4109808806,-0.0142082679568,-35.4251891485,-23.4396587451,0.105707497836,-23.3339512472
-13.96,-40,0,-40,-45.9102691084,0.0283235076994,-45.8819456007,-35.4255661081,-0.0141353675062,-35.4397014756,-23.4514526953,0.105544544058,-23.3459081512
-13.92,-40,0,-40,-45.9206679399,0.0283068732718,-45.8923610667,-35.4401763639,-0.0140625857828,-35.4542389497,-23.4632406442,0.105379406302,-23.3578612379
-13.88,-40,0,-40,-45.9310645432,0.0282899372791,-45.9027746059,-35.4548115932,-0.0139899234988,-35.4688015167,-23.4750223082,0.105212101478,-23.3698102067
-13.84,-40,0,-40,-45.9414586862,0.0282727021192,-45.9131859841,-35.4694717399,-0.0139173813654,-35.4833891213,-23.4867974026,0.105042646518,-23.3817547561
-13.8,-40,0,-40,-45.9518501366,0.0282551701904,-45.9235949664,-35.4841567469,-0.0138449600926,-35.4980017069,-23.498565642,0.104871058369,-23.3936945836
-13.76,-40,0,-40,-45.9622386611,0.0282373438916,-45.9340013172,-35.4988665555,-0.0137726603891,-35.5126392159,-23.5103267399,0.104697353993,-23.4056293859
-13.72,-40,0,-40,-45.9726240264,0.0282192256216,-45.9444048007,-35.5136011061,-0.0137004829623,-35.5273015891,-23.5220804092,0.104521550371,-23.4175588588
-13.68,-40,0,-40,-45.9830059981,0.0282008177796,-45.9548051804,-35.5283603377,-0.0136284285187,-35.5419887662,-23.5338263616,0.104343664499,-23.4294826971
-13.64,-40,0,-40,-45.9933843418,0.0281821227644,-45.9652022191,-35.5431441879,-0.0135564977631,-35.5567006856,-23.5455643084,0.104163713384,-23.441400595
-13.6,-40,0,-40,-46.0037588223,0.0281631429752,-45.9755956793,-35.5579525931,-0.0134846913993,-35.5714372845,-23.5572939597,0.10398171405,-23.4533122456
-13.56,-40,0,-40,-46.0141292039,0.0281438808105,-45.9859853231,-35.5727854885,-0.01341301013,-35.5861984986,-23.569015025,0.103797683534,-23.4652173415
-13.52,-40,0,-40,-46.0244952506,0.0281243386687,-45.996370912,-35.5876428077,-0.0133414546563,-35.6009842624,-23.580727213,0.103611638884,-23.4771155741
-13.48,-40,0,-40,-46.0348567258,0.0281045189477,-46.0067522068,-35.6025244832,-0.0132700256783,-35.6157945089,-23.5924302315,0.103423597161,-23.4890066343
-13.44,-40,0,-40,-46.0452133924,0.028084424045,-46.0171289683,-35.617430446,-0.0131987238948,-35.6306291699,-23.6041237878,0.103233575436,-23.5008902123
-13.4,-40,0,-40,-46.0555650129,0.0280640563571,-46.0275009566,-35.6323606257,-0.0131275500031,-35.6454881757,-23.6158075882,0.103041590791,-23.5127659974
-13.36,-40,0,-40,-46.0659113495,0.02804341828,-46.0378679312,-35.6473149505,-0.0130565046994,-35.6603714552,-23.6274813384,0.102847660317,-23.5246336781
-13.32,-40,0,-40,-46.0762521639,0.0280225122088,-46.0482296517,-35.6622933473,-0.0129855886787,-35.675278936,-23.6391447435,0.102651801114,-23.5364929424
-13.28,-40,0,-40,-46.0865872172,0.0280013405376,-46.0585858767,-35.6772957414,-0.0129148026345,-35.690210544,-23.6507975079,0.10245403029,-23.5483434776
-13.24,-40,0,-40,-46.0969162705,0.0279799056591,-46.0689363648,-35.6923220567,-0.012844147259,-35.705166204,-23.6624393351,0.102254364963,-23.5601849701
-13.2,-40,0,-40,-46.1072390841,0.0279582099653,-46.0792808742,-35.7073722156,-0.0127736232434,-35.7201458389,-23.6740699283,0.102052822253,-23.572017106
-13.16,-40,0,-40,-46.1175554184,0.0279362558465,-46.0896191625,-35.7224461392,-0.0127032312771,-35.7351493704,-23.6856889898,0.10184941929,-23.5838395705
-13.12,-40,0,-40,-46.1278650329,0.0279140456918,-46.0999509872,-35.7375437467,-0.0126329720485,-35.7501767187,-23.6972962216,0.101644173209,-23.5956520484
-13.08,-40,0,-40,-46.1381676873,0.0278915818886,-46.1102761054,-35.7526649561,-0.0125628462446,-35.7652278023,-23.7088913248,0.101437101148,-23.6074542237
-13.04,-40,0,-40,-46.1484631407,0.0278688668227,-46.1205942739,-35.7678096837,-0.0124928545511,-35.7803025383,-23.7204740003,0.101228220249,-23.61924578
-13,-40,0,-40,-46.1587511519,0.0278459028782,-46.130905249,-35.7829778443,-0.0124229976522,-35.795400842,-23.7320439481,0.101017547659,-23.6310264005
-12.96,-40,0,-40,-46.1690314794,0.0278226924373,-46.141208787,-35.7981693511,-0.0123532762309,-35.8105226273,-23.7436008681,0.100805100527,-23.6427957675
-12.92,-40,0,-40,-46.1793038817,0.0277992378804,-46.1515046438,-35.8133841156,-0.0122836909689,-35.8256678066,-23.7551444593,0.100590896003,-23.6545535632
-12.88,-40,0,-40,-46.1895681166,0.0277755415855,-46.161792575,-35.8286220478,-0.0122142425463,-35.8408362903,-23.7666744204,0.100374951238,-23.6662994692
-12.84,-40,0,-40,-46.199823942,0.0277516059288,-46.172072336,-35.8438830559,-0.0121449316421,-35.8560279875,-23.7781904499,0.100157283385,-23.6780331665
-12.8,-40,0,-40,-46.2100711154,0.0277274332838,-46.1823436821,-35.8591670466,-0.0120757589336,-35.8712428055,-23.7896922454,0.0999379095957,-23.6897543358
-12.76,-40,0,-40,-46.2203093942,0.0277030260221,-46.1926063681,-35.8744739248,-0.0120067250971,-35.8864806499,-23.8011795046,0.0997168470207,-23.7014626576
-12.72,-40,0,-40,-46.2305385355,0.0276783865123,-46.202860149,-35.8898035937,-0.0119378308072,-35.9017414245,-23.8126519246,0.0994941128093,-23.7131578118
-12.68,-40,0,-40,-46.2407582963,0.0276535171207,-46.2131047792,-35.9051559548,-0.0118690767372,-35.9170250315,-23.824109202,0.0992697241082,-23.7248394779
-12.64,-40,0,-40,-46.2509684335,0.0276284202109,-46.2233400133,-35.9205309078,-0.0118004635591,-35.9323313713,-23.8355510333,0.0990436980611,-23.7365073352
-12.6,-40,0,-40,-46.2611687036,0.0276030981435,-46.2335656055,-35.9359283507,-0.0117319919433,-35.9476603426,-23.8469771147,0.098816051808,-23.7481610629
-12.56,-40,0,-40,-46.2713588633,0.0275775532763,-46.2437813101,-35.9513481797,-0.011663662559,-35.9630118422,-23.8583871421,0.0985868024843,-23.7598003396
-12.52,-40,0,-40,-46.281538669,0.0275517879642,-46.2539868811,-35.966790289,-0.0115954760739,-35.9783857651,-23.869780811,0.0983559672201,-23.7714248438
-12.48,-40,0,-40,-46.291707877,0.0275258045585,-46.2641820725,-35.9822545713,-0.0115274331541,-35.9937820045,-23.8811578169,0.0981235631397,-23.7830342538
-12.44,-40,0,-40,-46.3018662436,0.0274996054079,-46.2743666382,-35.9977409171,-0.0114595344645,-36.0092004516,-23.8925178551,0.0978896073607,-23.7946282477
-12.4,-40,0,-40,-46.312013525,0.0274731928572,-46.2845403322,-36.0132492153,-0.0113917806685,-36.024640996,-23.9038606205,0.0976541169935,-23.8062065035
-12.36,-40,0,-40,-46.3221494774,0.0274465692481,-46.2947029082,-36.0287793527,-0.0113241724279,-36.0401035251,-23.9151858082,0.0974171091402,-23.817768699
-12.32,-40,0,-40,-46.332273857,0.0274197369187,-46.3048541201,-36.0443312141,-0.0112567104033,-36.0555879245,-23.9264931128,0.0971786008946,-23.829314512
-12.28,-40,0,-40,-46.3423864198,0.0273926982032,-46.3149937216,-36.0599046827,-0.0111893952537,-36.071094078,-23.9377822293,0.0969386093405,-23.8408436199
-12.24,-40,0,-40,-46.3524869221,0.0273654554323,-46.3251214667,-36.0754996394,-0.0111222276365,-36.0866218671,-23.9490528522,0.096697151552,-23.8523557006
-12.2,-40,0,-40,-46.3625751201,0.0273380109327,-46.3352371091,-36.0911159633,-0.0110552082079,-36.1021711715,-23.9603046761,0.096454244592,-23.8638504315
-12.16,-40,0,-40,-46.37265077,0.0273103670273,-46.3453404029,-36.1067535313,-0.0109883376225,-36.1177418689,-23.9715373959,0.0962099055121,-23.8753274903
-12.12,-40,0,-40,-46.3827136281,0.0272825260347,-46.3554311021,-36.1224122183,-0.0109216165334,-36.1333338349,-23.982750706,0.0959641513514,-23.8867865547
-12.08,-40,0,-40,-46.392763451,0.0272544902694,-46.3655089607,-36.1380918974,-0.0108550455922,-36.148946943,-23.9939443014,0.0957169991362,-23.8982273023
-12.04,-40,0,-40,-46.4027999951,0.0272262620418,-46.375573733,-36.1537924392,-0.010788625449,-36.1645810646,-24.0051178769,0.095468465879,-23.909649411
-12,-40,0,-40,-46.4128230171,0.0271978436577,-46.3856251734,-36.1695137124,-0.0107223567524,-36.1802360692,-24.0162711274,0.0952185685779,-23.9210525588
-11.96,-40,0,-40,-46.4228322738,0.0271692374185,-46.3956630364,-36.1852555837,-0.0106562401496,-36.1959118238,-24.0274037481,0.0949673242159,-23.9324364239
-11.92,-40,0,-40,-46.4328275223,0.027140445621,-46.4056870767,-36.2010179173,-0.0105902762862,-36.2116081936,-24.0385154343,0.0947147497604,-23.9438006845
-11.88,-40,0,-40,-46.4428085197,0.0271114705574,-46.4156970491,-36.2168005754,-0.0105244658062,-36.2273250412,-24.0496058815,0.0944608621621,-23.9551450193
-11.84,-40,0,-40,-46.4527750234,0.0270823145149,-46.4256927089,-36.232603418,-0.0104588093522,-36.2430622274,-24.0606747855,0.0942056783545,-23.9664691071
-11.8,-40,0,-40,-46.4627267911,0.0270529797761,-46.4356738113,-36.2484263029,-0.0103933075651,-36.2588196105,-24.0717218423,0.0939492152532,-23.9777726271
-11.76,-40,0,-40,-46.4726635807,0.0270234686184,-46.4456401121,-36.2642690855,-0.0103279610846,-36.2745970466,-24.0827467484,0.0936914897552,-23.9890552586
-11.72,-40,0,-40,-46.4825851503,0.0269937833142,-46.455591367,-36.280131619,-0.0102627705485,-36.2903943895,-24.0937492004,0.0934325187383,-24.0003166817
-11.68,-40,0,-40,-46.4924912584,0.0269639261307,-46.4655273323,-36.2960137542,-0.0101977365932,-36.3062114908,-24.1047288955,0.0931723190601,-24.0115565764
-11.64,-40,0,-40,-46.5023816638,0.0269338993297,-46.4754477645,-36.3119153396,-0.0101328598535,-36.3220481994,-24.1156855311,0.0929109075576,-24.0227746236
-11.6,-40,0,-40,-46.5122561257,0.0269037051679,-46.4853524205,-36.3278362214,-0.0100681409627,-36.3379043624,-24.1266188052,0.0926483010464,-24.0339705042
-11.56,-40,0,-40,-46.5221144034,0.0268733458963,-46.4952410575,-36.3437762434,-0.0100035805524,-36.3537798239,-24.1375284162,0.09238451632,-24.0451438999
-11.52,-40,0,-40,-46.531956257,0.0268428237602,-46.5051134332,-36.3597352468,-0.00993917925291,-36.369674426,-24.1484140631,0.0921195701489,-24.0562944929
-11.48,-40,0,-40,-46.5417814465,0.0268121409995,-46.5149693055,-36.3757130705,-0.00987493769261,-36.3855880082,-24.1592754453,0.0918534792804,-24.067421966
-11.44,-40,0,-40,-46.5515897329,0.0267812998481,-46.524808433,-36.3917095509,-0.00981085649849,-36.4015204074,-24.1701122629,0.0915862604373,-24.0785260024
-11.4,-40,0,-40,-46.5613808771,0.0267503025341,-46.5346305746,-36.407724522,-0.0097469362959,-36.4174714583,-24.1809242165,0.0913179303178,-24.0896062862
-11.36,-40,0,-40,-46.5711546409,0.0267191512797,-46.5444354896,-36.423757815,-0.00968317770862,-36.4334409927,-24.1917110075,0.0910485055941,-24.1006625019
-11.32,-40,0,-40,-46.5809107864,0.0266878483009,-46.5542229381,-36.4398092588,-0.00961958135878,-36.4494288402,-24.2024723379,0.0907780029126,-24.111694335
-11.28,-40,0,-40,-46.5906490761,0.0266563958076,-46.5639926803,-36.4558786796,-0.00955614786694,-36.4654348274,-24.2132079104,0.0905064388924,-24.1227014715
-11.24,-40,0,-40,-46.6003692733,0.0266247960033,-46.5737444773,-36.4719659009,-0.00949287785202,-36.4814587788,-24.2239174285,0.0902338301249,-24.1336835984
-11.2,-40,0,-40,-46.6100711417,0.0265930510855,-46.5834780907,-36.4880707438,-0.00942977193132,-36.4975005157,-24.2346005965,0.0899601931733,-24.1446404033
-11.16,-40,0,-40,-46.6197544457,0.0265611632447,-46.5931932825,-36.5041930264,-0.00936683072053,-36.5135598571,-24.2452571194,0.0896855445717,-24.1555715748
-11.12,-40,0,-40,-46.6294189501,0.0265291346653,-46.6028898155,-36.5203325644,-0.00930405483368,-36.5296366192,-24.2558867032,0.0894099008244,-24.1664768024
-11.08,-40,0,-40,-46.6390644206,0.0264969675248,-46.6125674531,-36.5364891706,-0.00924144488317,-36.5457306155,-24.2664890549,0.0891332784053,-24.1773557765
-11.04,-40,0,-40,-46.6486906233,0.0264646639942,-46.6222259593,-36.5526626551,-0.00917900147978,-36.5618416566,-24.2770638821,0.0888556937571,-24.1882081883
-11,-40,0,-40,-46.6582973252,0.0264322262373,-46.631865099,-36.5688528252,-0.0091167252326,-36.5779695504,-24.2876108937,0.0885771632909,-24.1990337304
-10.96,-40,0,-40,-46.6678842939,0.0263996564112,-46.6414846375,-36.5850594853,-0.00905461674908,-36.594114102,-24.2981297995,0.088297703385,-24.2098320961
-10.92,-40,0,-40,-46.6774512976,0.026366956666,-46.651084341,-36.6012824371,-0.00899267663501,-36.6102751137,-24.3086203102,0.0880173303848,-24.2206029798
-10.88,-40,0,-40,-46.6869981056,0.0263341291446,-46.6606639764,-36.6175214793,-0.00893090549451,-36.6264523847,-24.3190821379,0.0877360606017,-24.2313460773
-10.84,-40,0,-40,-46.6965244876,0.0263011759827,-46.6702233116,-36.6337764077,-0.00886930393003,-36.6426457116,-24.3295149955,0.0874539103125,-24.2420610852
-10.8,-40,0,-40,-46.7060302143,0.0262680993087,-46.679762115,-36.6500470152,-0.00880787254234,-36.6588548878,-24.3399185973,0.087170895759,-24.2527477016
-10.76,-40,0,-40,-46.7155150572,0.0262349012437,-46.6892801559,-36.6663330918,-0.0087466119305,-36.6750797038,-24.3502926587,0.0868870331469,-24.2634056256
-10.72,-40,0,-40,-46.7249787886,0.026201583901,-46.6987772047,-36.6826344244,-0.00868552269193,-36.6913199471,-24.3606368963,0.0866023386452,-24.2740345577
-10.68,-40,0,-40,-46.7344211817,0.0261681493867,-46.7082530323,-36.6989507968,-0.0086246054223,-36.7075754023,-24.3709510281,0.0863168283861,-24.2846341997
-10.64,-40,0,-40,-46.7438420107,0.0261345997991,-46.7177074109,-36.71528199,-0.00856386071561,-36.7238458507,-24.3812347733,0.0860305184634,-24.2952042549
-10.6,-40,0,-40,-46.7532410505,0.0261009372285,-46.7271401132,-36.7316277815,-0.00850328916414,-36.7401310706,-24.3914878525,0.0857434249324,-24.3057444276
-10.56,-40,0,-40,-46.762618077,0.0260671637578,-46.7365509133,-36.747987946,-0.00844289135847,-36.7564308374,-24.4017099877,0.0854555638094,-24.3162544239
-10.52,-40,0,-40,-46.7719728673,0.0260332814615,-46.7459395859,-36.764362255,-0.00838266788745,-36.7727449229,-24.4119009023,0.0851669510704,-24.3267339512
-10.48,-40,0,-40,-46.7813051993,0.0259992924065,-46.7553059069,-36.7807504767,-0.0083226193382,-36.7890730961,-24.4220603212,0.084877602651,-24.3371827186
-10.44,-40,0,-40,-46.7906148519,0.0259651986511,-46.7646496532,-36.7971523762,-0.00826274629614,-36.8054151225,-24.4321879708,0.0845875344453,-24.3476004364
-10.4,-40,0,-40,-46.7999016051,0.0259310022459,-46.7739706028,-36.8135677152,-0.0082030493449,-36.8217707645,-24.4422835791,0.0842967623057,-24.3579868168
-10.36,-40,0,-40,-46.8091652399,0.0258967052329,-46.7832685347,-36.8299962522,-0.00814352906643,-36.8381397813,-24.4523468756,0.0840053020417,-24.3683415736
-10.32,-40,0,-40,-46.8184055386,0.0258623096457,-46.792543229,-36.8464377425,-0.0080841860409,-36.8545219285,-24.4623775915,0.0837131694199,-24.3786644221
-10.28,-40,0,-40,-46.8276222844,0.0258278175096,-46.8017944669,-36.8628919377,-0.00802502084673,-36.8709169586,-24.4723754596,0.0834203801625,-24.3889550794
-10.24,-40,0,-40,-46.8368152617,0.0257932308412,-46.8110220308,-36.8793585865,-0.00796603406059,-36.8873246205,-24.4823402144,0.0831269499475,-24.3992132645
-10.2,-40,0,-40,-46.8459842561,0.0257585516486,-46.8202257045,-36.8958374337,-0.00790722625738,-36.90374466,-24.4922715923,0.0828328944073,-24.4094386979
-10.16,-40,0,-40,-46.8551290544,0.025723781931,-46.8294052725,-36.9123282211,-0.00784859801025,-36.9201768191,-24.5021693313,0.0825382291286,-24.4196311022
-10.12,-40,0,-40,-46.8642494447,0.0256889236789,-46.838560521,-36.9288306866,-0.00779014989056,-36.9366208365,-24.5120331714,0.0822429696514,-24.4297902018
-10.08,-40,0,-40,-46.8733452161,0.0256539788739,-46.8476912372,-36.9453445649,-0.00773188246789,-36.9530764473,-24.5218628543,0.0819471314686,-24.4399157228
-10.04,-40,0,-40,-46.8824161592,0.0256189494886,-46.8567972097,-36.9618695869,-0.00767379631004,-36.9695433832,-24.5316581236,0.0816507300252,-24.4500073936
-10,-40,0,-40,-46.8914620658,0.0255838374865,-46.8658782283,-36.9784054803,-0.00761589198303,-36.9860213722,-24.5414187251,0.0813537807175,-24.4600649444
-9.96,-40,0,-40,-46.900482729,0.0255486448221,-46.8749340842,-36.9949519687,-0.00755817005109,-37.0025101387,-24.5511444063,0.0810562988928,-24.4700881074
-9.92,-40,0,-40,-46.9094779433,0.0255133734404,-46.8839645699,-37.0115087724,-0.00750063107661,-37.0190094034,-24.5608349168,0.0807582998486,-24.4800766169
-9.88,-40,0,-40,-46.9184475047,0.0254780252774,-46.8929694794,-37.0280756078,-0.00744327562022,-37.0355188835,-24.5704900083,0.0804597988316,-24.4900302095
-9.84,-40,0,-40,-46.9273912102,0.0254426022594,-46.901948608,-37.0446521879,-0.00738610424073,-37.0520382921,-24.5801094347,0.080160811038,-24.4999486236
-9.8,-40,0,-40,-46.9363088587,0.0254071063034,-46.9109017524,-37.0612382215,-0.00732911749511,-37.068567339,-24.5896929518,0.0798613516116,-24.5098316002
-9.76,-40,0,-40,-46.9452002502,0.0253715393168,-46.9198287109,-37.077833414,-0.00727231593854,-37.0851057299,-24.5992403178,0.0795614356443,-24.5196788821
-9.72,-40,0,-40,-46.9540651863,0.0253359031975,-46.9287292831,-37.0944374668,-0.00721570012436,-37.1016531669,-24.608751293,0.0792610781747,-24.5294902148
-9.68,-40,0,-40,-46.9629034702,0.0253001998335,-46.9376032703,-37.1110500775,-0.00715927060408,-37.1182093481,-24.61822564,0.0789602941878,-24.5392653458
-9.64,-40,0,-40,-46.9717149063,0.0252644311029,-46.9464504752,-37.1276709397,-0.00710302792737,-37.1347739677,-24.6276631238,0.0786590986146,-24.5490040252
-9.6,-40,0,-40,-46.9804993009,0.0252285988743,-46.955270702,-37.1442997434,-0.00704697264206,-37.151346716,-24.6370635115,0.0783575063307,-24.5587060051
-9.56,-40,0,-40,-46.9892564617,0.025192705006,-46.9640637567,-37.1609361742,-0.00699110529414,-37.1679272795,-24.6464265728,0.0780555321565,-24.5683710406
-9.52,-40,0,-40,-46.997986198,0.0251567513464,-46.9728294466,-37.177579914,-0.00693542642775,-37.1845153404,-24.6557520796,0.0777531908562,-24.5779988888
-9.48,-40,0,-40,-47.0066883208,0.0251207397338,-46.981567581,-37.1942306406,-0.00687993658515,-37.2011105772,-24.6650398066,0.077450497137,-24.5875893095
-9.44,-40,0,-40,-47.0153626426,0.0250846719963,-46.9902779706,-37.2108880278,-0.00682463630677,-37.2177126641,-24.6742895306,0.077147465649,-24.597142065
-9.4,-40,0,-40,-47.0240089778,0.0250485499518,-46.9989604278,-37.2275517453,-0.00676952613116,-37.2343212714,-24.6835010312,0.0768441109841,-24.6066569203
-9.36,-40,0,-40,-47.0326271422,0.0250123754076,-47.0076147668,-37.2442214585,-0.00671460659499,-37.2509360651,-24.6926740905,0.0765404476755,-24.6161336428
-9.32,-40,0,-40,-47.0412169535,0.0249761501609,-47.0162408034,-37.260896829,-0.00665987823306,-37.2675567072,-24.7018084931,0.0762364901973,-24.6255720029
-9.28,-40,0,-40,-47.0497782313,0.0249398759983,-47.0248383553,-37.2775775137,-0.00660534157829,-37.2841828553,-24.7109040264,0.0759322529637,-24.6349717734
-9.24,-40,0,-40,-47.0583107966,0.0249035546957,-47.0334072419,-37.2942631657,-0.00655099716171,-37.3008141629,-24.7199604803,0.0756277503283,-24.64433273
-9.2,-40,0,-40,-47.0668144724,0.0248671880187,-47.0419472844,-37.3109534338,-0.00649684551246,-37.3174502793,-24.7289776477,0.0753229965838,-24.6536546511
-9.16,-40,0,-40,-47.0752890836,0.0248307777217,-47.0504583059,-37.3276479622,-0.00644288715779,-37.3340908493,-24.737955324,0.0750180059611,-24.662937318
-9.12,-40,0,-40,-47.0837344567,0.0247943255488,-47.0589401312,-37.3443463911,-0.00638912262303,-37.3507355137,-24.7468933075,0.0747127926289,-24.6721805149
-9.08,-40,0,-40,-47.0921504204,0.0247578332329,-47.0673925871,-37.3610483561,-0.00633555243162,-37.3673839085,-24.7557913993,0.0744073706929,-24.6813840286
-9.04,-40,0,-40,-47.1005368049,0.0247213024961,-47.0758155024,-37.3777534885,-0.00628217710508,-37.3840356657,-24.7646494034,0.0741017541955,-24.6905476492
-9,-40,0,-40,-47.1088934425,0.0246847350496,-47.0842087075,-37.3944614154,-0.00622899716302,-37.4006904125,-24.7734671266,0.073795957115,-24.6996711695
-8.96,-40,0,-40,-47.1172201676,0.0246481325934,-47.092572035,-37.4111717589,-0.00617601312313,-37.417347772,-24.7822443789,0.0734899933648,-24.7087543855
-8.92,-40,0,-40,-47.1255168163,0.0246114968163,-47.1009053195,-37.4278841371,-0.00612322550116,-37.4340073626,-24.7909809729,0.0731838767934,-24.7177970961
-8.88,-40,0,-40,-47.1337832268,0.024574829396,-47.1092083974,-37.4445981633,-0.00607063481094,-37.4506687981,-24.7996767245,0.0728776211833,-24.7267991033
-8.84,-40,0,-40,-47.1420192392,0.024538131999,-47.1174811072,-37.4613134463,-0.00601824156436,-37.4673316879,-24.8083314526,0.0725712402505,-24.7357602123
-8.8,-40,0,-40,-47.1502246958,0.0245014062802,-47.1257232895,-37.4780295904,-0.00596604627139,-37.4839956367,-24.816944979,0.0722647476443,-24.7446802314
-8.76,-40,0,-40,-47.1583994409,0.0244646538834,-47.133934787,-37.4947461951,-0.00591404944002,-37.5006602446,-24.8255171289,0.0719581569461,-24.7535589719
-8.72,-40,0,-40,-47.1665433207,0.0244278764407,-47.1421154443,-37.5114628554,-0.00586225157631,-37.517325107,-24.8340477303,0.0716514816695,-24.7623962486
-8.68,-40,0,-40,-47.1746561838,0.0243910755727,-47.1502651082,-37.5281791614,-0.00581065318438,-37.5339898146,-24.8425366147,0.071344735259,-24.7711918794
-8.64,-40,0,-40,-47.1827378806,0.0243542528883,-47.1583836277,-37.5448946987,-0.00575925476635,-37.5506539535,-24.8509836166,0.0710379310902,-24.7799456855
-8.6,-40,0,-40,-47.1907882639,0.024317409985,-47.1664708539,-37.561609048,-0.00570805682241,-37.5673171048,-24.8593885739,0.0707310824686,-24.7886574914
-8.56,-40,0,-40,-47.1988071884,0.0242805484482,-47.17452664,-37.5783217852,-0.00565705985078,-37.5839788451,-24.8677513276,0.0704242026295,-24.797327125
-8.52,-40,0,-40,-47.2067945113,0.0242436698518,-47.1825508415,-37.5950324815,-0.00560626434768,-37.6006387459,-24.8760717222,0.070117304737,-24.8059544174
-8.48,-40,0,-40,-47.2147500917,0.0242067757576,-47.190543316,-37.6117407031,-0.00555567080739,-37.6172963739,-24.8843496053,0.069810401884,-24.8145392035
-8.44,-40,0,-40,-47.2226737912,0.0241698677156,-47.1985039235,-37.6284460114,-0.00550527972217,-37.6339512911,-24.8925848283,0.0695035070911,-24.8230813212
-8.4,-40,0,-40,-47.2305654734,0.0241329472637,-47.2064325261,-37.6451479629,-0.00545509158232,-37.6506030545,-24.9007772454,0.0691966333063,-24.8315806121
-8.36,-40,0,-40,-47.2384250042,0.0240960159278,-47.2143289883,-37.661846109,-0.00540510687615,-37.6672512159,-24.9089267148,0.0688897934046,-24.8400369214
-8.32,-40,0,-40,-47.246252252,0.0240590752217,-47.2221931768,-37.6785399964,-0.00535532608994,-37.6838953225,-24.9170330978,0.0685830001871,-24.8484500976
-8.28,-40,0,-40,-47.2540470874,0.024022126647,-47.2300249607,-37.6952291665,-0.005305749708,-37.7005349162,-24.9250962593,0.0682762663807,-24.8568199929
-8.24,-40,0,-40,-47.2618093831,0.023985171693,-47.2378242115,-37.7119131559,-0.00525637821264,-37.7171695341,-24.9331160678,0.0679696046376,-24.8651464631
-8.2,-40,0,-40,-47.2695390146,0.0239482118368,-47.2455908027,-37.728591496,-0.00520721208413,-37.7337987081,-24.9410923952,0.0676630275346,-24.8734293677
-8.16,-40,0,-40,-47.2772358593,0.023911248543,-47.2533246107,-37.7452637131,-0.00515825180075,-37.7504219649,-24.9490251171,0.0673565475728,-24.8816685695
-8.12,-40,0,-40,-47.2848997972,0.0238742832638,-47.2610255139,-37.7619293286,-0.00510949783876,-37.7670388264,-24.9569141126,0.0670501771769,-24.8898639355
-8.08,-40,0,-40,-47.2925307108,0.0238373174392,-47.2686933934,-37.7785878583,-0.00506095067239,-37.783648809,-24.9647592646,0.0667439286944,-24.8980153359
-8.04,-40,0,-40,-47.3001284849,0.0238003524963,-47.2763281324,-37.7952388134,-0.00501261077384,-37.8002514242,-24.9725604595,0.0664378143958,-24.9061226451
-8,-40,0,-40,-47.3076930068,0.0237633898498,-47.2839296169,-37.8118816994,-0.00496447861328,-37.816846178,-24.9803175873,0.0661318464735,-24.9141857409
-7.96,-40,0,-40,-47.3152241661,0.0237264309016,-47.2914977352,-37.8285160169,-0.00491655465885,-37.8334325716,-24.988030542,0.0658260370413,-24.922204505
-7.92,-40,0,-40,-47.3227218551,0.0236894770411,-47.2990323781,-37.8451412611,-0.00486883937664,-37.8500101005,-24.9956992211,0.0655203981344,-24.9301788229
-7.88,-40,0,-40,-47.3301859685,0.0236525296449,-47.3065334388,-37.861756922,-0.00482133323071,-37.8665782552,-25.0033235258,0.0652149417083,-24.9381085841
-7.84,-40,0,-40,-47.3376164035,0.0236155900766,-47.3140008134,-37.8783624842,-0.00477403668306,-37.8831365209,-25.0109033614,0.0649096796385,-24.9459936817
-7.8,-40,0,-40,-47.3450130598,0.0235786596871,-47.3214344001,-37.8949574271,-0.00472695019363,-37.8996843772,-25.0184386366,0.0646046237203,-24.9538340129
-7.76,-40,0,-40,-47.3523758397,0.0235417398145,-47.3288340999,-37.9115412246,-0.00468007422032,-37.9162212988,-25.0259292643,0.0642997856677,-24.9616294786
-7.72,-40,0,-40,-47.3597046481,0.0235048317836,-47.3361998163,-37.9281133454,-0.00463340921896,-37.9327467546,-25.0333751609,0.0639951771135,-24.9693799838
-7.68,-40,0,-40,-47.3669993924,0.0234679369064,-47.3435314555,-37.9446732527,-0.0045869556433,-37.9492602083,-25.040776247,0.0636908096085,-24.9770854374
-7.64,-40,0,-40,-47.3742599826,0.0234310564818,-47.3508289261,-37.9612204043,-0.00454071394504,-37.9657611183,-25.0481324468,0.0633866946211,-24.9847457522
-7.6,-40,0,-40,-47.3814863314,0.0233941917955,-47.3580921396,-37.9777542527,-0.00449468457379,-37.9822489373,-25.0554436885,0.0630828435367,-24.992360845
-7.56,-40,0,-40,-47.3886783539,0.0233573441203,-47.3653210098,-37.9942742448,-0.0044488679771,-37.9987231128,-25.0627099044,0.0627792676575,-24.9999306367
-7.52,-40,0,-40,-47.3958359682,0.0233205147153,-47.3725154535,-38.0107798221,-0.00440326460042,-38.0151830867,-25.0699310304,0.0624759782017,-25.0074550522
-7.48,-40,0,-40,-47.4029590948,0.0232837048268,-47.37967539,-38.0272704205,-0.00435787488711,-38.0316282954,-25.0771070067,0.0621729863033,-25.0149340204
-7.44,-40,0,-40,-47.4100476569,0.0232469156874,-47.3868007412,-38.0437454706,-0.00431269927846,-38.0480581699,-25.0842377773,0.0618703030113,-25.0223674743
-7.4,-40,0,-40,-47.4171015803,0.0232101485167,-47.3938914318,-38.0602043973,-0.00426773821365,-38.0644721355,-25.0913232902,0.0615679392898,-25.0297553509
-7.36,-40,0,-40,-47.4241207938,0.0231734045206,-47.4009473892,-38.0766466201,-0.00422299212975,-38.0808696122,-25.0983634975,0.0612659060169,-25.0370975915
-7.32,-40,0,-40,-47.4311052285,0.0231366848916,-47.4079685436,-38.0930715529,-0.00417846146175,-38.0972500143,-25.1053583552,0.0609642139846,-25.0443941413
-7.28,-40,0,-40,-47.4380548185,0.0230999908088,-47.4149548277,-38.109478604,-0.00413414664251,-38.1136127506,-25.1123078235,0.0606628738985,-25.0516449496
-7.24,-40,0,-40,-47.4449695007,0.0230633234378,-47.4219061773,-38.1258671761,-0.00409004810281,-38.1299572242,-25.1192118666,0.0603618963767,-25.0588499702
-7.2,-40,0,-40,-47.4518492144,0.0230266839303,-47.4288225305,-38.1422366665,-0.00404616627128,-38.1462828328,-25.1260704526,0.0600612919504,-25.0660091606
-7.16,-40,0,-40,-47.458693902,0.0229900734247,-47.4357038286,-38.1585864668,-0.00400250157444,-38.1625889683,-25.1328835539,0.0597610710623,-25.0731224828
-7.12,-40,0,-40,-47.4655035085,0.0229534930456,-47.4425500154,-38.1749159628,-0.00395905443671,-38.1788750173,-25.1396511469,0.059461244067,-25.0801899028
-7.08,-40,0,-40,-47.4722779816,0.0229169439038,-47.4493610377,-38.1912245351,-0.00391582528035,-38.1951403604,-25.1463732121,0.0591618212304,-25.0872113909
-7.04,-40,0,-40,-47.4790172721,0.0228804270964,-47.456136845,-38.2075115583,-0.0038728145255,-38.2113843728,-25.1530497343,0.058862812729,-25.0941869215
-7,-40,0,-40,-47.4857213332,0.0228439437069,-47.4628773895,-38.2237764015,-0.00383002259018,-38.2276064241,-25.159680702,0.0585642286497,-25.1011164734
-6.96,-40,0,-40,-47.4923901213,0.0228074948046,-47.4695826264,-38.2400184284,-0.00378744989025,-38.2438058783,-25.1662661083,0.0582660789893,-25.1080000293
-6.92,-40,0,-40,-47.4990235952,0.0227710814452,-47.4762525138,-38.2562369967,-0.00374509683945,-38.2599820935,-25.1728059501,0.0579683736541,-25.1148375765
-6.88,-40,0,-40,-47.5056217169,0.0227347046703,-47.4828870123,-38.2724314586,-0.00370296384934,-38.2761344225,-25.1793002287,0.0576711224597,-25.1216291063
-6.84,-40,0,-40,-47.5121844511,0.0226983655076,-47.4894860856,-38.2886011609,-0.00366105132936,-38.2922622122,-25.1857489494,0.0573743351301,-25.1283746143
-6.8,-40,0,-40,-47.5187117653,0.022662064971,-47.4960497003,-38.3047454443,-0.00361935968678,-38.308364804,-25.1921521218,0.057078021298,-25.1350741005
-6.76,-40,0,-40,-47.5252036298,0.02262580406,-47.5025778257,-38.3208636444,-0.00357788932673,-38.3244415337,-25.1985097594,0.0567821905035,-25.1417275689
-6.72,-40,0,-40,-47.5316600179,0.0225895837604,-47.5090704342,-38.3369550907,-0.00353664065214,-38.3404917314,-25.2048218802,0.0564868521947,-25.148335028
-6.68,-40,0,-40,-47.5380809058,0.0225534050437,-47.5155275008,-38.3530191074,-0.00349561406382,-38.3565147215,-25.2110885061,0.0561920157265,-25.1548964904
-6.64,-40,0,-40,-47.5444662724,0.0225172688672,-47.5219490035,-38.3690550129,-0.00345480996038,-38.3725098229,-25.2173096635,0.0558976903607,-25.1614119731
-6.6,-40,0,-40,-47.5508160995,0.0224811761743,-47.5283349233,-38.3850621201,-0.00341422873827,-38.3884763489,-25.2234853827,0.0556038852654,-25.1678814974
-6.56,-40,0,-40,-47.5571303718,0.0224451278939,-47.534685244,-38.4010397362,-0.00337387079177,-38.404413607,-25.2296156982,0.0553106095146,-25.1743050887
-6.52,-40,0,-40,-47.5634090772,0.0224091249409,-47.5409999522,-38.4169871628,-0.00333373651295,-38.4203208993,-25.235700649,0.0550178720882,-25.1806827769
-6.48,-40,0,-40,-47.5696522059,0.0223731682157,-47.5472790377,-38.4329036961,-0.00329382629173,-38.4361975224,-25.2417402779,0.054725681871,-25.187014596
-6.44,-40,0,-40,-47.5758597515,0.0223372586047,-47.5535224929,-38.4487886265,-0.00325414051582,-38.452042767,-25.247734632,0.0544340476529,-25.1933005843
-6.4,-40,0,-40,-47.5820317103,0.0223013969797,-47.5597303133,-38.464641239,-0.00321467957076,-38.4678559185,-25.2536837628,0.0541429781283,-25.1995407846
-6.36,-40,0,-40,-47.5881680815,0.0222655841984,-47.5659024973,-38.480460813,-0.00317544383988,-38.4836362568,-25.2595877257,0.0538524818957,-25.2057352438
-6.32,-40,0,-40,-47.5942688672,0.0222298211038,-47.5720390461,-38.4962466223,-0.0031364337043,-38.4993830561,-25.2654465804,0.0535625674574,-25.211884013
-6.28,-40,0,-40,-47.6003340725,0.0221941085247,-47.578139964,-38.5119979355,-0.00309764954297,-38.5150955851,-25.2712603909,0.0532732432193,-25.2179871477
-6.24,-40,0,-40,-47.6063637054,0.0221584472754,-47.5842052582,-38.5277140155,-0.00305909173261,-38.5307731072,-25.2770292252,0.0529845174905,-25.2240447077
-6.2,-40,0,-40,-47.6123577768,0.0221228381559,-47.5902349386,-38.5433941196,-0.00302076064775,-38.5464148803,-25.2827531555,0.0526963984826,-25.2300567571
-6.16,-40,0,-40,-47.6183163003,0.0220872819514,-47.5962290184,-38.5590375,-0.00298265666068,-38.5620201567,-25.2884322583,0.0524088943099,-25.236023364
-6.12,-40,0,-40,-47.6242392928,0.0220517794328,-47.6021875134,-38.5746434033,-0.0029447801415,-38.5775881835,-25.294066614,0.0521220129889,-25.241944601
-6.08,-40,0,-40,-47.6301267739,0.0220163313563,-47.6081104426,-38.5902110709,-0.00290713145809,-38.5931182023,-25.2996563074,0.0518357624378,-25.247820545
-6.04,-40,0,-40,-47.6359787662,0.0219809384637,-47.6139978277,-38.6057397386,-0.00286971097608,-38.6086094496,-25.3052014274,0.0515501504763,-25.2536512769
-6,-40,0,-40,-47.641795295,0.0219456014821,-47.6198496935,-38.6212286371,-0.00283251905892,-38.6240611562,-25.310702067,0.0512651848254,-25.2594368821
-5.96,-40,0,-40,-47.6475763889,0.021910321124,-47.6256660677,-38.6366769918,-0.00279555606779,-38.6394725479,-25.3161583232,0.0509808731068,-25.2651774501
-5.92,-40,0,-40,-47.653322079,0.0218750980874,-47.6314469809,-38.6520840228,-0.00275882236165,-38.6548428452,-25.3215702973,0.0506972228431,-25.2708730744
-5.88,-40,0,-40,-47.6590323997,0.0218399330553,-47.6371924667,-38.6674489452,-0.00272231829724,-38.6701712635,-25.3269380947,0.0504142414569,-25.2765238532
-5.84,-40,0,-40,-47.6647073881,0.0218048266964,-47.6429025614,-38.6827709686,-0.00268604422903,-38.6854570128,-25.3322618248,0.0501319362709,-25.2821298886
-5.8,-40,0,-40,-47.6703470842,0.0217697796645,-47.6485773046,-38.6980492978,-0.00265000050928,-38.7006992983,-25.3375416012,0.0498503145075,-25.2876912867
-5.76,-40,0,-40,-47.6759515311,0.0217347925987,-47.6542167385,-38.7132831325,-0.00261418748799,-38.71589732,-25.3427775415,0.0495693832885,-25.2932081582
-5.72,-40,0,-40,-47.6815207744,0.0216998661233,-47.6598209083,-38.7284716672,-0.0025786055129,-38.7310502727,-25.3479697673,0.049289149635,-25.2986806176
-5.68,-40,0,-40,-47.6870548631,0.0216650008481,-47.6653898623,-38.7436140916,-0.00254325492952,-38.7461573465,-25.3531184044,0.0490096204667,-25.3041087839
-5.64,-40,0,-40,-47.6925538488,0.0216301973679,-47.6709236515,-38.7587095904,-0.00250813608108,-38.7612177265,-25.3582235825,0.0487308026021,-25.3094927799
-5.6,-40,0,-40,-47.6980177861,0.0215954562627,-47.6764223298,-38.7737573437,-0.00247324930858,-38.776230593,-25.3632854353,0.0484527027579,-25.3148327326
-5.56,-40,0,-40,-47.7034467324,0.0215607780978,-47.6818859543,-38.7887565263,-0.00243859495074,-38.7911951213,-25.3683041008,0.048175327549,-25.3201287732
-5.52,-40,0,-40,-47.708840748,0.0215261634237,-47.6873145846,-38.8037063087,-0.00240417334402,-38.8061104821,-25.3732797206,0.0478986834881,-25.3253810371
-5.48,-40,0,-40,-47.7141998962,0.021491612776,-47.6927082834,-38.8186058566,-0.0023699848226,-38.8209758414,-25.3782124404,0.0476227769853,-25.3305896634
-5.44,-40,0,-40,-47.7195242431,0.0214571266754,-47.6980671164,-38.833454331,-0.00233602971842,-38.8357903607,-25.38310241,0.0473476143483,-25.3357547956
-5.4,-40,0,-40,-47.7248138575,0.0214227056279,-47.7033911519,-38.8482508884,-0.00230230836111,-38.8505531968,-25.3879497829,0.0470732017817,-25.3408765811
-5.36,-40,0,-40,-47.7300688114,0.0213883501244,-47.7086804613,-38.8629946808,-0.00226882107804,-38.8652635019,-25.3927547167,0.0467995453869,-25.3459551713
-5.32,-40,0,-40,-47.7352891793,0.0213540606413,-47.7139351187,-38.8776848559,-0.00223556819431,-38.8799204241,-25.3975173728,0.0465266511621,-25.3509907216
-5.28,-40,0,-40,-47.7404750389,0.0213198376396,-47.7191552013,-38.8923205569,-0.00220255003272,-38.8945231069,-25.4022379164,0.0462545250017,-25.3559833914
-5.24,-40,0,-40,-47.7456264704,0.0212856815658,-47.7243407888,-38.9069009228,-0.00216976691379,-38.9090706897,-25.4069165169,0.0459831726965,-25.3609333442
-5.2,-40,0,-40,-47.750743557,0.0212515928514,-47.7294919642,-38.9214250884,-0.00213721915575,-38.9235623076,-25.411553347,0.045712599933,-25.3658407471
-5.16,-40,0,-40,-47.7558263847,0.0212175719128,-47.7346088128,-38.9358921846,-0.00210490707455,-38.9379970917,-25.4161485837,0.0454428122937,-25.3707057714
-5.12,-40,0,-40,-47.7608750423,0.0211836191516,-47.7396914232,-38.950301338,-0.00207283098383,-38.952374169,-25.4207024075,0.0451738152564,-25.3755285923
-5.08,-40,0,-40,-47.7658896215,0.0211497349546,-47.7447398865,-38.9646516715,-0.00204099119493,-38.9666926627,-25.4252150028,0.0449056141943,-25.3803093886
-5.04,-40,0,-40,-47.7708702165,0.0211159196934,-47.7497542968,-38.9789423039,-0.0020093880169,-38.9809516919,-25.4296865576,0.044638214376,-25.3850483432
-5,-40,0,-40,-47.7758169246,0.0210821737247,-47.7547347509,-38.9931723504,-0.00197802175649,-38.9951503722,-25.4341172637,0.0443716209647,-25.3897456428
-4.96,-40,0,-40,-47.7807298457,0.0210484973905,-47.7596813483,-39.0073409227,-0.00194689271814,-39.0092878154,-25.4385073167,0.0441058390185,-25.3944014777
-4.92,-40,0,-40,-47.7856090825,0.0210148910176,-47.7645941915,-39.0214471286,-0.00191600120396,-39.0233631298,-25.4428569158,0.0438408734902,-25.3990160423
-4.88,-40,0,-40,-47.7904547404,0.0209813549179,-47.7694733855,-39.0354900728,-0.00188534751379,-39.0373754203,-25.4471662636,0.0435767292269,-25.4035895344
-4.84,-40,0,-40,-47.7952669277,0.0209478893882,-47.7743190383,-39.0494688564,-0.00185493194512,-39.0513237884,-25.4514355667,0.0433134109699,-25.4081221557
-4.8,-40,0,-40,-47.8000457552,0.0209144947107,-47.7791312605,-39.0633825774,-0.00182475479313,-39.0652073322,-25.4556650351,0.0430509233547,-25.4126141117
-4.76,-40,0,-40,-47.8047913366,0.0208811711522,-47.7839101654,-39.0772303304,-0.00179481635069,-39.0790251468,-25.4598548823,0.0427892709107,-25.4170656113
-4.72,-40,0,-40,-47.809503788,0.0208479189649,-47.7886558691,-39.0910112074,-0.00176511690834,-39.0927763243,-25.4640053254,0.0425284580609,-25.4214768673
-4.68,-40,0,-40,-47.8141832287,0.0208147383857,-47.7933684903,-39.104724297,-0.00173565675431,-39.1064599538,-25.468116585,0.0422684891222,-25.4258480959
-4.64,-40,0,-40,-47.81882978,0.0207816296368,-47.7980481504,-39.1183686854,-0.00170643617447,-39.1200751216,-25.4721888853,0.0420093683048,-25.430179517
-4.6,-40,0,-40,-47.8234435665,0.0207485929254,-47.8026949736,-39.1319434559,-0.00167745545239,-39.1336209113,-25.4762224538,0.0417510997122,-25.4344713541
-4.56,-40,0,-40,-47.8280247151,0.0207156284435,-47.8073090866,-39.1454476892,-0.00164871486929,-39.1470964041,-25.4802175214,0.0414936873411,-25.438723834
-4.52,-40,0,-40,-47.8325733552,0.0206827363684,-47.8118906188,-39.1588804638,-0.00162021470405,-39.1605006785,-25.4841743224,0.0412371350814,-25.4429371873
-4.48,-40,0,-40,-47.8370896192,0.0206499168623,-47.8164397023,-39.1722408557,-0.00159195523324,-39.1738328109,-25.4880930945,0.0409814467159,-25.4471116478
-4.44,-40,0,-40,-47.8415736417,0.0206171700726,-47.8209564717,-39.1855279387,-0.00156393673106,-39.1870918754,-25.4919740788,0.0407266259201,-25.4512474528
-4.4,-40,0,-40,-47.8460255603,0.0205844961316,-47.8254410641,-39.1987407846,-0.00153615946937,-39.2002769441,-25.4958175195,0.0404726762623,-25.4553448432
-4.36,-40,0,-40,-47.8504455147,0.0205518951567,-47.8298936195,-39.2118784635,-0.0015086237177,-39.2133870872,-25.4996236643,0.0402196012035,-25.459404063
-4.32,-40,0,-40,-47.8548336475,0.0205193672503,-47.8343142802,-39.2249400433,-0.00148132974321,-39.226421373,-25.5033927638,0.0399674040971,-25.4634253597
-4.28,-40,0,-40,-47.8591901037,0.0204869125,-47.8387031912,-39.2379245906,-0.00145427781074,-39.2393788684,-25.5071250722,0.0397160881889,-25.467408984
-4.24,-40,0,-40,-47.8635150307,0.0204545309785,-47.8430604997,-39.2508311704,-0.00142746818273,-39.2522586386,-25.5108208466,0.0394656566171,-25.47135519
-4.2,-40,0,-40,-47.8678085787,0.0204222227434,-47.8473863559,-39.2636588464,-0.00140090111932,-39.2650597475,-25.5144803472,0.039216112412,-25.4752642348
-4.16,-40,0,-40,-47.8720709,0.0203899878376,-47.8516809122,-39.2764066811,-0.00137457687824,-39.277781258,-25.5181038375,0.0389674584962,-25.479136379
-4.12,-40,0,-40,-47.8763021497,0.0203578262889,-47.8559443235,-39.2890737358,-0.0013484957149,-39.2904222315,-25.5216915839,0.0387196976842,-25.4829718862
-4.08,-40,0,-40,-47.8805024852,0.0203257381105,-47.8601767471,-39.3016590712,-0.00132265788232,-39.3029817291,-25.5252438559,0.0384728326827,-25.4867710232
-4.04,-40,0,-40,-47.8846720663,0.0202937233003,-47.864378343,-39.3141617471,-0.00129706363117,-39.3154588107,-25.5287609259,0.0382268660902,-25.4905340598
-4,-40,0,-40,-47.8888110551,0.0202617818419,-47.8685492733,-39.3265808227,-0.00127171320974,-39.3278525359,-25.5322430694,0.037981800397,-25.494261269
-3.96,-40,0,-40,-47.8929196164,0.0202299137035,-47.8726897027,-39.3389153569,-0.00124660686396,-39.3401619638,-25.5356905647,0.0377376379854,-25.4979529267
-3.92,-40,0,-40,-47.8969979171,0.0201981188389,-47.8767997982,-39.3511644083,-0.00122174483739,-39.3523861531,-25.5391036931,0.0374943811294,-25.501609312
-3.88,-40,0,-40,-47.9010461265,0.0201663971868,-47.8808797293,-39.3633270354,-0.00119712737121,-39.3645241628,-25.5424827386,0.0372520319946,-25.5052307066
-3.84,-40,0,-40,-47.9050644163,0.0201347486712,-47.8849296676,-39.3754022969,-0.00117275470422,-39.3765750516,-25.5458279882,0.0370105926386,-25.5088173956
-3.8,-40,0,-40,-47.9090529604,0.0201031732014,-47.8889497872,-39.3873892516,-0.00114862707285,-39.3885378787,-25.5491397316,0.0367700650103,-25.5123696666
-3.76,-40,0,-40,-47.9130119351,0.0200716706718,-47.8929402645,-39.399286959,-0.00112474471114,-39.4004117037,-25.5524182611,0.0365304509503,-25.5158878101
-3.72,-40,0,-40,-47.916941519,0.0200402409621,-47.896901278,-39.411094479,-0.00110110785075,-39.4121955868,-25.5556638719,0.036291752191,-25.5193721197
-3.68,-40,0,-40,-47.9208418927,0.0200088839373,-47.9008330088,-39.4228108723,-0.00107771672097,-39.423888589,-25.5588768619,0.0360539703563,-25.5228228915
-3.64,-40,0,-40,-47.9247132393,0.0199775994475,-47.9047356399,-39.4344352008,-0.00105457154868,-39.4354897724,-25.5620575313,0.0358171069614,-25.5262404244
-3.6,-40,0,-40,-47.928555744,0.0199463873283,-47.9086093567,-39.4459665274,-0.00103167255838,-39.4469982,-25.5652061834,0.0355811634135,-25.52962502
-3.56,-40,0,-40,-47.9323695941,0.0199152474006,-47.9124543467,-39.4574039164,-0.00100901997217,-39.4584129363,-25.5683231236,0.0353461410109,-25.5329769826
-3.52,-40,0,-40,-47.9361549792,0.0198841794706,-47.9162707997,-39.4687464336,-0.000986614009787,-39.4697330476,-25.5714086601,0.0351120409439,-25.5362966191
-3.48,-40,0,-40,-47.9399120909,0.0198531833298,-47.9200589076,-39.4799931466,-0.000964454888531,-39.4809576015,-25.5744631034,0.0348788642941,-25.5395842391
-3.44,-40,0,-40,-47.9436411231,0.0198222587552,-47.9238188644,-39.4911431249,-0.000942542823333,-39.4920856678,-25.5774867666,0.0346466120346,-25.5428401545
-3.4,-40,0,-40,-47.9473422717,0.0197914055092,-47.9275508662,-39.5021954403,-0.000920878026714,-39.5031163183,-25.5804799651,0.0344152850305,-25.54606468
-3.36,-40,0,-40,-47.9510157345,0.0197606233394,-47.9312551112,-39.5131491665,-0.000899460708795,-39.5140486272,-25.5834430167,0.0341848840382,-25.5492581326
-3.32,-40,0,-40,-47.9546617116,0.0197299119793,-47.9349317997,-39.5240033802,-0.000878291077294,-39.5248816713,-25.5863762415,0.0339554097057,-25.5524208318
-3.28,-40,0,-40,-47.9582804051,0.0196992711474,-47.938581134,-39.5347571606,-0.000857369337523,-39.53561453,-25.5892799619,0.0337268625729,-25.5555530994
-3.24,-40,0,-40,-47.961872019,0.019668700548,-47.9422033184,-39.5454095898,-0.000836695692388,-39.5462462855,-25.5921545027,0.0334992430714,-25.5586552596
-3.2,-40,0,-40,-47.9654367592,0.019638199871,-47.9457985594,-39.5559597532,-0.000816270342387,-39.5567760235,-25.5950001907,0.0332725515246,-25.5617276391
-3.16,-40,0,-40,-47.9689748339,0.0196077687915,-47.9493670651,-39.5664067393,-0.000796093485603,-39.5672028328,-25.5978173549,0.0330467881475,-25.5647705667
-3.12,-40,0,-40,-47.9724864528,0.0195774069705,-47.9529090458,-39.5767496404,-0.000776165317712,-39.5775258057,-25.6006063265,0.0328219530473,-25.5677843734
-3.08,-40,0,-40,-47.9759718278,0.0195471140545,-47.9564247138,-39.5869875524,-0.000756486031971,-39.5877440384,-25.6033674388,0.0325980462229,-25.5707693926
-3.04,-40,0,-40,-47.9794311727,0.0195168896758,-47.959914283,-39.5971195752,-0.000737055819222,-39.597856631,-25.6061010271,0.0323750675654,-25.5737259596
-3,-40,0,-40,-47.9828647029,0.019486733452,-47.9633779695,-39.6071448129,-0.00071787486789,-39.6078626878,-25.6088074289,0.0321530168578,-25.576654412
-2.96,-40,0,-40,-47.986272636,0.0194566449868,-47.966815991,-39.6170623742,-0.000698943363981,-39.6177613175,-25.6114869833,0.0319318937755,-25.5795550895
-2.92,-40,0,-40,-47.989655191,0.0194266238694,-47.9702285672,-39.6268713719,-0.000680261491077,-39.6275516334,-25.6141400318,0.0317116978859,-25.5824283339
-2.88,-40,0,-40,-47.9930125891,0.0193966696748,-47.9736159195,-39.6365709243,-0.000661829430338,-39.6372327537,-25.6167669174,0.031492428649,-25.5852744887
-2.84,-40,0,-40,-47.9963450531,0.019366781964,-47.9769782711,-39.6461601541,-0.000643647360501,-39.6468038015,-25.6193679852,0.0312740854168,-25.5880938997
-2.8,-40,0,-40,-47.9996528073,0.0193369602835,-47.980315847,-39.6556381898,-0.000625715457872,-39.6562639053,-25.621943582,0.0310566674344,-25.5908869146
-2.76,-40,0,-40,-48.0029360782,0.0193072041658,-47.983628874,-39.6650041651,-0.000608033896337,-39.665612199,-25.6244940565,0.0308401738391,-25.5936538827
-2.72,-40,0,-40,-48.0061950935,0.0192775131295,-47.9869175804,-39.6742572194,-0.000590602847342,-39.6748478222,-25.6270197592,0.0306246036611,-25.5963951555
-2.68,-40,0,-40,-48.0094300829,0.0192478866789,-47.9901821963,-39.6833964981,-0.000573422479911,-39.6839699206,-25.6295210419,0.0304099558235,-25.5991110861
-2.64,-40,0,-40,-48.0126412777,0.0192183243042,-47.9934229534,-39.6924211528,-0.000556492960631,-39.6929776458,-25.6319982586,0.0301962291422,-25.6018020295
-2.6,-40,0,-40,-48.0158289107,0.0191888254819,-47.9966400852,-39.7013303414,-0.000539814453655,-39.7018701559,-25.6344517646,0.0299834223263,-25.6044683422
-2.56,-40,0,-40,-48.0189932163,0.0191593896743,-47.9998338267,-39.7101232284,-0.000523387120699,-39.7106466155,-25.6368819168,0.0297715339783,-25.6071103828
-2.52,-40,0,-40,-48.0221344306,0.0191300163299,-48.0030044143,-39.7187989852,-0.000507211121045,-39.7193061963,-25.6392890738,0.0295605625938,-25.6097285113
-2.48,-40,0,-40,-48.0252527911,0.0191007048833,-48.0061520862,-39.7273567899,-0.000491286611535,-39.7278480766,-25.6416735957,0.029350506562,-25.6123230891
-2.44,-40,0,-40,-48.0283485369,0.0190714547551,-48.0092770822,-39.7357958284,-0.000475613746567,-39.7362714422,-25.6440358439,0.0291413641659,-25.6148944797
-2.4,-40,0,-40,-48.0314219086,0.0190422653524,-48.0123796432,-39.7441152937,-0.000460192678105,-39.7445754864,-25.6463761814,0.028933133582,-25.6174430478
-2.36,-40,0,-40,-48.0344731481,0.0190131360683,-48.0154600121,-39.7523143866,-0.000445023555665,-39.7527594101,-25.6486949725,0.0287258128811,-25.6199691596
-2.32,-40,0,-40,-48.0375024991,0.0189840662822,-48.0185184328,-39.7603923158,-0.000430106526317,-39.7608224223,-25.6509925829,0.0285194000278,-25.6224731829
-2.28,-40,0,-40,-48.0405102062,0.01895505536,-48.0215551509,-39.7683482981,-0.00041544173469,-39.7687637399,-25.6532693797,0.0283138928812,-25.6249554868
-2.24,-40,0,-40,-48.0434965159,0.0189261026537,-48.0245704133,-39.7761815589,-0.000401029322964,-39.7765825882,-25.6555257312,0.0281092891949,-25.627416442
-2.2,-40,0,-40,-48.0464616758,0.0188972075019,-48.0275644683,-39.783891332,-0.00038686943087,-39.7842782014,-25.6577620069,0.027905586617,-25.6298564202
-2.16,-40,0,-40,-48.0494059349,0.0188683692296,-48.0305375657,-39.7914768599,-0.000372962195689,-39.7918498221,-25.6599785775,0.0277027826905,-25.6322757948
-2.12,-40,0,-40,-48.0523295434,0.0188395871483,-48.0334899563,-39.7989373944,-0.000359307752254,-39.7992967022,-25.6621758151,0.0275008748532,-25.6346749402
-2.08,-40,0,-40,-48.055232753,0.018810860556,-48.0364218924,-39.8062721964,-0.000345906232942,-39.8066181027,-25.6643540926,0.0272998604385,-25.6370542322
-2.04,-40,0,-40,-48.0581158164,0.0187821887373,-48.0393336277,-39.8134805362,-0.00033275776768,-39.813813294,-25.6665137843,0.027099736675,-25.6394140477
-2,-40,0,-40,-48.0609789878,0.0187535709635,-48.0422254169,-39.8205616939,-0.000319862483938,-39.8208815564,-25.6686552654,0.0269005006866,-25.6417547648
-1.96,-40,0,-40,-48.0638225225,0.0187250064924,-48.0450975161,-39.8275149594,-0.000307220506734,-39.8278221799,-25.6707789122,0.0267021494936,-25.6440767627
-1.92,-40,0,-40,-48.066646677,0.0186964945687,-48.0479501824,-39.8343396327,-0.000294831958624,-39.8346344647,-25.6728851018,0.0265046800119,-25.6463804218
-1.88,-40,0,-40,-48.0694517089,0.0186680344238,-48.0507836745,-39.8410350242,-0.000282696959709,-39.8413177212,-25.6749742125,0.0263080890537,-25.6486661235
-1.84,-40,0,-40,-48.0722378769,0.018639625276,-48.0535982516,-39.8476004547,-0.000270815627633,-39.8478712704,-25.6770466235,0.0261123733278,-25.6509342501
-1.8,-40,0,-40,-48.075005441,0.0186112663304,-48.0563941747,-39.8540352559,-0.000259188077575,-39.854294444,-25.6791027146,0.0259175294396,-25.6531851851
-1.76,-40,0,-40,-48.0777546622,0.0185829567789,-48.0591717054,-39.8603387702,-0.000247814422258,-39.8605865847,-25.6811428667,0.0257235538914,-25.6554193128
-1.72,-40,0,-40,-48.0804858025,0.0185546958006,-48.0619311067,-39.8665103514,-0.000236694771939,-39.8667470461,-25.6831674615,0.0255304430827,-25.6576370184
-1.68,-40,0,-40,-48.0831991248,0.0185264825615,-48.0646726423,-39.8725493643,-0.000225829234413,-39.8727751936,-25.6851768814,0.0253381933105,-25.6598386881
-1.64,-40,0,-40,-48.0858948935,0.0184983162147,-48.0673965773,-39.8784551856,-0.00021521791501,-39.8786704035,-25.6871715096,0.0251468007693,-25.6620247088
-1.6,-40,0,-40,-48.0885733734,0.0184701959005,-48.0701031775,-39.8842272035,-0.000204860916597,-39.8844320644,-25.6891517299,0.0249562615516,-25.6641954684
-1.56,-40,0,-40,-48.0912348306,0.0184421207461,-48.0727927098,-39.8898648182,-0.000194758339574,-39.8900595766,-25.6911179269,0.0247665716481,-25.6663513553
-1.52,-40,0,-40,-48.093879532,0.0184140898663,-48.0754654422,-39.895367442,-0.000184910281871,-39.8955523523,-25.6930704858,0.0245777269478,-25.6684927589
-1.48,-40,0,-40,-48.0965077456,0.0183861023631,-48.0781216432,-39.9007344994,-0.000175316838957,-39.9009098163,-25.6950097924,0.0243897232385,-25.6706200691
-1.44,-40,0,-40,-48.09911974,0.0183581573255,-48.0807615827,-39.9059654277,-0.000165978103824,-39.9061314058,-25.696936233,0.0242025562071,-25.6727336768
-1.4,-40,0,-40,-48.1017157849,0.0183302538304,-48.083385531,-39.9110596764,-0.000156894166998,-39.9112165706,-25.6988501945,0.0240162214394,-25.674833973
-1.36,-40,0,-40,-48.1042961506,0.0183023909419,-48.0859937597,-39.9160167083,-0.000148065116539,-39.9161647734,-25.7007520643,0.023830714421,-25.6769213499
-1.32,-40,0,-40,-48.1068611085,0.0182745677116,-48.0885865408,-39.9208359989,-0.000139491038028,-39.9209754899,-25.7026422303,0.0236460305373,-25.6789961998
-1.28,-40,0,-40,-48.1094109306,0.0182467831786,-48.0911641474,-39.925517037,-0.000131172014577,-39.9256482091,-25.7045210809,0.0234621650738,-25.6810589158
-1.24,-40,0,-40,-48.1119458896,0.0182190363699,-48.0937268532,-39.9300593249,-0.000123108126827,-39.930182433,-25.7063890047,0.0232791132164,-25.6831098915
-1.2,-40,0,-40,-48.114466259,0.0181913262999,-48.0962749327,-39.9344623782,-0.000115299452942,-39.9345776776,-25.7082463909,0.0230968700516,-25.6851495208
-1.16,-40,0,-40,-48.1169723132,0.018163651971,-48.0988086612,-39.9387257263,-0.000107746068616,-39.9388334723,-25.7100936289,0.0229154305672,-25.6871781983
-1.12,-40,0,-40,-48.1194643269,0.0181360123731,-48.1013283145,-39.9428489123,-0.000100448047064,-39.9429493604,-25.7119311085,0.0227347896521,-25.6891963188
-1.08,-40,0,-40,-48.1219425759,0.0181084064843,-48.1038341694,-39.9468314936,-9.34054590297e-05,-39.9469248991,-25.7137592197,0.0225549420968,-25.6912042776
-1.04,-40,0,-40,-48.1244073362,0.0180808332703,-48.106326503,-39.9506730415,-8.66183727741e-05,-39.9507596599,-25.7155783528,0.0223758825941,-25.6932024702
-1,-40,0,-40,-48.1268588848,0.0180532916851,-48.1088055931,-39.9543731416,-8.00868540882e-05,-39.9544532285,-25.7173888985,0.0221976057388,-25.6951912927
-0.96,-40,0,-40,-48.1292974991,0.0180257806705,-48.1112717184,-39.957931394,-7.38109662798e-05,-39.958005205,-25.7191912473,0.0220201060284,-25.6971711413
-0.92,-40,0,-40,-48.131723457,0.0179982991565,-48.1137251578,-39.9613474133,-6.77907701815e-05,-39.9614152041,-25.7209857903,0.0218433778634,-25.6991424124
-0.88,-40,0,-40,-48.1341370371,0.0179708460614,-48.116166191,-39.9646208288,-6.20263241487e-05,-39.9646828552,-25.7227729184,0.0216674155476,-25.7011055029
-0.84,-40,0,-40,-48.1365385184,0.0179434202915,-48.1185950981,-39.9677512847,-5.6517684053e-05,-39.9678078024,-25.7245530228,0.0214922132885,-25.7030608095
-0.8,-40,0,-40,-48.1389281805,0.0179160207416,-48.1210121597,-39.9707384401,-5.12649032907e-05,-39.970789705,-25.7263264946,0.0213177651976,-25.7050087294
-0.76,-40,0,-40,-48.1413063033,0.0178886462947,-48.123417657,-39.973581969,-4.62680327763e-05,-39.9736282371,-25.7280937252,0.0211440652906,-25.70694966
-0.72,-40,0,-40,-48.1436731674,0.0178612958225,-48.1258118716,-39.9762815609,-4.15271209425e-05,-39.976323088,-25.7298551059,0.0209711074881,-25.7088839984
-0.68,-40,0,-40,-48.1460290537,0.0178339681849,-48.1281950855,-39.9788369202,-3.7042213742e-05,-39.9788739624,-25.7316110279,0.0207988856157,-25.7108121423
-0.64,-40,0,-40,-48.1483742434,0.0178066622306,-48.1305675811,-39.9812477669,-3.28133546465e-05,-39.9812805803,-25.7333618826,0.0206273934045,-25.7127344892
-0.6,-40,0,-40,-48.1507090182,0.0177793767967,-48.1329296414,-39.9835138366,-2.88405846451e-05,-39.9835426771,-25.735108061,0.0204566244913,-25.7146514365
-0.56,-40,0,-40,-48.1530336601,0.0177521107093,-48.1352815494,-39.9856348801,-2.51239422422e-05,-39.985660004,-25.7368499544,0.0202865724192,-25.7165633819
-0.52,-40,0,-40,-48.1553484516,0.017724862783,-48.1376235888,-39.9876106641,-2.16634634662e-05,-39.9876323275,-25.7385879537,0.020117230638,-25.718470723
-0.48,-40,0,-40,-48.1576536752,0.0176976318214,-48.1399560434,-39.989440971,-1.8459181855e-05,-39.9894594302,-25.7403224498,0.0199485925041,-25.7203738573
-0.44,-40,0,-40,-48.159949614,0.0176704166169,-48.1422791974,-39.9911255991,-1.55111284678e-05,-39.9911411103,-25.7420538334,0.0197806512817,-25.7222731822
-0.4,-40,0,-40,-48.1622365512,0.0176432159509,-48.1445933352,-39.9926643624,-1.28193318788e-05,-39.9926771818,-25.7437824951,0.0196134001424,-25.724169095
-0.36,-40,0,-40,-48.1645147702,0.0176160285941,-48.1468987416,-39.994057091,-1.03838181781e-05,-39.9940674748,-25.7455088252,0.0194468321661,-25.7260619931
-0.32,-40,0,-40,-48.1667845549,0.0175888533058,-48.1491957016,-39.9953036308,-8.20461097187e-06,-39.9953118354,-25.7472332138,0.0192809403414,-25.7279522735
-0.28,-40,0,-40,-48.1690461891,0.017561688835,-48.1514845002,-39.996403844,-6.28173138361e-06,-39.9964101257,-25.7489560507,0.0191157175655,-25.7298403331
-0.24,-40,0,-40,-48.1712999569,0.0175345339197,-48.1537654229,-39.9973576088,-4.61519804847e-06,-39.997362224,-25.7506777254,0.0189511566453,-25.7317265688
-0.2,-40,0,-40,-48.1735461425,0.0175073872873,-48.1560387552,-39.9981648195,-3.20502712087e-06,-39.9981680246,-25.7523986272,0.0187872502975,-25.7336113769
-0.16,-40,0,-40,-48.1757850304,0.0174802476546,-48.1583047827,-39.9988253868,-2.05123226872e-06,-39.998827438,-25.7541191451,0.0186239911487,-25.7354951539
-0.12,-40,0,-40,-48.1780169051,0.0174531137278,-48.1605637914,-39.9993392373,-1.15382467441e-06,-39.9993403911,-25.7558396675,0.0184613717364,-25.7373782958
-0.08,-40,0,-40,-48.1802420511,0.0174259842029,-48.1628160669,-39.9997063141,-5.12813037716e-07,-39.9997068269,-25.7575605827,0.0182993845092,-25.7392611982
-0.04,-40,0,-40,-48.1824607533,0.0173988577653,-48.1650618955,-39.9999265765,-1.28203569033e-07,-39.9999267047,-25.7592822785,0.0181380218271,-25.7411442567
0,-40,0,-40,-48.1846732963,0.0173717330901,-48.1673015632,-40,0,-40,-25.7610051423,0.017977275962,-25.7430278664
0.04,-40,0,-40,-48.1868799648,0.0173446088424,-48.169535356,-39.9999265765,-1.28203569033e-07,-39.9999267047,-25.7627295611,0.0178171390983,-25.744912422
0.08,-40,0,-40,-48.1890810438,0.017317483677,-48.1717635602,-39.9997063141,-5.12813037716e-07,-39.9997068269,-25.7644559213,0.0176576033331,-25.746798318
0.12,-40,0,-40,-48.191276818,0.0172903562385,-48.1739864618,-39.9993392373,-1.15382467441e-06,-39.9993403911,-25.766184609,0.0174986606771,-25.7486859483
0.16,-40,0,-40,-48.1934675722,0.0172632251619,-48.176204347,-39.9988253868,-2.05123226872e-06,-39.998827438,-25.7679160097,0.0173403030543,-25.7505757066
0.2,-40,0,-40,-48.1956535911,0.0172360890718,-48.178417502,-39.9981648195,-3.20502712087e-06,-39.9981680246,-25.7696505084,0.0171825223032,-25.7524679861
0.24,-40,0,-40,-48.1978351594,0.0172089465835,-48.1806262128,-39.9973576088,-4.61519804847e-06,-39.997362224,-25.7713884896,0.0170253101768,-25.7543631794
0.28,-40,0,-40,-48.2000125616,0.017181796302,-48.1828307653,-39.996403844,-6.28173138361e-06,-39.9964101257,-25.7731303373,0.0168686583434,-25.7562616789
0.32,-40,0,-40,-48.2021860823,0.0171546368231,-48.1850314455,-39.9953036308,-8.20461097187e-06,-39.9953118354,-25.7748764347,0.0167125583868,-25.7581638763
0.36,-40,0,-40,-48.2043560058,0.0171274667328,-48.187228539,-39.994057091,-1.03838181781e-05,-39.9940674748,-25.7766271647,0.0165570018067,-25.7600701629
0.4,-40,0,-40,-48.2065226163,0.0171002846074,-48.1894223317,-39.9926643624,-1.28193318788e-05,-39.9926771818,-25.7783829095,0.0164019800198,-25.7619809295
0.44,-40,0,-40,-48.208686198,0.0170730890141,-48.191613109,-39.9911255991,-1.55111284678e-05,-39.9911411103,-25.7801440505,0.0162474843593,-25.7638965661
0.48,-40,0,-40,-48.2108470347,0.0170458785106,-48.1938011562,-39.989440971,-1.8459181855e-05,-39.9894594302,-25.7819109687,0.0160935060764,-25.7658174626
0.52,-40,0,-40,-48.2130054101,0.0170186516453,-48.1959867584,-39.9876106641,-2.16634634662e-05,-39.9876323275,-25.7836840442,0.01594003634,-25.7677440079
0.56,-40,0,-40,-48.2151616077,0.0169914069575,-48.1981702007,-39.9856348801,-2.51239422422e-05,-39.985660004,-25.7854636567,0.0157870662377,-25.7696765905
0.6,-40,0,-40,-48.2173159108,0.0169641429771,-48.2003517678,-39.9835138366,-2.88405846451e-05,-39.9835426771,-25.7872501851,0.0156345867759,-25.7716155983
0.64,-40,0,-40,-48.2194686024,0.0169368582255,-48.2025317442,-39.9812477669,-3.28133546465e-05,-39.9812805803,-25.7890440074,0.0154825888806,-25.7735614185
0.68,-40,0,-40,-48.2216199652,0.0169095512147,-48.204710414,-39.9788369202,-3.7042213742e-05,-39.9788739624,-25.7908455012,0.0153310633981,-25.7755144378
0.72,-40,0,-40,-48.2237702817,0.016882220448,-48.2068880613,-39.9762815609,-4.15271209425e-05,-39.976323088,-25.7926550431,0.0151800010947,-25.777475042
0.76,-40,0,-40,-48.2259198342,0.01685486442,-48.2090649698,-39.973581969,-4.62680327763e-05,-39.9736282371,-25.7944730091,0.0150293926581,-25.7794436165
0.8,-40,0,-40,-48.2280689044,0.0168274816165,-48.2112414227,-39.9707384401,-5.12649032907e-05,-39.970789705,-25.7962997744,0.0148792286975,-25.7814205457
0.84,-40,0,-40,-48.2302177738,0.0168000705147,-48.2134177033,-39.9677512847,-5.6517684053e-05,-39.9678078024,-25.7981357135,0.0147294997441,-25.7834062137
0.88,-40,0,-40,-48.2323667237,0.0167726295833,-48.2155940941,-39.9646208288,-6.20263241487e-05,-39.9646828552,-25.7999811998,0.0145801962518,-25.7854010036
0.92,-40,0,-40,-48.2345160349,0.0167451572828,-48.2177708776,-39.9613474133,-6.77907701815e-05,-39.9614152041,-25.8018366063,0.0144313085975,-25.7874052977
0.96,-40,0,-40,-48.2366659877,0.0167176520648,-48.2199483356,-39.957931394,-7.38109662798e-05,-39.958005205,-25.8037023049,0.0142828270818,-25.7894194778
1,-40,0,-40,-48.2388168623,0.0166901123733,-48.2221267499,-39.9543731416,-8.00868540882e-05,-39.9544532285,-25.8055786668,0.0141347419297,-25.7914439249
1.04,-40,0,-40,-48.2409689382,0.0166625366436,-48.2243064015,-39.9506730415,-8.66183727741e-05,-39.9507596599,-25.8074660623,0.0139870432906,-25.793479019
1.08,-40,0,-40,-48.2431224946,0.0166349233031,-48.2264875713,-39.9468314936,-9.34054590297e-05,-39.9469248991,-25.8093648609,0.0138397212393,-25.7955251397
1.12,-40,0,-40,-48.2452778104,0.0166072707714,-48.2286705396,-39.9428489123,-0.000100448047064,-39.9429493604,-25.8112754311,0.0136927657766,-25.7975826654
1.16,-40,0,-40,-48.2474351637,0.0165795774598,-48.2308555862,-39.9387257263,-0.000107746068616,-39.9388334723,-25.8131981408,0.0135461668295,-25.799651974
1.2,-40,0,-40,-48.2495948324,0.0165518417722,-48.2330429906,-39.9344623782,-0.000115299452942,-39.9345776776,-25.8151333566,0.0133999142519,-25.8017334424
1.24,-40,0,-40,-48.2517570939,0.0165240621044,-48.2352330317,-39.9300593249,-0.000123108126827,-39.930182433,-25.8170814446,0.0132539978252,-25.8038274468
1.28,-40,0,-40,-48.2539222248,0.0164962368447,-48.237425988,-39.925517037,-0.000131172014577,-39.9256482091,-25.8190427698,0.0131084072589,-25.8059343625
1.32,-40,0,-40,-48.2560905016,0.016468364374,-48.2396221373,-39.9208359989,-0.000139491038028,-39.9209754899,-25.8210176962,0.012963132191,-25.808054564
1.36,-40,0,-40,-48.2582622001,0.0164404430655,-48.241821757,-39.9160167083,-0.000148065116539,-39.9161647734,-25.823006587,0.0128181621888,-25.8101884248
1.4,-40,0,-40,-48.2604375953,0.0164124712852,-48.2440251241,-39.9110596764,-0.000156894166998,-39.9112165706,-25.8250098044,0.0126734867493,-25.8123363177
1.44,-40,0,-40,-48.2626169621,0.0163844473917,-48.2462325147,-39.9059654277,-0.000165978103824,-39.9061314058,-25.8270277098,0.0125290952997,-25.8144986145
1.48,-40,0,-40,-48.2648005745,0.0163563697364,-48.2484442048,-39.9007344994,-0.000175316838957,-39.9009098163,-25.8290606633,0.0123849771981,-25.8166756861
1.52,-40,0,-40,-48.266988706,0.0163282366638,-48.2506604693,-39.895367442,-0.000184910281871,-39.8955523523,-25.8311090245,0.0122411217342,-25.8188679028
1.56,-40,0,-40,-48.2691816294,0.0163000465113,-48.2528815829,-39.8898648182,-0.000194758339574,-39.8900595766,-25.8331731516,0.0120975181296,-25.8210756335
1.6,-40,0,-40,-48.2713796171,0.0162717976091,-48.2551078195,-39.8842272035,-0.000204860916597,-39.8844320644,-25.835253402,0.0119541555385,-25.8232992465
1.64,-40,0,-40,-48.2735829408,0.016243488281,-48.2573394525,-39.8784551856,-0.00021521791501,-39.8786704035,-25.8373501322,0.0118110230485,-25.8255391092
1.68,-40,0,-40,-48.2757918714,0.016215116844,-48.2595767546,-39.8725493643,-0.000225829234413,-39.8727751936,-25.8394636976,0.0116681096808,-25.8277955879
1.72,-40,0,-40,-48.2780066793,0.0161866816081,-48.2618199977,-39.8665103514,-0.000236694771939,-39.8667470461,-25.8415944524,0.0115254043911,-25.830069048
1.76,-40,0,-40,-48.2802276342,0.0161581808773,-48.2640694534,-39.8603387702,-0.000247814422258,-39.8605865847,-25.8437427502,0.0113828960702,-25.8323598542
1.8,-40,0,-40,-48.2824550052,0.0161296129487,-48.2663253922,-39.8540352559,-0.000259188077575,-39.854294444,-25.8459089434,0.0112405735441,-25.8346683698
1.84,-40,0,-40,-48.2846890604,0.0161009761133,-48.2685880843,-39.8476004547,-0.000270815627633,-39.8478712704,-25.8480933831,0.0110984255755,-25.8369949575
1.88,-40,0,-40,-48.2869300677,0.0160722686559,-48.270857799,-39.8410350242,-0.000282696959709,-39.8413177212,-25.8502964198,0.0109564408635,-25.8393399789
1.92,-40,0,-40,-48.2891782937,0.0160434888548,-48.2731348049,-39.8343396327,-0.000294831958624,-39.8346344647,-25.8525184027,0.0108146080448,-25.8417037947
1.96,-40,0,-40,-48.2914340049,0.0160146349826,-48.2754193699,-39.8275149594,-0.000307220506734,-39.8278221799,-25.8547596801,0.0106729156942,-25.8440867645
2,-40,0,-40,-48.2936974665,0.0159857053058,-48.2777117612,-39.8205616939,-0.000319862483938,-39.8208815564,-25.8570205992,0.010531352325,-25.8464892469
2.04,-40,0,-40,-48.2959689432,0.015956698085,-48.2800122452,-39.8134805362,-0.00033275776768,-39.813813294,-25.859301506,0.0103899063896,-25.8489115996
2.08,-40,0,-40,-48.2982486991,0.015927611575,-48.2823210875,-39.8062721964,-0.000345906232942,-39.8066181027,-25.8616027457,0.0102485662806,-25.8513541794
2.12,-40,0,-40,-48.3005369972,0.015898444025,-48.2846385532,-39.7989373944,-0.000359307752254,-39.7992967022,-25.8639246623,0.0101073203309,-25.853817342
2.16,-40,0,-40,-48.3028341,0.0158691936785,-48.2869649063,-39.7914768599,-0.000372962195689,-39.7918498221,-25.8662675987,0.00996615681444,-25.8563014419
2.2,-40,0,-40,-48.3051402689,0.0158398587738,-48.2893004101,-39.783891332,-0.00038686943087,-39.7842782014,-25.8686318968,0.00982506394714,-25.8588068329
2.24,-40,0,-40,-48.3074557648,0.0158104375434,-48.2916453272,-39.7761815589,-0.000401029322964,-39.7765825882,-25.8710178974,0.0096840298871,-25.8613338675
2.28,-40,0,-40,-48.3097808476,0.0157809282149,-48.2939999194,-39.7683482981,-0.00041544173469,-39.7687637399,-25.8734259403,0.00954304273548,-25.8638828976
2.32,-40,0,-40,-48.3121157764,0.0157513290104,-48.2963644474,-39.7603923158,-0.000430106526317,-39.7608224223,-25.8758563641,0.00940209053709,-25.8664542735
2.36,-40,0,-40,-48.3144608097,0.0157216381471,-48.2987391715,-39.7523143866,-0.000445023555665,-39.7527594101,-25.8783095063,0.00926116128099,-25.869048345
2.4,-40,0,-40,-48.3168162047,0.0156918538372,-48.3011243508,-39.7441152937,-0.000460192678105,-39.7445754864,-25.8807857035,0.00912024290118,-25.8716654606
2.44,-40,0,-40,-48.319182218,0.0156619742879,-48.3035202438,-39.7357958284,-0.000475613746567,-39.7362714422,-25.883285291,0.00897932327721,-25.8743059677
2.48,-40,0,-40,-48.3215591055,0.0156319977016,-48.3059271078,-39.7273567899,-0.000491286611535,-39.7278480766,-25.8858086031,0.00883839023482,-25.8769702129
2.52,-40,0,-40,-48.323947122,0.0156019222762,-48.3083451997,-39.7187989852,-0.000507211121045,-39.7193061963,-25.8883559731,0.00869743154661,-25.8796585415
2.56,-40,0,-40,-48.3263465213,0.0155717462049,-48.3107747751,-39.7101232284,-0.000523387120699,-39.7106466155,-25.890927733,0.00855643493268,-25.8823712981
2.6,-40,0,-40,-48.3287575567,0.0155414676762,-48.313216089,-39.7013303414,-0.000539814453655,-39.7018701559,-25.8935242139,0.00841538806128,-25.8851088259
2.64,-40,0,-40,-48.3311804802,0.0155110848745,-48.3156693953,-39.6924211528,-0.000556492960631,-39.6929776458,-25.8961457457,0.00827427854946,-25.8878714672
2.68,-40,0,-40,-48.3336155431,0.0154805959799,-48.3181349471,-39.6833964981,-0.000573422479911,-39.6839699206,-25.8987926572,0.00813309396373,-25.8906595632
2.72,-40,0,-40,-48.3360629958,0.015449999168,-48.3206129966,-39.6742572194,-0.000590602847342,-39.6748478222,-25.9014652761,0.00799182182071,-25.8934734543
2.76,-40,0,-40,-48.3385230876,0.0154192926107,-48.3231037949,-39.6650041651,-0.000608033896337,-39.665612199,-25.9041639291,0.00785044958782,-25.8963134795
2.8,-40,0,-40,-48.340996067,0.0153884744756,-48.3256075925,-39.6556381898,-0.000625715457872,-39.6562639053,-25.9068889416,0.0077089646839,-25.8991799769
2.84,-40,0,-40,-48.3434821815,0.0153575429265,-48.3281246385,-39.6461601541,-0.000643647360501,-39.6468038015,-25.909640638,0.0075673544799,-25.9020732835
2.88,-40,0,-40,-48.3459816776,0.0153264961237,-48.3306551815,-39.6365709243,-0.000661829430338,-39.6372327537,-25.9124193417,0.00742560629955,-25.9049937354
2.92,-40,0,-40,-48.3484948011,0.0152953322233,-48.3331994688,-39.6268713719,-0.000680261491077,-39.6275516334,-25.9152253749,0.00728370742002,-25.9079416675
2.96,-40,0,-40,-48.3510217964,0.0152640493782,-48.335757747,-39.6170623742,-0.000698943363981,-39.6177613175,-25.9180590586,0.00714164507258,-25.9109174136
3,-40,0,-40,-48.3535629072,0.0152326457376,-48.3383302615,-39.6071448129,-0.00071787486789,-39.6078626878,-25.9209207129,0.00699940644329,-25.9139213065
3.04,-40,0,-40,-48.3561183762,0.0152011194477,-48.3409172568,-39.5971195752,-0.000737055819222,-39.597856631,-25.9238106567,0.00685697867368,-25.916953678
3.08,-40,0,-40,-48.358688445,0.0151694686509,-48.3435189764,-39.5869875524,-0.000756486031971,-39.5877440384,-25.9267292077,0.0067143488614,-25.9200148588
3.12,-40,0,-40,-48.3612733543,0.0151376914868,-48.3461356628,-39.5767496404,-0.000776165317712,-39.5775258057,-25.9296766826,0.00657150406092,-25.9231051785
3.16,-40,0,-40,-48.3638733437,0.0151057860918,-48.3487675576,-39.5664067393,-0.000796093485603,-39.5672028328,-25.932653397,0.00642843128421,-25.9262249657
3.2,-40,0,-40,-48.3664886518,0.0150737505993,-48.3514149012,-39.5559597532,-0.000816270342387,-39.5567760235,-25.9356596654,0.0062851175014,-25.9293745479
3.24,-40,0,-40,-48.3691195162,0.0150415831401,-48.3540779331,-39.5454095898,-0.000836695692388,-39.5462462855,-25.9386958012,0.00614154964151,-25.9325542516
3.28,-40,0,-40,-48.3717661735,0.0150092818418,-48.3567568917,-39.5347571606,-0.000857369337523,-39.53561453,-25.9417621167,0.00599771459307,-25.9357644021
3.32,-40,0,-40,-48.3744288592,0.0149768448298,-48.3594520143,-39.5240033802,-0.000878291077294,-39.5248816713,-25.944858923,0.00585359920488,-25.9390053238
3.36,-40,0,-40,-48.3771078077,0.0149442702266,-48.3621635374,-39.5131491665,-0.000899460708795,-39.5140486272,-25.9479865303,0.00570919028662,-25.9422773401
3.4,-40,0,-40,-48.3798032524,0.0149115561525,-48.3648916963,-39.5021954403,-0.000920878026714,-39.5031163183,-25.9511452476,0.00556447460962,-25.945580773
3.44,-40,0,-40,-48.3825154258,0.0148787007253,-48.3676367251,-39.4911431249,-0.000942542823333,-39.4920856678,-25.9543353828,0.0054194389075,-25.9489159439
3.48,-40,0,-40,-48.385244559,0.0148457020607,-48.3703988569,-39.4799931466,-0.000964454888531,-39.4809576015,-25.9575572427,0.00527406987689,-25.9522831728
3.52,-40,0,-40,-48.3879908823,0.0148125582721,-48.373178324,-39.4687464336,-0.000986614009787,-39.4697330476,-25.960811133,0.00512835417809,-25.9556827789
3.56,-40,0,-40,-48.3907546248,0.0147792674712,-48.3759753573,-39.4574039164,-0.00100901997217,-39.4584129363,-25.9640973585,0.00498227843582,-25.9591150801
3.6,-40,0,-40,-48.3935360145,0.0147458277673,-48.3787901868,-39.4459665274,-0.00103167255838,-39.4469982,-25.9674162226,0.00483582923986,-25.9625803934
3.64,-40,0,-40,-48.3963352784,0.0147122372684,-48.3816230411,-39.4344352008,-0.00105457154868,-39.4354897724,-25.970768028,0.00468899314582,-25.9660790348
3.68,-40,0,-40,-48.3991526423,0.0146784940803,-48.3844741482,-39.4228108723,-0.00107771672097,-39.423888589,-25.9741530759,0.00454175667576,-25.9696113192
3.72,-40,0,-40,-48.4019883308,0.0146445963077,-48.3873437345,-39.411094479,-0.00110110785075,-39.4121955868,-25.9775716667,0.00439410631896,-25.9731775604
3.76,-40,0,-40,-48.4048425677,0.0146105420534,-48.3902320257,-39.399286959,-0.00112474471114,-39.4004117037,-25.9810240998,0.00424602853259,-25.9767780713
3.8,-40,0,-40,-48.4077155754,0.014576329419,-48.393139246,-39.3873892516,-0.00114862707285,-39.3885378787,-25.9845106733,0.00409750974242,-25.9804131636
3.84,-40,0,-40,-48.4106075753,0.0145419565048,-48.3960656188,-39.3754022969,-0.00117275470422,-39.3765750516,-25.9880316844,0.00394853634353,-25.984083148
3.88,-40,0,-40,-48.4135187875,0.0145074214098,-48.3990113661,-39.3633270354,-0.00119712737121,-39.3645241628,-25.991587429,0.00379909470104,-25.9877883343
3.92,-40,0,-40,-48.4164494313,0.0144727222321,-48.4019767091,-39.3511644083,-0.00122174483739,-39.3523861531,-25.9951782024,0.00364917115076,-25.9915290312
3.96,-40,0,-40,-48.4193997245,0.0144378570688,-48.4049618674,-39.3389153569,-0.00124660686396,-39.3401619638,-25.9988042984,0.00349875199997,-25.9953055464
4,-40,0,-40,-48.4223698839,0.0144028240161,-48.4079670598,-39.3265808227,-0.00127171320974,-39.3278525359,-26.0024660098,0.00334782352807,-25.9991181863
4.04,-40,0,-40,-48.4253601251,0.0143676211695,-48.4109925039,-39.3141617471,-0.00129706363117,-39.3154588107,-26.0061636287,0.00319637198735,-26.0029672567
4.08,-40,0,-40,-48.4283706627,0.0143322466236,-48.4140384161,-39.3016590712,-0.00132265788232,-39.3029817291,-26.0098974458,0.00304438360366,-26.0068530622
4.12,-40,0,-40,-48.43140171,0.0142966984729,-48.4171050115,-39.2890737358,-0.0013484957149,-39.2904222315,-26.0136677509,0.00289184457714,-26.0107759064
4.16,-40,0,-40,-48.434453479,0.0142609748112,-48.4201925042,-39.2764066811,-0.00137457687824,-39.277781258,-26.0174748328,0.00273874108295,-26.0147360917
4.2,-40,0,-40,-48.4375261808,0.0142250737319,-48.423301107,-39.2636588464,-0.00140090111932,-39.2650597475,-26.0213189791,0.00258505927195,-26.0187339198
4.24,-40,0,-40,-48.440620025,0.0141889933284,-48.4264310317,-39.2508311704,-0.00142746818273,-39.2522586386,-26.0252004765,0.00243078527146,-26.0227696912
4.28,-40,0,-40,-48.4437352204,0.0141527316939,-48.4295824887,-39.2379245906,-0.00145427781074,-39.2393788684,-26.0291196107,0.00227590518596,-26.0268437055
4.32,-40,0,-40,-48.4468719743,0.0141162869215,-48.4327556874,-39.2249400433,-0.00148132974321,-39.226421373,-26.0330766663,0.0021204050978,-26.0309562612
4.36,-40,0,-40,-48.4500304929,0.0140796571045,-48.4359508357,-39.2118784635,-0.0015086237177,-39.2133870872,-26.037071927,0.00196427106793,-26.0351076559
4.4,-40,0,-40,-48.4532109811,0.0140428403365,-48.4391681407,-39.1987407846,-0.00153615946937,-39.2002769441,-26.0411056753,0.00180748913663,-26.0392981862
4.44,-40,0,-40,-48.4564136427,0.0140058347113,-48.442407808,-39.1855279387,-0.00156393673106,-39.1870918754,-26.0451781929,0.00165004532422,-26.0435281475
4.48,-40,0,-40,-48.4596386804,0.0139686383231,-48.4456700421,-39.1722408557,-0.00159195523324,-39.1738328109,-26.0492897603,0.00149192563179,-26.0477978346
4.52,-40,0,-40,-48.4628862954,0.0139312492666,-48.4489550461,-39.1588804638,-0.00162021470405,-39.1605006785,-26.0534406571,0.00133311604191,-26.0521075411
4.56,-40,0,-40,-48.4661566878,0.0138936656374,-48.4522630222,-39.1454476892,-0.00164871486929,-39.1470964041,-26.057631162,0.00117360251938,-26.0564575595
4.6,-40,0,-40,-48.4694500566,0.0138558855315,-48.4555941711,-39.1319434559,-0.00167745545239,-39.1336209113,-26.0618615525,0.00101337101194,-26.0608481815
4.64,-40,0,-40,-48.4727665993,0.0138179070461,-48.4589486923,-39.1183686854,-0.00170643617447,-39.1200751216,-26.0661321053,0.000852407450987,-26.0652796978
4.68,-40,0,-40,-48.4761065125,0.013779728279,-48.4623267842,-39.104724297,-0.00173565675431,-39.1064599538,-26.070443096,0.000690697752312,-26.0697523983
4.72,-40,0,-40,-48.4794699911,0.0137413473294,-48.4657286438,-39.0910112074,-0.00176511690834,-39.0927763243,-26.0747947993,0.000528227816836,-26.0742665715
4.76,-40,0,-40,-48.4828572292,0.0137027622974,-48.4691544669,-39.0772303304,-0.00179481635069,-39.0790251468,-26.0791874889,0.00036498353132,-26.0788225053
4.8,-40,0,-40,-48.4862684194,0.0136639712847,-48.4726044481,-39.0633825774,-0.00182475479313,-39.0652073322,-26.0836214375,0.000200950769104,-26.0834204867
4.84,-40,0,-40,-48.489703753,0.0136249723941,-48.4760787807,-39.0494688564,-0.00185493194512,-39.0513237884,-26.0880969168,3.61153908375e-05,-26.0880608014
4.88,-40,0,-40,-48.4931634203,0.01358576373,-48.4795776566,-39.0354900728,-0.00188534751379,-39.0373754203,-26.0926141978,-0.000129536754803,-26.0927437345
4.92,-40,0,-40,-48.49664761,0.0135463433985,-48.4831012666,-39.0214471286,-0.00191600120396,-39.0233631298,-26.0971735501,-0.000296019830371,-26.09746957
4.96,-40,0,-40,-48.5001565097,0.0135067095073,-48.4866498002,-39.0073409227,-0.00194689271814,-39.0092878154,-26.1017752429,-0.000463348008927,-26.1022385909
5,-40,0,-40,-48.5036903058,0.013466860166,-48.4902234456,-38.9931723504,-0.00197802175649,-38.9951503722,-26.1064195439,-0.000631535473308,-26.1070510794
5.04,-40,0,-40,-48.5072491831,0.0134267934861,-48.4938223897,-38.9789423039,-0.0020093880169,-38.9809516919,-26.1111067202,-0.000800596415392,-26.1119073167
5.08,-40,0,-40,-48.5108333255,0.0133865075811,-48.497446818,-38.9646516715,-0.00204099119493,-38.9666926627,-26.115837038,-0.000970545035371,-26.116807583
5.12,-40,0,-40,-48.5144429154,0.0133460005667,-48.5010969149,-38.950301338,-0.00207283098383,-38.952374169,-26.1206107624,-0.00114139554102,-26.1217521579
5.16,-40,0,-40,-48.5180781339,0.0133052705609,-48.5047728633,-38.9358921846,-0.00210490707455,-38.9379970917,-26.1254281575,-0.00131316214697,-26.1267413197
5.2,-40,0,-40,-48.5217391607,0.0132643156839,-48.508474845,-38.9214250884,-0.00213721915575,-38.9235623076,-26.1302894869,-0.00148585907395,-26.1317753459
5.24,-40,0,-40,-48.5254261744,0.0132231340585,-48.5122030404,-38.9069009228,-0.00216976691379,-38.9090706897,-26.1351950127,-0.00165950054809,-26.1368545133
5.28,-40,0,-40,-48.5291393523,0.0131817238101,-48.5159576284,-38.8923205569,-0.00220255003272,-38.8945231069,-26.1401449966,-0.00183410080017,-26.1419790974
5.32,-40,0,-40,-48.53287887,0.0131400830668,-48.519738787,-38.8776848559,-0.00223556819431,-38.8799204241,-26.1451396991,-0.00200967406489,-26.1471493732
5.36,-40,0,-40,-48.5366449023,0.0130982099592,-48.5235466923,-38.8629946808,-0.00226882107804,-38.8652635019,-26.1501793799,-0.00218623458012,-26.1523656145
5.4,-40,0,-40,-48.5404376222,0.0130561026213,-48.5273815196,-38.8482508884,-0.00230230836111,-38.8505531968,-26.1552642978,-0.00236379658623,-26.1576280944
5.44,-40,0,-40,-48.5442572017,0.0130137591896,-48.5312434426,-38.833454331,-0.00233602971842,-38.8357903607,-26.1603947107,-0.00254237432526,-26.1629370851
5.48,-40,0,-40,-48.5481038114,0.012971177804,-48.5351326336,-38.8186058566,-0.0023699848226,-38.8209758414,-26.1655708757,-0.00272198204027,-26.1682928577
5.52,-40,0,-40,-48.5519776203,0.0129283566077,-48.5390492637,-38.8037063087,-0.00240417334402,-38.8061104821,-26.1707930487,-0.00290263397456,-26.1736956827
5.56,-40,0,-40,-48.5558787963,0.0128852937469,-48.5429935025,-38.7887565263,-0.00243859495074,-38.7911951213,-26.1760614852,-0.00308434437096,-26.1791458296
5.6,-40,0,-40,-48.5598075059,0.0128419873716,-48.5469655185,-38.7737573437,-0.00247324930858,-38.776230593,-26.1813764394,-0.0032671274711,-26.1846435669
5.64,-40,0,-40,-48.5637639143,0.012798435635,-48.5509654786,-38.7587095904,-0.00250813608108,-38.7612177265,-26.186738165,-0.00345099751464,-26.1901891625
5.68,-40,0,-40,-48.567748185,0.0127546366942,-48.5549935484,-38.7436140916,-0.00254325492952,-38.7461573465,-26.1921469145,-0.0036359687386,-26.1957828832
5.72,-40,0,-40,-48.5717604807,0.01271058871,-48.559049892,-38.7284716672,-0.0025786055129,-38.7310502727,-26.1976029397,-0.00382205537655,-26.2014249951
5.76,-40,0,-40,-48.5758009622,0.012666289847,-48.5631346723,-38.7132831325,-0.00261418748799,-38.71589732,-26.2031064917,-0.00400927165796,-26.2071157633
5.8,-40,0,-40,-48.5798697891,0.0126217382739,-48.5672480508,-38.6980492978,-0.00265000050928,-38.7006992983,-26.2086578204,-0.0041976318074,-26.2128554522
5.84,-40,0,-40,-48.5839671197,0.0125769321631,-48.5713901875,-38.6827709686,-0.00268604422903,-38.6854570128,-26.2142571751,-0.00438715004385,-26.2186443251
5.88,-40,0,-40,-48.5880931108,0.0125318696917,-48.5755612411,-38.6674489452,-0.00272231829724,-38.6701712635,-26.2199048042,-0.00457784057995,-26.2244826448
5.92,-40,0,-40,-48.5922479179,0.0124865490408,-48.5797613688,-38.6520840228,-0.00275882236165,-38.6548428452,-26.2256009553,-0.00476971762125,-26.2303706729
5.96,-40,0,-40,-48.5964316949,0.0124409683959,-48.5839907265,-38.6366769918,-0.00279555606779,-38.6394725479,-26.2313458751,-0.00496279536555,-26.2363086705
6,-40,0,-40,-48.6006445945,0.012395125947,-48.5882494686,-38.6212286371,-0.00283251905892,-38.6240611562,-26.2371398095,-0.00515708800206,-26.2422968975
6.04,-40,0,-40,-48.6048867679,0.0123490198888,-48.592537748,-38.6057397386,-0.00286971097608,-38.6086094496,-26.2429830037,-0.00535260971079,-26.2483356134
6.08,-40,0,-40,-48.6091583649,0.0123026484206,-48.5968557165,-38.5902110709,-0.00290713145809,-38.5931182023,-26.2488757017,-0.0055493746617,-26.2544250764
6.12,-40,0,-40,-48.6134595338,0.0122560097465,-48.6012035241,-38.5746434033,-0.0029447801415,-38.5775881835,-26.2548181472,-0.00574739701407,-26.2605655442
6.16,-40,0,-40,-48.6177904216,0.0122091020758,-48.6055813195,-38.5590375,-0.00298265666068,-38.5620201567,-26.2608105826,-0.00594669091573,-26.2667572736
6.2,-40,0,-40,-48.6221511737,0.0121619236224,-48.60998925,-38.5433941196,-0.00302076064775,-38.5464148803,-26.2668532499,-0.0061472705023,-26.2730005204
6.24,-40,0,-40,-48.6265419341,0.0121144726056,-48.6144274615,-38.5277140155,-0.00305909173261,-38.5307731072,-26.2729463901,-0.00634914989652,-26.27929554
6.28,-40,0,-40,-48.6309628454,0.0120667472499,-48.6188960982,-38.5119979355,-0.00309764954297,-38.5150955851,-26.2790902432,-0.00655234320748,-26.2856425864
6.32,-40,0,-40,-48.6354140488,0.0120187457851,-48.623395303,-38.4962466223,-0.0031364337043,-38.4993830561,-26.2852850488,-0.00675686452993,-26.2920419134
6.36,-40,0,-40,-48.6398956839,0.0119704664465,-48.6279252175,-38.480460813,-0.00317544383988,-38.4836362568,-26.2915310455,-0.0069627279435,-26.2984937735
6.4,-40,0,-40,-48.6444078889,0.011921907475,-48.6324859814,-38.464641239,-0.00321467957076,-38.4678559185,-26.2978284711,-0.00716994751203,-26.3049984186
6.44,-40,0,-40,-48.6489508005,0.0118730671168,-48.6370777334,-38.4487886265,-0.00325414051582,-38.452042767,-26.3041775626,-0.00737853728281,-26.3115560999
6.48,-40,0,-40,-48.6535245539,0.0118239436244,-48.6417006102,-38.4329036961,-0.00329382629173,-38.4361975224,-26.3105785562,-0.00758851128585,-26.3181670675
6.52,-40,0,-40,-48.6581292828,0.0117745352558,-48.6463547476,-38.4169871628,-0.00333373651295,-38.4203208993,-26.3170316875,-0.0077998835332,-26.324831571
6.56,-40,0,-40,-48.6627651196,0.011724840275,-48.6510402793,-38.4010397362,-0.00337387079177,-38.404413607,-26.323537191,-0.00801266801818,-26.331549859
6.6,-40,0,-40,-48.6674321948,0.0116748569523,-48.6557573379,-38.3850621201,-0.00341422873827,-38.3884763489,-26.3300953007,-0.00822687871466,-26.3383221794
6.64,-40,0,-40,-48.6721306378,0.0116245835638,-48.6605060543,-38.3690550129,-0.00345480996038,-38.3725098229,-26.3367062498,-0.00844252957638,-26.3451487794
6.68,-40,0,-40,-48.6768605763,0.0115740183922,-48.6652865579,-38.3530191074,-0.00349561406382,-38.3565147215,-26.3433702705,-0.00865963453618,-26.352029905
6.72,-40,0,-40,-48.6816221364,0.0115231597265,-48.6700989766,-38.3369550907,-0.00353664065214,-38.3404917314,-26.3500875945,-0.00887820750531,-26.358965802
6.76,-40,0,-40,-48.6864154427,0.011472005862,-48.6749434368,-38.3208636444,-0.00357788932673,-38.3244415337,-26.3568584525,-0.00909826237269,-26.3659567149
6.8,-40,0,-40,-48.6912406184,0.0114205551009,-48.6798200633,-38.3047454443,-0.00361935968678,-38.308364804,-26.3636830747,-0.00931981300421,-26.3730028877
6.84,-40,0,-40,-48.6960977851,0.0113688057518,-48.6847289793,-38.2886011609,-0.00366105132936,-38.2922622122,-26.3705616902,-0.009542873242,-26.3801045634
6.88,-40,0,-40,-48.7009870627,0.0113167561304,-48.6896703065,-38.2724314586,-0.00370296384934,-38.2761344225,-26.3774945276,-0.00976745690372,-26.3872619845
6.92,-40,0,-40,-48.7059085696,0.0112644045588,-48.6946441651,-38.2562369967,-0.00374509683945,-38.2599820935,-26.3844818147,-0.00999357778183,-26.3944753925
6.96,-40,0,-40,-48.7108624229,0.0112117493667,-48.6996506735,-38.2400184284,-0.00378744989025,-38.2438058783,-26.3915237785,-0.0102212496429,-26.4017450281
7,-40,0,-40,-48.7158487376,0.0111587888904,-48.7046899487,-38.2237764015,-0.00383002259018,-38.2276064241,-26.3986206451,-0.0104504862269,-26.4090711313
7.04,-40,0,-40,-48.7208676276,0.0111055214737,-48.7097621061,-38.2075115583,-0.0038728145255,-38.2113843728,-26.4057726401,-0.0106813012463,-26.4164539414
7.08,-40,0,-40,-48.725919205,0.0110519454675,-48.7148672595,-38.1912245351,-0.00391582528035,-38.1951403604,-26.4129799882,-0.0109137083859,-26.4238936966
7.12,-40,0,-40,-48.7310035802,0.0109980592303,-48.720005521,-38.1749159628,-0.00395905443671,-38.1788750173,-26.4202429133,-0.0111477213013,-26.4313906346
7.16,-40,0,-40,-48.7361208623,0.010943861128,-48.7251770011,-38.1585864668,-0.00400250157444,-38.1625889683,-26.4275616387,-0.0113833536189,-26.4389449923
7.2,-40,0,-40,-48.7412711583,0.0108893495339,-48.7303818088,-38.1422366665,-0.00404616627128,-38.1462828328,-26.4349363868,-0.0116206189349,-26.4465570057
7.24,-40,0,-40,-48.7464545741,0.0108345228294,-48.7356200513,-38.1258671761,-0.00409004810281,-38.1299572242,-26.4423673792,-0.0118595308146,-26.45422691
7.28,-40,0,-40,-48.7516712136,0.0107793794034,-48.7408918342,-38.109478604,-0.00413414664251,-38.1136127506,-26.449854837,-0.0121001027917,-26.4619549398
7.32,-40,0,-40,-48.7569211792,0.0107239176528,-48.7461972615,-38.0930715529,-0.00417846146175,-38.0972500143,-26.4573989804,-0.0123423483675,-26.4697413288
7.36,-40,0,-40,-48.7622045716,0.0106681359826,-48.7515364356,-38.0766466201,-0.00422299212975,-38.0808696122,-26.4650000287,-0.0125862810104,-26.4775863097
7.4,-40,0,-40,-48.7675214898,0.0106120328056,-48.756909457,-38.0602043973,-0.00426773821365,-38.0644721355,-26.4726582006,-0.0128319141552,-26.4854901148
7.44,-40,0,-40,-48.7728720312,0.0105556065431,-48.7623164247,-38.0437454706,-0.00431269927846,-38.0480581699,-26.4803737141,-0.0130792612021,-26.4934529753
7.48,-40,0,-40,-48.7782562916,0.0104988556245,-48.767757436,-38.0272704205,-0.00435787488711,-38.0316282954,-26.4881467862,-0.0133283355163,-26.5014751217
7.52,-40,0,-40,-48.7836743649,0.0104417784879,-48.7732325864,-38.0107798221,-0.00440326460042,-38.0151830867,-26.4959776334,-0.0135791504271,-26.5095567839
7.56,-40,0,-40,-48.7891263433,0.0103843735794,-48.7787419697,-37.9942742448,-0.0044488679771,-37.9987231128,-26.5038664714,-0.0138317192275,-26.5176981906
7.6,-40,0,-40,-48.7946123176,0.0103266393541,-48.7842856782,-37.9777542527,-0.00449468457379,-37.9822489373,-26.511813515,-0.0140860551731,-26.5258995701
7.64,-40,0,-40,-48.8001323765,0.0102685742756,-48.7898638022,-37.9612204043,-0.00454071394504,-37.9657611183,-26.5198189782,-0.0143421714817,-26.5341611497
7.68,-40,0,-40,-48.8056866072,0.0102101768163,-48.7954764303,-37.9446732527,-0.0045869556433,-37.9492602083,-26.5278830745,-0.0146000813324,-26.5424831559
7.72,-40,0,-40,-48.811275095,0.0101514454576,-48.8011236495,-37.9281133454,-0.00463340921896,-37.9327467546,-26.5360060164,-0.0148597978651,-26.5508658143
7.76,-40,0,-40,-48.8168979236,0.0100923786898,-48.8068055449,-37.9115412246,-0.00468007422032,-37.9162212988,-26.5441880157,-0.0151213341798,-26.5593093499
7.8,-40,0,-40,-48.8225551748,0.0100329750122,-48.8125221998,-37.8949574271,-0.00472695019363,-37.8996843772,-26.5524292835,-0.0153847033356,-26.5678139868
7.84,-40,0,-40,-48.8282469287,0.00997323293326,-48.8182736958,-37.8783624842,-0.00477403668306,-37.8831365209,-26.5607300299,-0.0156499183506,-26.5763799482
7.88,-40,0,-40,-48.8339732636,0.00991315097088,-48.8240601127,-37.861756922,-0.00482133323071,-37.8665782552,-26.5690904644,-0.0159169922004,-26.5850074566
7.92,-40,0,-40,-48.839734256,0.0098527276522,-48.8298815284,-37.8451412611,-0.00486883937664,-37.8500101005,-26.5775107957,-0.0161859378183,-26.5936967335
7.96,-40,0,-40,-48.8455299807,0.00979196151381,-48.8357380191,-37.8285160169,-0.00491655465885,-37.8334325716,-26.5859912317,-0.0164567680939,-26.6024479998
8,-40,0,-40,-48.8513605103,0.00973085110187,-48.8416296592,-37.8118816994,-0.00496447861328,-37.816846178,-26.5945319794,-0.0167294958729,-26.6112614753
8.04,-40,0,-40,-48.857225916,0.0096693949722,-48.847556521,-37.7952388134,-0.00501261077384,-37.8002514242,-26.6031332452,-0.0170041339561,-26.6201373792
8.08,-40,0,-40,-48.8631262669,0.00960759169033,-48.8535186752,-37.7785878583,-0.00506095067239,-37.783648809,-26.6117952346,-0.0172806950989,-26.6290759297
8.12,-40,0,-40,-48.8690616304,0.00954543983163,-48.8595161906,-37.7619293286,-0.00510949783876,-37.7670388264,-26.6205181521,-0.0175591920104,-26.6380773441
8.16,-40,0,-40,-48.8750320719,0.0094829379814,-48.8655491339,-37.7452637131,-0.00515825180075,-37.7504219649,-26.6293022018,-0.0178396373533,-26.6471418391
8.2,-40,0,-40,-48.8810376549,0.00942008473496,-48.8716175701,-37.728591496,-0.00520721208413,-37.7337987081,-26.6381475865,-0.0181220437423,-26.6562696303
8.24,-40,0,-40,-48.8870784411,0.00935687869772,-48.8777215624,-37.7119131559,-0.00525637821264,-37.7171695341,-26.6470545086,-0.0184064237443,-26.6654609323
8.28,-40,0,-40,-48.8931544903,0.00929331848532,-48.8838611718,-37.6952291665,-0.005305749708,-37.7005349162,-26.6560231694,-0.0186927898772,-26.6747159592
8.32,-40,0,-40,-48.8992658602,0.00922940272368,-48.8900364575,-37.6785399964,-0.00535532608994,-37.6838953225,-26.6650537694,-0.0189811546095,-26.684034924
8.36,-40,0,-40,-48.9054126069,0.00916513004909,-48.8962474768,-37.661846109,-0.00540510687615,-37.6672512159,-26.6741465083,-0.0192715303596,-26.6934180387
8.4,-40,0,-40,-48.9115947841,0.00910049910834,-48.902494285,-37.6451479629,-0.00545509158232,-37.6506030545,-26.683301585,-0.0195639294947,-26.7028655145
8.44,-40,0,-40,-48.9178124439,0.00903550855879,-48.9087769353,-37.6284460114,-0.00550527972217,-37.6339512911,-26.6925191974,-0.019858364331,-26.7123775618
8.48,-40,0,-40,-48.9240656362,0.00897015706843,-48.9150954791,-37.6117407031,-0.00555567080739,-37.6172963739,-26.7017995427,-0.0201548471321,-26.7219543898
8.52,-40,0,-40,-48.930354409,0.00890444331602,-48.9214499657,-37.5950324815,-0.00560626434768,-37.6006387459,-26.7111428169,-0.0204533901092,-26.7315962071
8.56,-40,0,-40,-48.9366788084,0.00883836599115,-48.9278404424,-37.5783217852,-0.00565705985078,-37.5839788451,-26.7205492156,-0.0207540054195,-26.741303221
8.6,-40,0,-40,-48.9430388782,0.00877192379433,-48.9342669544,-37.561609048,-0.00570805682241,-37.5673171048,-26.730018933,-0.0210567051665,-26.7510756382
8.64,-40,0,-40,-48.9494346604,0.0087051154371,-48.940729545,-37.5448946987,-0.00575925476635,-37.5506539535,-26.7395521628,-0.0213615013988,-26.7609136642
8.68,-40,0,-40,-48.9558661948,0.0086379396421,-48.9472282552,-37.5281791614,-0.00581065318438,-37.5339898146,-26.7491490974,-0.0216684061094,-26.7708175035
8.72,-40,0,-40,-48.9623335193,0.00857039514314,-48.9537631241,-37.5114628554,-0.00586225157631,-37.517325107,-26.7588099286,-0.0219774312354,-26.7807873599
8.76,-40,0,-40,-48.9688366694,0.00850248068534,-48.9603341887,-37.4947461951,-0.00591404944002,-37.5006602446,-26.7685348471,-0.0222885886569,-26.7908234358
8.8,-40,0,-40,-48.9753756789,0.00843419502516,-48.9669414839,-37.4780295904,-0.00596604627139,-37.4839956367,-26.7783240427,-0.0226018901969,-26.8009259329
8.84,-40,0,-40,-48.9819505792,0.00836553693053,-48.9735850423,-37.4613134463,-0.00601824156436,-37.4673316879,-26.7881777041,-0.02291734762,-26.8110950518
8.88,-40,0,-40,-48.9885613996,0.00829650518092,-48.9802648944,-37.4445981633,-0.00607063481094,-37.4506687981,-26.7980960193,-0.0232349726325,-26.8213309919
8.92,-40,0,-40,-48.9952081673,0.0082270985674,-48.9869810687,-37.4278841371,-0.00612322550116,-37.4340073626,-26.8080791749,-0.0235547768811,-26.8316339518
8.96,-40,0,-40,-49.0018909073,0.00815731589279,-48.9937335914,-37.4111717589,-0.00617601312313,-37.417347772,-26.8181273569,-0.0238767719526,-26.8420041289
9,-40,0,-40,-49.0086096425,0.00808715597168,-49.0005224865,-37.3944614154,-0.00622899716302,-37.4006904125,-26.8282407501,-0.0242009693731,-26.8524417195
9.04,-40,0,-40,-49.0153643934,0.00801661763055,-49.0073477758,-37.3777534885,-0.00628217710508,-37.3840356657,-26.8384195382,-0.0245273806077,-26.8629469188
9.08,-40,0,-40,-49.0221551786,0.00794569970784,-49.0142094789,-37.3610483561,-0.00633555243162,-37.3673839085,-26.848663904,-0.0248560170594,-26.873519921
9.12,-40,0,-40,-49.028982014,0.00787440105404,-49.021107613,-37.3443463911,-0.00638912262303,-37.3507355137,-26.8589740291,-0.0251868900687,-26.8841609192
9.16,-40,0,-40,-49.0358449137,0.00780272053178,-49.0280421931,-37.3276479622,-0.00644288715779,-37.3340908493,-26.8693500942,-0.025520010913,-26.8948701051
9.2,-40,0,-40,-49.0427438892,0.00773065701589,-49.0350132322,-37.3109534338,-0.00649684551246,-37.3174502793,-26.8797922786,-0.0258553908059,-26.9056476694
9.24,-40,0,-40,-49.0496789498,0.00765820939351,-49.0420207404,-37.2942631657,-0.00655099716171,-37.3008141629,-26.8903007609,-0.0261930408967,-26.9164938018
9.28,-40,0,-40,-49.0566501026,0.00758537656416,-49.049064726,-37.2775775137,-0.00660534157829,-37.2841828553,-26.9008757181,-0.0265329722695,-26.9274086904
9.32,-40,0,-40,-49.0636573522,0.00751215743983,-49.0561451948,-37.260896829,-0.00665987823306,-37.2675567072,-26.9115173265,-0.026875195943,-26.9383925225
9.36,-40,0,-40,-49.0707007009,0.00743855094502,-49.06326215,-37.2442214585,-0.00671460659499,-37.2509360651,-26.922225761,-0.0272197228693,-26.9494454838
9.4,-40,0,-40,-49.0777801487,0.0073645560169,-49.0704155927,-37.2275517453,-0.00676952613116,-37.2343212714,-26.9330011952,-0.027566563934,-26.9605677591
9.44,-40,0,-40,-49.084895693,0.00729017160531,-49.0776055214,-37.2108880278,-0.00682463630677,-37.2177126641,-26.9438438017,-0.0279157299548,-26.9717595317
9.48,-40,0,-40,-49.0920473291,0.00721539667288,-49.0848319324,-37.1942306406,-0.00687993658515,-37.2011105772,-26.9547537519,-0.0282672316817,-26.9830209836
9.52,-40,0,-40,-49.0992350495,0.0071402301951,-49.0920948193,-37.177579914,-0.00693542642775,-37.1845153404,-26.9657312157,-0.0286210797956,-26.9943522955
9.56,-40,0,-40,-49.1064588445,0.00706467116043,-49.0993941733,-37.1609361742,-0.00699110529414,-37.1679272795,-26.976776362,-0.0289772849083,-27.0057536469
9.6,-40,0,-40,-49.1137187017,0.00698871857033,-49.1067299832,-37.1442997434,-0.00704697264206,-37.151346716,-26.9878893581,-0.0293358575617,-27.0172252157
9.64,-40,0,-40,-49.1210146065,0.00691237143934,-49.1141022351,-37.1276709397,-0.00710302792737,-37.1347739677,-26.9990703704,-0.0296968082269,-27.0287671787
9.68,-40,0,-40,-49.1283465416,0.0068356287952,-49.1215109128,-37.1110500775,-0.00715927060408,-37.1182093481,-27.0103195636,-0.0300601473042,-27.0403797109
9.72,-40,0,-40,-49.135714487,0.00675848967891,-49.1289559974,-37.0944374668,-0.00721570012436,-37.1016531669,-27.0216371012,-0.0304258851218,-27.0520629863
9.76,-40,0,-40,-49.1431184205,0.00668095314477,-49.1364374673,-37.077833414,-0.00727231593854,-37.0851057299,-27.0330231452,-0.0307940319359,-27.0638171771
9.8,-40,0,-40,-49.1505583168,0.00660301826052,-49.1439552986,-37.0612382215,-0.00732911749511,-37.068567339,-27.0444778563,-0.0311645979295,-27.0756424542
9.84,-40,0,-40,-49.1580341485,0.00652468410734,-49.1515094644,-37.0446521879,-0.00738610424073,-37.0520382921,-27.0560013937,-0.0315375932122,-27.0875389869
9.88,-40,0,-40,-49.1655458853,0.00644594978002,-49.1590999355,-37.0280756078,-0.00744327562022,-37.0355188835,-27.0675939151,-0.0319130278195,-27.0995069429
9.92,-40,0,-40,-49.1730934941,0.00636681438693,-49.1667266798,-37.0115087724,-0.00750063107661,-37.0190094034,-27.0792555768,-0.0322909117121,-27.1115464885
9.96,-40,0,-40,-49.1806769395,0.00628727705017,-49.1743896624,-36.9949519687,-0.00755817005109,-37.0025101387,-27.0909865334,-0.0326712547755,-27.1236577881
10,-40,0,-40,-49.188296183,0.00620733690561,-49.1820888461,-36.9784054803,-0.00761589198303,-36.9860213722,-27.1027869381,-0.0330540668192,-27.1358410049
10.04,-40,0,-40,-49.1959511835,0.00612699310297,-49.1898241904,-36.9618695869,-0.00767379631004,-36.9695433832,-27.1146569424,-0.0334393575765,-27.1480963
10.08,-40,0,-40,-49.2036418973,0.00604624480591,-49.1975956525,-36.9453445649,-0.00773188246789,-36.9530764473,-27.1265966963,-0.0338271367033,-27.160423833
10.12,-40,0,-40,-49.2113682776,0.00596509119207,-49.2054031864,-36.9288306866,-0.00779014989056,-36.9366208365,-27.138606348,-0.0342174137782,-27.1728237618
10.16,-40,0,-40,-49.2191302751,0.00588353145315,-49.2132467436,-36.9123282211,-0.00784859801025,-36.9201768191,-27.1506860442,-0.0346101983015,-27.1852962425
10.2,-40,0,-40,-49.2269278374,0.00580156479501,-49.2211262726,-36.8958374337,-0.00790722625738,-36.90374466,-27.1628359297,-0.0350054996947,-27.1978414294
10.24,-40,0,-40,-49.2347609093,0.00571919043771,-49.2290417189,-36.8793585865,-0.00796603406059,-36.8873246205,-27.1750561475,-0.0354033273,-27.2104594748
10.28,-40,0,-40,-49.2426294328,0.00563640761557,-49.2369930252,-36.8628919377,-0.00802502084673,-36.8709169586,-27.187346839,-0.0358036903799,-27.2231505294
10.32,-40,0,-40,-49.2505333469,0.00555321557729,-49.2449801313,-36.8464377425,-0.0080841860409,-36.8545219285,-27.1997081438,-0.0362065981161,-27.2359147419
10.36,-40,0,-40,-49.2584725877,0.00546961358596,-49.2530029741,-36.8299962522,-0.00814352906643,-36.8381397813,-27.2121401993,-0.0366120596096,-27.2487522589
10.4,-40,0,-40,-49.2664470882,0.00538560091917,-49.2610614873,-36.8135677152,-0.0082030493449,-36.8217707645,-27.2246431413,-0.0370200838796,-27.2616632252
10.44,-40,0,-40,-49.2744567785,0.00530117686906,-49.2691556016,-36.7971523762,-0.00826274629614,-36.8054151225,-27.2372171035,-0.0374306798634,-27.2746477834
10.48,-40,0,-40,-49.2825015857,0.00521634074238,-49.2772852449,-36.7807504767,-0.0083226193382,-36.7890730961,-27.2498622178,-0.0378438564154,-27.2877060742
10.52,-40,0,-40,-49.2905814336,0.00513109186058,-49.2854503418,-36.764362255,-0.00838266788745,-36.7727449229,-27.2625786139,-0.0382596223069,-27.3008382362
10.56,-40,0,-40,-49.2986962433,0.00504542955986,-49.2936508138,-36.747987946,-0.00844289135847,-36.7564308374,-27.2753664194,-0.0386779862254,-27.3140444056
10.6,-40,0,-40,-49.3068459324,0.00495935319124,-49.3018865792,-36.7316277815,-0.00850328916414,-36.7401310706,-27.2882257598,-0.039098956774,-27.3273247166
10.64,-40,0,-40,-49.3150304156,0.0048728621206,-49.3101575535,-36.71528199,-0.00856386071561,-36.7238458507,-27.3011567587,-0.0395225424711,-27.3406793012
10.68,-40,0,-40,-49.3232496042,0.00478595572881,-49.3184636485,-36.6989507968,-0.0086246054223,-36.7075754023,-27.3141595371,-0.0399487517494,-27.3541082888
10.72,-40,0,-40,-49.3315034065,0.00469863341173,-49.326804773,-36.6826344244,-0.00868552269193,-36.6913199471,-27.3272342139,-0.0403775929561,-27.3676118069
10.76,-40,0,-40,-49.3397917273,0.00461089458028,-49.3351808327,-36.6663330918,-0.0087466119305,-36.6750797038,-27.3403809059,-0.0408090743514,-27.3811899802
10.8,-40,0,-40,-49.3481144684,0.00452273866054,-49.3435917298,-36.6500470152,-0.00880787254234,-36.6588548878,-27.3535997272,-0.0412432041089,-27.3948429313
10.84,-40,0,-40,-49.3564715282,0.00443416509379,-49.3520373631,-36.6337764077,-0.00886930393003,-36.6426457116,-27.3668907897,-0.0416799903145,-27.40857078
10.88,-40,0,-40,-49.3648628016,0.00434517333656,-49.3605176282,-36.6175214793,-0.00893090549451,-36.6264523847,-27.3802542029,-0.042119440966,-27.4223736438
10.92,-40,0,-40,-49.3732881803,0.00425576286072,-49.3690324174,-36.6012824371,-0.00899267663501,-36.6102751137,-27.3936900735,-0.0425615639726,-27.4362516375
10.96,-40,0,-40,-49.3817475525,0.0041659331535,-49.3775816193,-36.5850594853,-0.00905461674908,-36.594114102,-27.407198506,-0.0430063671545,-27.4502048732
11,-40,0,-40,-49.390240803,0.00407568371759,-49.3861651193,-36.5688528252,-0.0091167252326,-36.5779695504,-27.420779602,-0.0434538582422,-27.4642334603
11.04,-40,0,-40,-49.3987678132,0.00398501407119,-49.3947827991,-36.5526626551,-0.00917900147978,-36.5618416566,-27.4344334606,-0.0439040448761,-27.4783375055
11.08,-40,0,-40,-49.4073284608,0.00389392374804,-49.403434537,-36.5364891706,-0.00924144488317,-36.5457306155,-27.448160178,-0.0443569346057,-27.4925171126
11.12,-40,0,-40,-49.4159226201,0.00380241229753,-49.4121202078,-36.5203325644,-0.00930405483368,-36.5296366192,-27.4619598478,-0.0448125348896,-27.5067723827
11.16,-40,0,-40,-49.4245501619,0.00371047928469,-49.4208396826,-36.5041930264,-0.00936683072053,-36.5135598571,-27.4758325605,-0.0452708530948,-27.5211034136
11.2,-40,0,-40,-49.4332109531,0.00361812429033,-49.4295928289,-36.4880707438,-0.00942977193132,-36.4975005157,-27.4897784039,-0.0457318964957,-27.5355103004
11.24,-40,0,-40,-49.4419048573,0.00352534691101,-49.4383795104,-36.4719659009,-0.00949287785202,-36.4814587788,-27.5037974627,-0.0461956722744,-27.5499931349
11.28,-40,0,-40,-49.4506317342,0.00343214675915,-49.4471995874,-36.4558786796,-0.00955614786694,-36.4654348274,-27.5178898185,-0.0466621875196,-27.564552006
11.32,-40,0,-40,-49.4593914397,0.0033385234631,-49.4560529163,-36.4398092588,-0.00961958135878,-36.4494288402,-27.5320555499,-0.0471314492265,-27.5791869991
11.36,-40,0,-40,-49.4681838263,0.00324447666712,-49.4649393496,-36.423757815,-0.00968317770862,-36.4334409927,-27.5462947323,-0.0476034642959,-27.5938981966
11.4,-40,0,-40,-49.4770087422,0.00315000603153,-49.4738587362,-36.407724522,-0.0097469362959,-36.4174714583,-27.5606074377,-0.0480782395341,-27.6086856773
11.44,-40,0,-40,-49.4858660323,0.00305511123267,-49.4828109211,-36.3917095509,-0.00981085649849,-36.4015204074,-27.574993735,-0.0485557816522,-27.6235495166
11.48,-40,0,-40,-49.4947555373,0.00295979196303,-49.4917957453,-36.3757130705,-0.00987493769261,-36.3855880082,-27.5894536894,-0.0490360972657,-27.6384897867
11.52,-40,0,-40,-49.5036770941,0.00286404793125,-49.5008130461,-36.3597352468,-0.00993917925291,-36.369674426,-27.6039873629,-0.0495191928939,-27.6535065558
11.56,-40,0,-40,-49.5126305355,0.00276787886221,-49.5098626567,-36.3437762434,-0.0100035805524,-36.3537798239,-27.6185948137,-0.0500050749595,-27.6685998887
11.6,-40,0,-40,-49.5216156906,0.00267128449704,-49.5189444061,-36.3278362214,-0.0100681409627,-36.3379043624,-27.6332760966,-0.0504937497883,-27.6837698464
11.64,-40,0,-40,-49.5306323843,0.00257426459322,-49.5280581197,-36.3119153396,-0.0101328598535,-36.3220481994,-27.6480312625,-0.0509852236082,-27.6990164861
11.68,-40,0,-40,-49.5396804375,0.00247681892457,-49.5372036186,-36.2960137542,-0.0101977365932,-36.3062114908,-27.6628603586,-0.0514795025495,-27.7143398611
11.72,-40,0,-40,-49.5487596669,0.00237894728137,-49.5463807196,-36.280131619,-0.0102627705485,-36.2903943895,-27.6777634281,-0.0519765926436,-27.7297400208
11.76,-40,0,-40,-49.5578698851,0.00228064947035,-49.5555892357,-36.2642690855,-0.0103279610846,-36.2745970466,-27.6927405104,-0.0524764998234,-27.7452170102
11.8,-40,0,-40,-49.5670109007,0.00218192531474,-49.5648289754,-36.2484263029,-0.0103933075651,-36.2588196105,-27.7077916407,-0.0529792299219,-27.7607708706
11.84,-40,0,-40,-49.5761825178,0.00208277465437,-49.5740997432,-36.232603418,-0.0104588093522,-36.2430622274,-27.7229168501,-0.0534847886727,-27.7764016387
11.88,-40,0,-40,-49.5853845365,0.00198319734566,-49.5834013391,-36.2168005754,-0.0105244658062,-36.2273250412,-27.7381161654,-0.0539931817087,-27.7921093471
11.92,-40,0,-40,-49.5946167523,0.00188319326171,-49.592733559,-36.2010179173,-0.0105902762862,-36.2116081936,-27.7533896092,-0.0545044145622,-27.8078940238
11.96,-40,0,-40,-49.6038789567,0.0017827622923,-49.6020961944,-36.1852555837,-0.0106562401496,-36.1959118238,-27.7687371996,-0.0550184926643,-27.8237556923
12,-40,0,-40,-49.6131709365,0.00168190434397,-49.6114890321,-36.1695137124,-0.0107223567524,-36.1802360692,-27.7841589501,-0.0555354213443,-27.8396943715
12.04,-40,0,-40,-49.6224924742,0.00158061934005,-49.6209118549,-36.1537924392,-0.010788625449,-36.1645810646,-27.7996548697,-0.0560552058295,-27.8557100755
12.08,-40,0,-40,-49.631843348,0.00147890722072,-49.6303644408,-36.1380918974,-0.0108550455922,-36.148946943,-27.8152249625,-0.0565778512447,-27.8718028138
12.12,-40,0,-40,-49.6412233313,0.00137676794301,-49.6398465634,-36.1224122183,-0.0109216165334,-36.1333338349,-27.830869228,-0.0571033626114,-27.8879725906
12.16,-40,0,-40,-49.6506321931,0.0012742014809,-49.6493579916,-36.1067535313,-0.0109883376225,-36.1177418689,-27.8465876604,-0.057631744848,-27.9042194053
12.2,-40,0,-40,-49.6600696978,0.00117120782532,-49.6588984899,-36.0911159633,-0.0110552082079,-36.1021711715,-27.8623802493,-0.0581630027689,-27.9205432521
12.24,-40,0,-40,-49.669535605,0.00106778698421,-49.668467818,-36.0754996394,-0.0111222276365,-36.0866218671,-27.8782469788,-0.0586971410843,-27.9369441199
12.28,-40,0,-40,-49.6790296699,0.000963938982543,-49.6780657309,-36.0599046827,-0.0111893952537,-36.071094078,-27.8941878278,-0.0592341643995,-27.9534219922
12.32,-40,0,-40,-49.6885516427,0.000859663862391,-49.6876919788,-36.0443312141,-0.0112567104033,-36.0555879245,-27.9102027699,-0.0597740772149,-27.9699768471
12.36,-40,0,-40,-49.698101269,0.000754961682939,-49.6973463073,-36.0287793527,-0.0113241724279,-36.0401035251,-27.926291773,-0.0603168839253,-27.9866086569
12.4,-40,0,-40,-49.7076782894,0.000649832520535,-49.7070284569,-36.0132492153,-0.0113917806685,-36.024640996,-27.9424547996,-0.0608625888193,-28.0033173884
12.44,-40,0,-40,-49.7172824399,0.000544276468726,-49.7167381634,-35.9977409171,-0.0114595344645,-36.0092004516,-27.9586918063,-0.0614111960794,-28.0201030024
12.48,-40,0,-40,-49.7269134512,0.000438293638299,-49.7264751576,-35.9822545713,-0.0115274331541,-35.9937820045,-27.9750027438,-0.0619627097813,-28.0369654536
12.52,-40,0,-40,-49.7365710495,0.000331884157304,-49.7362391653,-35.966790289,-0.0115954760739,-35.9783857651,-27.9913875569,-0.0625171338932,-28.0539046908
12.56,-40,0,-40,-49.7462549556,0.00022504817111,-49.7460299074,-35.9513481797,-0.011663662559,-35.9630118422,-28.0078461841,-0.0630744722762,-28.0709206564
12.6,-40,0,-40,-49.7559648855,0.000117785842421,-49.7558470996,-35.9359283507,-0.0117319919433,-35.9476603426,-28.0243785578,-0.063634728683,-28.0880132865
12.64,-40,0,-40,-49.76570055,1.00973513216e-05,-49.7656904526,-35.9205309078,-0.0118004635591,-35.9323313713,-28.0409846038,-0.0641979067581,-28.1051825106
12.68,-40,0,-40,-49.7754616547,-9.8017104693e-05,-49.7755596718,-35.9051559548,-0.0118690767372,-35.9170250315,-28.0576642416,-0.0647640100371,-28.1224282516
12.72,-40,0,-40,-49.7852479002,-0.000206557310685,-49.7854544575,-35.8898035937,-0.0119378308072,-35.9017414245,-28.0744173836,-0.0653330419465,-28.1397504256
12.76,-40,0,-40,-49.7950589816,-0.000315523034237,-49.7953745047,-35.8744739248,-0.0120067250971,-35.8864806499,-28.0912439358,-0.0659050058034,-28.1571489416
12.8,-40,0,-40,-49.8048945891,-0.000424914025427,-49.8053195031,-35.8591670466,-0.0120757589336,-35.8712428055,-28.108143797,-0.0664799048146,-28.1746237018
12.84,-40,0,-40,-49.8147544071,-0.000534730016791,-49.8152891371,-35.8438830559,-0.0121449316421,-35.8560279875,-28.1251168588,-0.0670577420769,-28.1921746009
12.88,-40,0,-40,-49.8246381149,-0.000644970723297,-49.8252830856,-35.8286220478,-0.0122142425463,-35.8408362903,-28.1421630056,-0.0676385205763,-28.2098015262
12.92,-40,0,-40,-49.8345453864,-0.000755635842317,-49.8353010222,-35.8133841156,-0.0122836909689,-35.8256678066,-28.1592821143,-0.0682222431876,-28.2275043575
12.96,-40,0,-40,-49.8444758899,-0.000866725053589,-49.8453426149,-35.7981693511,-0.0123532762309,-35.8105226273,-28.1764740543,-0.0688089126744,-28.245282967
13,-40,0,-40,-49.8544292882,-0.000978238019197,-49.8554075262,-35.7829778443,-0.0124229976522,-35.795400842,-28.193738687,-0.0693985316883,-28.2631372187
13.04,-40,0,-40,-49.8644052386,-0.00109017438354,-49.865495413,-35.7678096837,-0.0124928545511,-35.7803025383,-28.211075866,-0.0699911027689,-28.2810669688
13.08,-40,0,-40,-49.8744033928,-0.00120253377332,-49.8756059266,-35.7526649561,-0.0125628462446,-35.7652278023,-28.2284854369,-0.0705866283431,-28.2990720652
13.12,-40,0,-40,-49.8844233966,-0.00131531579747,-49.8857387124,-35.7375437467,-0.0126329720485,-35.7501767187,-28.2459672368,-0.071185110725,-28.3171523475
13.16,-40,0,-40,-49.8944648904,-0.0014285200472,-49.8958934104,-35.7224461392,-0.0127032312771,-35.7351493704,-28.2635210943,-0.0717865521154,-28.3353076464
13.2,-40,0,-40,-49.9045275086,-0.0015421460959,-49.9060696547,-35.7073722156,-0.0127736232434,-35.7201458389,-28.2811468297,-0.0723909546016,-28.3535377843
13.24,-40,0,-40,-49.9146108799,-0.00165619349916,-49.9162670734,-35.6923220567,-0.012844147259,-35.705166204,-28.2988442541,-0.0729983201571,-28.3718425742
13.28,-40,0,-40,-49.9247146271,-0.00177066179475,-49.9264852889,-35.6772957414,-0.0129148026345,-35.690210544,-28.3166131697,-0.0736086506407,-28.3902218204
13.32,-40,0,-40,-49.9348383671,-0.00188555050255,-49.9367239176,-35.6622933473,-0.0129855886787,-35.675278936,-28.3344533696,-0.074221947797,-28.4086753174
13.36,-40,0,-40,-49.9449817108,-0.00200085912458,-49.94698257,-35.6473149505,-0.0130565046994,-35.6603714552,-28.3523646375,-0.0748382132554,-28.4272028507
13.4,-40,0,-40,-49.9551442633,-0.00211658714497,-49.9572608504,-35.6323606257,-0.0131275500031,-35.6454881757,-28.3703467472,-0.0754574485301,-28.4458041957
13.44,-40,0,-40,-49.9653256233,-0.0022327340299,-49.9675583573,-35.617430446,-0.0131987238948,-35.6306291699,-28.3883994631,-0.0760796550198,-28.4644791181
13.48,-40,0,-40,-49.9755253836,-0.00234929922763,-49.9778746829,-35.6025244832,-0.0132700256783,-35.6157945089,-28.4065225393,-0.0767048340071,-28.4832273733
13.52,-40,0,-40,-49.9857431309,-0.00246628216845,-49.9882094131,-35.5876428077,-0.0133414546563,-35.6009842624,-28.4247157198,-0.0773329866583,-28.5020487065
13.56,-40,0,-40,-49.9959784456,-0.00258368226466,-49.9985621278,-35.5727854885,-0.01341301013,-35.5861984986,-28.4429787383,-0.0779641140233,-28.5209428524
13.6,-40,0,-40,-50.0062309017,-0.00270149891059,-50.0089324006,-35.5579525931,-0.0134846913993,-35.5714372845,-28.4613113176,-0.078598217035,-28.5399095347
13.64,-40,0,-40,-50.0165000672,-0.00281973148252,-50.0193197987,-35.5431441879,-0.0135564977631,-35.5567006856,-28.4797131698,-0.0792352965091,-28.5589484664
13.68,-40,0,-40,-50.0267855036,-0.00293837933872,-50.029723883,-35.5283603377,-0.0136284285187,-35.5419887662,-28.4981839959,-0.0798753531437,-28.578059349
13.72,-40,0,-40,-50.0370867661,-0.0030574418194,-50.0401442079,-35.5136011061,-0.0137004829623,-35.5273015891,-28.5167234855,-0.0805183875193,-28.597241873
13.76,-40,0,-40,-50.0474034032,-0.00317691824673,-50.0505803214,-35.4988665555,-0.0137726603891,-35.5126392159,-28.5353313166,-0.0811644000981,-28.6164957167
13.8,-40,0,-40,-50.0577349572,-0.00329680792478,-50.0610317651,-35.4841567469,-0.0138449600926,-35.4980017069,-28.5540071556,-0.0818133912239,-28.6358205468
13.84,-40,0,-40,-50.0680809636,-0.00341711013953,-50.0714980738,-35.4694717399,-0.0139173813654,-35.4833891213,-28.5727506567,-0.0824653611217,-28.6552160179
13.88,-40,0,-40,-50.0784409517,-0.00353782415887,-50.0819787758,-35.4548115932,-0.0139899234988,-35.4688015167,-28.591561462,-0.0831203098978,-28.6746817719
13.92,-40,0,-40,-50.0888144437,-0.00365894923257,-50.092473393,-35.4401763639,-0.0140625857828,-35.4542389497,-28.6104392009,-0.083778237539,-28.6942174384
13.96,-40,0,-40,-50.0992009555,-0.00378048459226,-50.1029814401,-35.4255661081,-0.0141353675062,-35.4397014756,-28.62938349,-0.0844391439124,-28.7138226339
14,-40,0,-40,-50.109599996,-0.00390242945144,-50.1135024254,-35.4109808806,-0.0142082679568,-35.4251891485,-28.648393933,-0.0851030287654,-28.7334969618
14.04,-40,0,-40,-50.1200110675,-0.00402478300547,-50.1240358505,-35.396420735,-0.0142812864209,-35.4107020214,-28.6674701202,-0.0857698917254,-28.7532400119
14.08,-40,0,-40,-50.1304336654,-0.00414754443154,-50.1345812098,-35.3818857238,-0.0143544221838,-35.396240146,-28.6866116284,-0.0864397322991,-28.7730513607
14.12,-40,0,-40,-50.1408672783,-0.00427071288868,-50.1451379912,-35.3673758984,-0.0144276745295,-35.3818035729,-28.7058180204,-0.0871125498727,-28.7929305703
14.16,-40,0,-40,-50.1513113878,-0.00439428751773,-50.1557056754,-35.3528913087,-0.0145010427411,-35.3673923515,-28.7250888452,-0.0877883437115,-28.8128771889
14.2,-40,0,-40,-50.1617654687,-0.00451826744138,-50.1662837361,-35.338432004,-0.0145745261,-35.3530065301,-28.744423637,-0.0884671129595,-28.8328907499
14.24,-40,0,-40,-50.1722289886,-0.0046426517641,-50.1768716404,-35.323998032,-0.014648123887,-35.3386461559,-28.7638219155,-0.0891488566393,-28.8529707722
14.28,-40,0,-40,-50.1827014082,-0.00476743957217,-50.1874688477,-35.3095894395,-0.0147218353815,-35.3243112749,-28.7832831856,-0.0898335736517,-28.8731167592
14.32,-40,0,-40,-50.193182181,-0.00489262993369,-50.198074811,-35.2952062724,-0.0147956598616,-35.3100019323,-28.8028069365,-0.0905212627756,-28.8933281993
14.36,-40,0,-40,-50.2036707536,-0.00501822189854,-50.2086889755,-35.2808485752,-0.0148695966045,-35.2957181718,-28.8223926424,-0.0912119226678,-28.913604565
14.4,-40,0,-40,-50.2141665652,-0.0051442144984,-50.2193107797,-35.2665163915,-0.0149436448861,-35.2814600364,-28.842039761,-0.0919055518625,-28.9339453129
14.44,-40,0,-40,-50.2246690479,-0.00527060674672,-50.2299396547,-35.2522097638,-0.0150178039813,-35.2672275678,-28.8617477344,-0.0926021487713,-28.9543498831
14.48,-40,0,-40,-50.2351776265,-0.00539739763877,-50.2405750242,-35.2379287337,-0.0150920731638,-35.2530208069,-28.8815159877,-0.0933017116826,-28.9748176994
14.52,-40,0,-40,-50.2456917186,-0.00552458615158,-50.2512163047,-35.2236733416,-0.0151664517062,-35.2388397933,-28.9013439295,-0.0940042387621,-28.9953481683
14.56,-40,0,-40,-50.2562107343,-0.00565217124397,-50.2618629056,-35.2094436271,-0.01524093888,-35.224684566,-28.9212309513,-0.0947097280518,-29.0159406793
14.6,-40,0,-40,-50.2667340765,-0.00578015185655,-50.2725142284,-35.1952396285,-0.0153155339555,-35.2105551625,-28.9411764268,-0.0954181774701,-29.0365946043
14.64,-40,0,-40,-50.2772611407,-0.00590852691171,-50.2831696676,-35.1810613835,-0.0153902362022,-35.1964516197,-28.9611797123,-0.0961295848117,-29.0573092971
14.68,-40,0,-40,-50.2877913148,-0.00603729531363,-50.2938286101,-35.1669089285,-0.0154650448881,-35.1823739734,-28.9812401456,-0.0968439477472,-29.0780840934
14.72,-40,0,-40,-50.2983239794,-0.00616645594828,-50.3044904353,-35.1527822992,-0.0155399592804,-35.1683222585,-29.0013570464,-0.0975612638227,-29.0989183102
14.76,-40,0,-40,-50.3088585074,-0.00629600768343,-50.3151545151,-35.1386815302,-0.0156149786452,-35.1542965088,-29.0215297152,-0.0982815304603,-29.1198112457
14.8,-40,0,-40,-50.3193942643,-0.00642594936861,-50.3258202137,-35.1246066552,-0.0156901022475,-35.1402967575,-29.0417574337,-0.0990047449569,-29.1407621787
14.84,-40,0,-40,-50.3299306081,-0.00655627983519,-50.3364868879,-35.1105577071,-0.0157653293511,-35.1263230364,-29.0620394637,-0.099730904485,-29.1617703682
14.88,-40,0,-40,-50.3404668889,-0.00668699789632,-50.3471538868,-35.0965347177,-0.015840659219,-35.1123753769,-29.0823750474,-0.100460006092,-29.1828350535
14.92,-40,0,-40,-50.3510024495,-0.00681810234697,-50.3578205518,-35.082537718,-0.015916091113,-35.0984538091,-29.1027634066,-0.101192046699,-29.2039554533
14.96,-40,0,-40,-50.3615366247,-0.00694959196394,-50.3684862166,-35.0685667382,-0.0159916242939,-35.0845583625,-29.1232037425,-0.101927023103,-29.2251307656
15,-40,0,-40,-50.3720687418,-0.00708146550581,-50.3791502073,-35.0546218076,-0.0160672580214,-35.0706890656,-29.1436952353,-0.102664931975,-29.2463601673
15.04,-40,0,-40,-50.3825981205,-0.00721372171305,-50.3898118422,-35.0407029546,-0.0161429915543,-35.0568459461,-29.1642370438,-0.10340576986,-29.2676428137
15.08,-40,0,-40,-50.3931240723,-0.00734635930791,-50.4004704316,-35.0268102067,-0.0162188241503,-35.0430290308,-29.1848283052,-0.104149533176,-29.2889778384
15.12,-40,0,-40,-50.4036459015,-0.00747937699454,-50.4111252785,-35.0129435906,-0.016294755066,-35.0292383457,-29.2054681342,-0.104896218217,-29.3103643525
15.16,-40,0,-40,-50.414162904,-0.00761277345892,-50.4217756775,-34.9991031324,-0.0163707835573,-35.0154739159,-29.2261556234,-0.105645821149,-29.3318014445
15.2,-40,0,-40,-50.4246743684,-0.00774654736891,-50.4324209158,-34.985288857,-0.0164469088789,-35.0017357659,-29.246889842,-0.106398338011,-29.3532881801
15.24,-40,0,-40,-50.4351795752,-0.00788069737425,-50.4430602726,-34.9715007888,-0.0165231302843,-34.9880239191,-29.2676698363,-0.107153764718,-29.374823601
15.28,-40,0,-40,-50.445677797,-0.00801522210658,-50.4536930191,-34.9577389513,-0.0165994470265,-34.9743383983,-29.2884946286,-0.107912097055,-29.3964067256
15.32,-40,0,-40,-50.4561682986,-0.00815012017944,-50.4643184188,-34.9440033673,-0.0166758583571,-34.9606792256,-29.3093632169,-0.108673330682,-29.4180365476
15.36,-40,0,-40,-50.4666503369,-0.0082853901883,-50.4749357271,-34.9302940586,-0.016752363527,-34.9470464221,-29.3302745751,-0.109437461131,-29.4397120362
15.4,-40,0,-40,-50.4771231609,-0.00842103071054,-50.4855441916,-34.9166110466,-0.0168289617859,-34.9334400084,-29.3512276517,-0.110204483806,-29.4614321355
15.44,-40,0,-40,-50.4875860116,-0.00855704030552,-50.4961430519,-34.9029543517,-0.0169056523829,-34.919860004,-29.3722213699,-0.110974393986,-29.4831957639
15.48,-40,0,-40,-50.4980381222,-0.00869341751456,-50.5067315397,-34.8893239936,-0.0169824345657,-34.9063064281,-29.3932546272,-0.111747186821,-29.5050018141
15.52,-40,0,-40,-50.5084787178,-0.00883016086095,-50.5173088786,-34.8757199913,-0.0170593075815,-34.8927792989,-29.4143262948,-0.112522857332,-29.5268491521
15.56,-40,0,-40,-50.5189070156,-0.00896726884999,-50.5278742845,-34.8621423631,-0.0171362706763,-34.8792786338,-29.435435217,-0.113301400413,-29.5487366174
15.6,-40,0,-40,-50.529322225,-0.00910473996899,-50.5384269649,-34.8485911266,-0.0172133230953,-34.8658044497,-29.4565802112,-0.114082810832,-29.5706630221
15.64,-40,0,-40,-50.5397235471,-0.00924257268732,-50.5489661198,-34.8350662988,-0.0172904640826,-34.8523567629,-29.4777600673,-0.114867083226,-29.5926271505
15.68,-40,0,-40,-50.5501101754,-0.00938076545639,-50.5594909409,-34.8215678957,-0.0173676928817,-34.8389355886,-29.498973547,-0.115654212106,-29.6146277591
15.72,-40,0,-40,-50.5604812952,-0.00951931670967,-50.5700006119,-34.808095933,-0.0174450087349,-34.8255409417,-29.5202193836,-0.116444191854,-29.6366635755
15.76,-40,0,-40,-50.570836084,-0.00965822486277,-50.5804943088,-34.7946504254,-0.0175224108837,-34.8121728363,-29.5414962817,-0.117237016721,-29.6587332984
15.8,-40,0,-40,-50.5811737111,-0.00979748831337,-50.5909711994,-34.7812313872,-0.0175998985689,-34.7988312858,-29.5628029163,-0.118032680834,-29.6808355971
15.84,-40,0,-40,-50.5914933381,-0.00993710544133,-50.6014304436,-34.767838832,-0.0176774710301,-34.785516303,-29.5841379328,-0.118831178189,-29.702969111
15.88,-40,0,-40,-50.6017941186,-0.0100770746087,-50.6118711932,-34.7544727726,-0.0177551275063,-34.7722279001,-29.6054999464,-0.119632502652,-29.725132449
15.92,-40,0,-40,-50.6120751982,-0.0102173941596,-50.6222925923,-34.7411332213,-0.0178328672355,-34.7589660885,-29.6268875414,-0.120436647962,-29.7473241893
15.96,-40,0,-40,-50.6223357146,-0.0103580624205,-50.632693777,-34.7278201899,-0.0179106894548,-34.7457308793,-29.6482992711,-0.12124360773,-29.7695428789
16,-40,0,-40,-50.6325747977,-0.0104990777001,-50.6430738754,-34.7145336892,-0.0179885934005,-34.7325222826,-29.6697336574,-0.122053375435,-29.7917870328
16.04,-40,0,-40,-50.6427915693,-0.0106404382892,-50.6534320076,-34.7012737299,-0.0180665783082,-34.7193403082,-29.6911891898,-0.122865944429,-29.8140551342
16.08,-40,0,-40,-50.6529851436,-0.0107821424611,-50.6637672861,-34.6880403218,-0.0181446434125,-34.7061849652,-29.7126643255,-0.123681307934,-29.8363456335
16.12,-40,0,-40,-50.6631546269,-0.0109241884714,-50.6740788154,-34.674833474,-0.0182227879471,-34.693056262,-29.7341574888,-0.124499459043,-29.8586569478
16.16,-40,0,-40,-50.6732991176,-0.0110665745578,-50.6843656921,-34.6616531954,-0.0183010111451,-34.6799542065,-29.7556670704,-0.125320390721,-29.8809874611
16.2,-40,0,-40,-50.6834177063,-0.0112092989407,-50.6946270052,-34.6484994939,-0.0183793122386,-34.6668788062,-29.7771914272,-0.126144095801,-29.903335523
16.24,-40,0,-40,-50.693509476,-0.0113523598227,-50.7048618358,-34.6353723772,-0.0184576904591,-34.6538300677,-29.798728882,-0.126970566989,-29.925699449
16.28,-40,0,-40,-50.7035735019,-0.011495755389,-50.7150692573,-34.6222718523,-0.018536145037,-34.6408079974,-29.8202777225,-0.127799796859,-29.9480775194
16.32,-40,0,-40,-50.7136088515,-0.0116394838071,-50.7252483353,-34.6091979257,-0.0186146752021,-34.6278126009,-29.8418362015,-0.128631777858,-29.9704679794
16.36,-40,0,-40,-50.7236145847,-0.011783543227,-50.7353981279,-34.5961506031,-0.0186932801835,-34.6148438833,-29.8634025359,-0.129466502302,-29.9928690382
16.4,-40,0,-40,-50.7335897538,-0.0119279317814,-50.7455176856,-34.5831298901,-0.0187719592093,-34.6019018494,-29.8849749066,-0.130303962377,-30.015278869
16.44,-40,0,-40,-50.7435334037,-0.0120726475854,-50.7556060512,-34.5701357915,-0.0188507115071,-34.5889865031,-29.9065514579,-0.131144150141,-30.0376956081
16.48,-40,0,-40,-50.7534445715,-0.0122176887369,-50.7656622602,-34.5571683117,-0.0189295363034,-34.576097848,-29.9281302973,-0.131987057521,-30.0601173548
16.52,-40,0,-40,-50.7633222872,-0.0123630533162,-50.7756853405,-34.5442274545,-0.0190084328243,-34.5632358873,-29.9497094947,-0.132832676315,-30.082542171
16.56,-40,0,-40,-50.7731655731,-0.0125087393864,-50.7856743125,-34.5313132231,-0.0190874002948,-34.5504006234,-29.9712870822,-0.133680998189,-30.1049680804
16.6,-40,0,-40,-50.7829734445,-0.0126547449933,-50.7956281895,-34.5184256206,-0.0191664379395,-34.5375920586,-29.9928610537,-0.134532014683,-30.1273930684
16.64,-40,0,-40,-50.7927449092,-0.0128010681654,-50.8055459773,-34.5055646493,-0.0192455449821,-34.5248101943,-30.0144293644,-0.135385717203,-30.1498150816
16.68,-40,0,-40,-50.8024789678,-0.012947706914,-50.8154266747,-34.492730311,-0.0193247206455,-34.5120550316,-30.0359899305,-0.13624209703,-30.1722320275
16.72,-40,0,-40,-50.812174614,-0.0130946592332,-50.8252692733,-34.4799226072,-0.0194039641521,-34.4993265713,-30.0575406285,-0.13710114531,-30.1946417739
16.76,-40,0,-40,-50.8218308343,-0.0132419231001,-50.8350727574,-34.4671415388,-0.0194832747233,-34.4866248135,-30.0790792954,-0.137962853063,-30.2170421485
16.8,-40,0,-40,-50.8314466082,-0.0133894964745,-50.8448361046,-34.4543871063,-0.0195626515801,-34.4739497579,-30.1006037276,-0.138827211177,-30.2394309388
16.84,-40,0,-40,-50.8410209083,-0.0135373772992,-50.8545582856,-34.4416593098,-0.0196420939426,-34.4613014038,-30.1221116811,-0.139694210412,-30.2618058915
16.88,-40,0,-40,-50.8505527005,-0.0136855635001,-50.864238264,-34.428958149,-0.0197216010304,-34.44867975,-30.1436008707,-0.140563841397,-30.2841647121
16.92,-40,0,-40,-50.8600409439,-0.013834052986,-50.8738749969,-34.4162836229,-0.0198011720621,-34.4360847949,-30.1650689701,-0.14143609463,-30.3065050648
16.96,-40,0,-40,-50.8694845911,-0.0139828436487,-50.8834674347,-34.4036357302,-0.019880806256,-34.4235165365,-30.1865136113,-0.142310960483,-30.3288245717
17,-40,0,-40,-50.8788825879,-0.0141319333633,-50.8930145212,-34.3910144695,-0.0199605028295,-34.4109749723,-30.207932384,-0.143188429193,-30.3511208132
17.04,-40,0,-40,-50.8882338739,-0.0142813199879,-50.9025151939,-34.3784198384,-0.0200402609994,-34.3984600994,-30.2293228359,-0.144068490872,-30.3733913268
17.08,-40,0,-40,-50.8975373824,-0.0144310013638,-50.9119683837,-34.3658518346,-0.020120079982,-34.3859719145,-30.2506824719,-0.144951135501,-30.3956336074
17.12,-40,0,-40,-50.9067920402,-0.0145809753157,-50.9213730156,-34.353310455,-0.0201999589926,-34.373510414,-30.2720087542,-0.145836352928,-30.4178451072
17.16,-40,0,-40,-50.9159967684,-0.0147312396515,-50.9307280081,-34.3407956965,-0.0202798972462,-34.3610755937,-30.2932991017,-0.146724132876,-30.4400232345
17.2,-40,0,-40,-50.9251504818,-0.0148817921622,-50.940032274,-34.3283075553,-0.0203598939571,-34.3486674492,-30.3145508897,-0.147614464937,-30.4621653546
17.24,-40,0,-40,-50.9342520894,-0.0150326306227,-50.94928472,-34.3158460272,-0.0204399483389,-34.3362859756,-30.3357614501,-0.148507338571,-30.4842687886
17.28,-40,0,-40,-50.9433004944,-0.0151837527908,-50.9584842472,-34.3034111079,-0.0205200596047,-34.3239311675,-30.3569280708,-0.149402743112,-30.5063308139
17.32,-40,0,-40,-50.9522945946,-0.0153351564081,-50.967629751,-34.2910027926,-0.0206002269668,-34.3116030195,-30.3780479958,-0.150300667762,-30.5283486635
17.36,-40,0,-40,-50.9612332821,-0.0154868391996,-50.9767201213,-34.2786210759,-0.0206804496372,-34.2993015255,-30.3991184246,-0.151201101595,-30.5503195262
17.4,-40,0,-40,-50.9701154437,-0.0156387988739,-50.9857542426,-34.2662659523,-0.0207607268271,-34.2870266791,-30.4201365125,-0.152104033556,-30.5722405461
17.44,-40,0,-40,-50.978939961,-0.0157910331234,-50.9947309941,-34.2539374159,-0.020841057747,-34.2747784737,-30.4410993703,-0.15300945246,-30.5941088227
17.48,-40,0,-40,-50.9877057106,-0.0159435396239,-51.0036492502,-34.2416354605,-0.0209214416072,-34.2625569021,-30.4620040639,-0.153917346993,-30.6159214109
17.52,-40,0,-40,-50.996411564,-0.0160963160351,-51.01250788,-34.2293600793,-0.0210018776172,-34.2503619569,-30.482847615,-0.154827705711,-30.6376753207
17.56,-40,0,-40,-51.0050563882,-0.0162493600005,-51.0213057482,-34.2171112655,-0.021082364986,-34.2381936305,-30.5036269999,-0.155740517042,-30.659367517
17.6,-40,0,-40,-51.0136390453,-0.0164026691473,-51.0300417145,-34.2048890117,-0.0211629029219,-34.2260519146,-30.5243391508,-0.156655769287,-30.6809949201
17.64,-40,0,-40,-51.0221583933,-0.0165562410868,-51.0387146344,-34.1926933104,-0.0212434906329,-34.213936801,-30.5449809546,-0.157573450614,-30.7025544052
17.68,-40,0,-40,-51.0306132857,-0.0167100734141,-51.0473233591,-34.1805241534,-0.0213241273263,-34.2018482808,-30.5655492537,-0.158493549066,-30.7240428028
17.72,-40,0,-40,-51.0390025719,-0.0168641637085,-51.0558667356,-34.1683815327,-0.0214048122089,-34.1897863449,-30.5860408458,-0.159416052556,-30.7454568983
17.76,-40,0,-40,-51.0473250974,-0.017018509533,-51.064343607,-34.1562654396,-0.0214855444872,-34.1777509841,-30.606452484,-0.160340948868,-30.7667934328
17.8,-40,0,-40,-51.0555797041,-0.0171731084351,-51.0727528125,-34.1441758652,-0.0215663233667,-34.1657421886,-30.6267808769,-0.161268225658,-30.7880491025
17.84,-40,0,-40,-51.0637652301,-0.0173279579463,-51.0810931881,-34.1321128004,-0.0216471480529,-34.1537599484,-30.6470226889,-0.162197870455,-30.8092205594
17.88,-40,0,-40,-51.0718805104,-0.0174830555824,-51.089363566,-34.1200762356,-0.0217280177506,-34.1418042533,-30.6671745404,-0.163129870657,-30.8303044111
17.92,-40,0,-40,-51.0799243765,-0.0176383988433,-51.0975627754,-34.108066161,-0.021808931664,-34.1298750927,-30.6872330077,-0.164064213538,-30.8512972213
17.96,-40,0,-40,-51.0878956573,-0.0177939852137,-51.1056896425,-34.0960825666,-0.021889888997,-34.1179724556,-30.7071946238,-0.165000886241,-30.8721955101
18,-40,0,-40,-51.0957931786,-0.0179498121623,-51.1137429908,-34.0841254421,-0.0219708889529,-34.1060963311,-30.7270558784,-0.165939875782,-30.8929957542
18.04,-40,0,-40,-51.1036157638,-0.0181058771424,-51.121721641,-34.0721947767,-0.0220519307347,-34.0942467075,-30.7468132181,-0.16688116905,-30.9136943871
18.08,-40,0,-40,-51.111362234,-0.0182621775919,-51.1296244116,-34.0602905597,-0.0221330135448,-34.0824235732,-30.7664630473,-0.167824752806,-30.9342878001
18.12,-40,0,-40,-51.119031408,-0.0184187109332,-51.1374501189,-34.0484127797,-0.0222141365852,-34.0706269163,-30.7860017281,-0.168770613685,-30.9547723418
18.16,-40,0,-40,-51.1266221027,-0.0185754745737,-51.1451975773,-34.0365614253,-0.0222952990575,-34.0588567244,-30.8054255813,-0.169718738192,-30.9751443195
18.2,-40,0,-40,-51.1341331336,-0.018732465905,-51.1528655995,-34.024736485,-0.0223765001626,-34.0471129851,-30.8247308866,-0.170669112709,-30.9953999993
18.24,-40,0,-40,-51.1415633143,-0.0188896823039,-51.1604529966,-34.0129379466,-0.0224577391015,-34.0353956857,-30.843913883,-0.171621723488,-31.0155356065
18.28,-40,0,-40,-51.1489114575,-0.0190471211319,-51.1679585786,-34.001165798,-0.0225390150742,-34.023704813,-30.8629707702,-0.172576556656,-31.0355473268
18.32,-40,0,-40,-51.1561763747,-0.0192047797355,-51.1753811544,-33.9894200266,-0.0226203272808,-34.0120403539,-30.8818977082,-0.173533598212,-31.0554313065
18.36,-40,0,-40,-51.1633568769,-0.0193626554461,-51.1827195324,-33.9777006199,-0.0227016749206,-34.0004022949,-30.9006908191,-0.174492834031,-31.0751836532
18.4,-40,0,-40,-51.1704517744,-0.0195207455803,-51.18997252,-33.9660075649,-0.0227830571928,-33.9887906221,-30.9193461871,-0.17545424986,-31.094800437
18.44,-40,0,-40,-51.1774598773,-0.0196790474398,-51.1971389248,-33.9543408484,-0.022864473296,-33.9772053216,-30.9378598597,-0.176417831322,-31.114277691
18.48,-40,0,-40,-51.1843799958,-0.0198375583113,-51.2042175541,-33.9427004569,-0.0229459224285,-33.9656463793,-30.9562278484,-0.177383563912,-31.1336114123
18.52,-40,0,-40,-51.1912109402,-0.0199962754671,-51.2112072157,-33.9310863768,-0.0230274037882,-33.9541137806,-30.9744461299,-0.178351433002,-31.1527975629
18.56,-40,0,-40,-51.1979515214,-0.0201551961646,-51.2181067176,-33.9194985944,-0.0231089165728,-33.9426075109,-30.9925106469,-0.179321423836,-31.1718320707
18.6,-40,0,-40,-51.2046005513,-0.0203143176466,-51.2249148689,-33.9079370954,-0.0231904599795,-33.9311275554,-31.0104173091,-0.180293521535,-31.1907108307
18.64,-40,0,-40,-51.2111568425,-0.0204736371416,-51.2316304796,-33.8964018657,-0.0232720332051,-33.9196738989,-31.0281619947,-0.181267711094,-31.2094297058
18.68,-40,0,-40,-51.2176192092,-0.0206331518634,-51.2382523611,-33.8848928906,-0.0233536354461,-33.9082465261,-31.0457405509,-0.182243977385,-31.2279845283
18.72,-40,0,-40,-51.2239864672,-0.0207928590115,-51.2447793262,-33.8734101556,-0.0234352658989,-33.8968454215,-31.0631487957,-0.183222305154,-31.2463711009
18.76,-40,0,-40,-51.2302574342,-0.0209527557713,-51.2512101899,-33.8619536456,-0.0235169237591,-33.8854705694,-31.0803825192,-0.184202679024,-31.2645851982
18.8,-40,0,-40,-51.2364309299,-0.0211128393137,-51.2575437692,-33.8505233456,-0.0235986082225,-33.8741219538,-31.0974374843,-0.185185083492,-31.2826225678
18.84,-40,0,-40,-51.2425057768,-0.0212731067956,-51.2637788836,-33.8391192402,-0.0236803184843,-33.8627995587,-31.1143094291,-0.186169502933,-31.300478932
18.88,-40,0,-40,-51.2484807999,-0.0214335553598,-51.2699143553,-33.827741314,-0.0237620537394,-33.8515033678,-31.1309940674,-0.187155921599,-31.318149989
18.92,-40,0,-40,-51.2543548275,-0.021594182135,-51.2759490096,-33.8163895513,-0.0238438131824,-33.8402333645,-31.1474870909,-0.188144323618,-31.3356314146
18.96,-40,0,-40,-51.260126691,-0.0217549842362,-51.2818816753,-33.8050639361,-0.0239255960079,-33.8289895321,-31.1637841706,-0.189134692995,-31.3529188636
19,-40,0,-40,-51.2657952258,-0.0219159587642,-51.2877111846,-33.7937644525,-0.0240074014098,-33.8177718539,-31.1798809582,-0.190127013612,-31.3700079718
19.04,-40,0,-40,-51.271359271,-0.0220771028064,-51.2934363738,-33.7824910841,-0.024089228582,-33.8065803127,-31.1957730883,-0.191121269229,-31.3868943575
19.08,-40,0,-40,-51.27681767,-0.0222384134363,-51.2990560835,-33.7712438146,-0.0241710767181,-33.7954148914,-31.2114561798,-0.192117443484,-31.4035736233
19.12,-40,0,-40,-51.2821692711,-0.0223998877138,-51.3045691588,-33.7600226275,-0.0242529450115,-33.7842755725,-31.2269258378,-0.193115519894,-31.4200413577
19.16,-40,0,-40,-51.2874129271,-0.0225615226853,-51.3099744498,-33.7488275058,-0.0243348326551,-33.7731623384,-31.2421776558,-0.194115481853,-31.4362931377
19.2,-40,0,-40,-51.2925474963,-0.0227233153838,-51.3152708117,-33.7376584327,-0.0244167388419,-33.7620751716,-31.2572072173,-0.195117312633,-31.45232453
19.24,-40,0,-40,-51.2975718425,-0.0228852628288,-51.3204571053,-33.7265153912,-0.0244986627645,-33.751014054,-31.272010098,-0.196120995387,-31.4681310933
19.28,-40,0,-40,-51.3024848352,-0.0230473620267,-51.3255321973,-33.715398364,-0.0245806036152,-33.7399789676,-31.2865818677,-0.197126513147,-31.4837083808
19.32,-40,0,-40,-51.3072853504,-0.0232096099704,-51.3304949603,-33.7043073337,-0.0246625605862,-33.7289698943,-31.3009180929,-0.198133848824,-31.4990519417
19.36,-40,0,-40,-51.3119722702,-0.02337200364,-51.3353442738,-33.6932422827,-0.0247445328696,-33.7179868156,-31.3150143385,-0.199142985207,-31.5141573237
19.4,-40,0,-40,-51.3165444838,-0.0235345400023,-51.3400790238,-33.6822031934,-0.0248265196571,-33.707029713,-31.3288661703,-0.20015390497,-31.5290200753
19.44,-40,0,-40,-51.3210008877,-0.0236972160113,-51.3446981037,-33.6711900479,-0.0249085201402,-33.696098568,-31.3424691574,-0.201166590662,-31.5436357481
19.48,-40,0,-40,-51.3253403854,-0.023860028608,-51.3492004141,-33.6602028282,-0.0249905335105,-33.6851933617,-31.3558188744,-0.202181024718,-31.5579998991
19.52,-40,0,-40,-51.3295618888,-0.0240229747207,-51.3535848636,-33.6492415162,-0.0250725589591,-33.6743140752,-31.3689109038,-0.203197189449,-31.5721080933
19.56,-40,0,-40,-51.3336643176,-0.0241860512651,-51.3578503689,-33.6383060936,-0.0251545956771,-33.6634606893,-31.3817408387,-0.204215067053,-31.5859559058
19.6,-40,0,-40,-51.3376466001,-0.0243492551439,-51.3619958552,-33.6273965421,-0.0252366428555,-33.652633185,-31.3943042852,-0.205234639605,-31.5995389248
19.64,-40,0,-40,-51.3415076732,-0.0245125832478,-51.3660202565,-33.6165128431,-0.0253186996849,-33.6418315428,-31.4065968648,-0.206255889066,-31.6128527538
19.68,-40,0,-40,-51.3452464834,-0.0246760324545,-51.3699225158,-33.6056549779,-0.0254007653561,-33.6310557433,-31.4186142173,-0.207278797276,-31.6258930146
19.72,-40,0,-40,-51.3488619862,-0.0248395996299,-51.3737015858,-33.5948229278,-0.0254828390595,-33.6203057668,-31.4303520036,-0.208303345961,-31.6386553495
19.76,-40,0,-40,-51.3523531472,-0.0250032816271,-51.3773564288,-33.5840166738,-0.0255649199856,-33.6095815937,-31.4418059077,-0.209329516729,-31.6511354245
19.8,-40,0,-40,-51.3557189422,-0.0251670752874,-51.3808860175,-33.5732361969,-0.0256470073244,-33.5988832042,-31.4529716404,-0.210357291071,-31.6633289315
19.84,-40,0,-40,-51.3589583572,-0.0253309774399,-51.3842893346,-33.5624814779,-0.0257291002662,-33.5882105782,-31.4638449413,-0.211386650362,-31.6752315916
19.88,-40,0,-40,-51.3620703893,-0.0254949849016,-51.3875653742,-33.5517524977,-0.0258111980011,-33.5775636957,-31.4744215819,-0.212417575864,-31.6868391578
19.92,-40,0,-40,-51.3650540466,-0.0256590944777,-51.3907131411,-33.5410492367,-0.025893299719,-33.5669425364,-31.4846973687,-0.21345004872,-31.6981474174
19.96,-40,0,-40,-51.3679083488,-0.0258233029617,-51.3937316517,-33.5303716756,-0.0259754046096,-33.5563470802,-31.4946681456,-0.21448404996,-31.7091521956
20,-40,0,-40,-51.3706323272,-0.025987607135,-51.3966199343,-33.5197197946,-0.0260575118629,-33.5457773065,-31.5043297973,-0.215519560499,-31.7198493578
20.04,-40,0,-40,-51.3732250254,-0.0261520037677,-51.3993770291,-33.5090935742,-0.0261396206686,-33.5352331949,-31.5136782516,-0.21655656114,-31.7302348127
20.08,-40,0,-40,-51.3756854995,-0.0263164896183,-51.4020019891,-33.4984929945,-0.0262217302162,-33.5247147247,-31.522709483,-0.217595032569,-31.7403045156
20.12,-40,0,-40,-51.3780128182,-0.0264810614338,-51.4044938797,-33.4879180356,-0.0263038396955,-33.5142218753,-31.5314195153,-0.218634955361,-31.7500544706
20.16,-40,0,-40,-51.3802060637,-0.0266457159499,-51.4068517796,-33.4773686775,-0.0263859482958,-33.5037546258,-31.5398044244,-0.219676309978,-31.7594807343
20.2,-40,0,-40,-51.3822643311,-0.0268104498909,-51.409074781,-33.4668449001,-0.0264680552069,-33.4933129553,-31.5478603416,-0.220719076767,-31.7685794184
20.24,-40,0,-40,-51.3841867297,-0.0269752599701,-51.4111619897,-33.4563466831,-0.0265501596181,-33.4828968427,-31.5555834565,-0.221763235967,-31.7773466925
20.28,-40,0,-40,-51.3859723827,-0.0271401428897,-51.4131125256,-33.4458740064,-0.026632260719,-33.4725062671,-31.5629700198,-0.222808767703,-31.7857787875
20.32,-40,0,-40,-51.3876204277,-0.0273050953409,-51.4149255231,-33.4354268494,-0.0267143576989,-33.4621412071,-31.5700163463,-0.223855651988,-31.7938719983
20.36,-40,0,-40,-51.389130017,-0.027470114004,-51.416600131,-33.4250051919,-0.0267964497474,-33.4518016416,-31.576718818,-0.224903868727,-31.8016226868
20.4,-40,0,-40,-51.3905003179,-0.0276351955486,-51.4181355135,-33.4146090131,-0.0268785360539,-33.4414875491,-31.5830738869,-0.225953397712,-31.8090272846
20.44,-40,0,-40,-51.3917305131,-0.0278003366335,-51.4195308498,-33.4042382925,-0.0269606158078,-33.4311989083,-31.5890780778,-0.227004218628,-31.8160822964
20.48,-40,0,-40,-51.3928198008,-0.0279655339072,-51.4207853347,-33.3938930094,-0.0270426881986,-33.4209356976,-31.5947279915,-0.228056311047,-31.8227843025
20.52,-40,0,-40,-51.3937673951,-0.0281307840073,-51.4218981791,-33.3835731429,-0.0271247524159,-33.4106978953,-31.6000203073,-0.229109654436,-31.8291299617
20.56,-40,0,-40,-51.3945725265,-0.0282960835614,-51.42286861,-33.3732786723,-0.0272068076492,-33.4004854799,-31.6049517861,-0.23016422815,-31.8351160142
20.6,-40,0,-40,-51.3952344417,-0.0284614291866,-51.4236958709,-33.3630095765,-0.0272888530881,-33.3902984296,-31.609519273,-0.231220011439,-31.8407392844
20.64,-40,0,-40,-51.3957524044,-0.0286268174898,-51.4243792219,-33.3527658345,-0.0273708879221,-33.3801367225,-31.6137197002,-0.232276983443,-31.8459966837
20.68,-40,0,-40,-51.3961256952,-0.0287922450681,-51.4249179403,-33.3425474254,-0.0274529113411,-33.3700003367,-31.6175500896,-0.233335123197,-31.8508852128
20.72,-40,0,-40,-51.3963536122,-0.0289577085082,-51.4253113207,-33.3323543278,-0.0275349225348,-33.3598892503,-31.6210075554,-0.234394409629,-31.855401965
20.76,-40,0,-40,-51.396435471,-0.0291232043874,-51.4255586754,-33.3221865207,-0.0276169206929,-33.3498034413,-31.6240893066,-0.235454821559,-31.8595441281
20.8,-40,0,-40,-51.3963706051,-0.0292887292727,-51.4256593343,-33.3120439826,-0.0276989050055,-33.3397428876,-31.6267926498,-0.236516337705,-31.8633089875
20.84,-40,0,-40,-51.396158366,-0.029454279722,-51.4256126457,-33.3019266923,-0.0277808746625,-33.329707567,-31.6291149915,-0.237578936676,-31.8666939282
20.88,-40,0,-40,-51.3957981237,-0.0296198522831,-51.425417976,-33.2918346284,-0.0278628288541,-33.3196974573,-31.6310538404,-0.238642596979,-31.8696964374
20.92,-40,0,-40,-51.3952892668,-0.0297854434946,-51.4250747103,-33.2817677694,-0.0279447667704,-33.3097125362,-31.6326068099,-0.239707297017,-31.8723141069
20.96,-40,0,-40,-51.3946312027,-0.0299510498859,-51.4245822526,-33.2717260938,-0.0280266876018,-33.2997527814,-31.6337716201,-0.240773015089,-31.8745446352
21,-40,0,-40,-51.3938233581,-0.0301166679768,-51.4239400261,-33.2617095799,-0.0281085905388,-33.2898181705,-31.6345461002,-0.24183972939,-31.8763858296
21.04,-40,0,-40,-51.3928651787,-0.0302822942782,-51.4231474729,-33.2517182063,-0.028190474772,-33.279908681,-31.6349281902,-0.242907418015,-31.8778356082
21.08,-40,0,-40,-51.3917561299,-0.0304479252919,-51.4222040552,-33.2417519511,-0.028272339492,-33.2700242906,-31.6349159433,-0.243976058953,-31.8788920022
21.12,-40,0,-40,-51.390495697,-0.0306135575106,-51.4211092545,-33.2318107927,-0.0283541838897,-33.2601649766,-31.6345075274,-0.245045630097,-31.8795531575
21.16,-40,0,-40,-51.389083385,-0.0307791874185,-51.4198625724,-33.2218947093,-0.0284360071562,-33.2503307164,-31.6337012272,-0.246116109235,-31.8798173365
21.2,-40,0,-40,-51.3875187193,-0.0309448114907,-51.4184635307,-33.212003679,-0.0285178084827,-33.2405214875,-31.6324954456,-0.247187474056,-31.8796829197
21.24,-40,0,-40,-51.3858012454,-0.0311104261941,-51.4169116716,-33.20213768,-0.0285995870605,-33.2307372671,-31.6308887052,-0.248259702149,-31.8791484074
21.28,-40,0,-40,-51.3839305296,-0.0312760279867,-51.4152065576,-33.1922966904,-0.0286813420812,-33.2209780325,-31.6288796502,-0.249332771006,-31.8782124213
21.32,-40,0,-40,-51.3819061588,-0.0314416133184,-51.4133477721,-33.1824806883,-0.0287630727364,-33.211243761,-31.6264670473,-0.250406658017,-31.8768737053
21.36,-40,0,-40,-51.3797277408,-0.0316071786306,-51.4113349194,-33.1726896515,-0.0288447782182,-33.2015344297,-31.623649787,-0.251481340476,-31.8751311274
21.4,-40,0,-40,-51.3773949044,-0.0317727203566,-51.4091676248,-33.1629235581,-0.0289264577186,-33.1918500159,-31.6204268848,-0.252556795579,-31.8729836804
21.44,-40,0,-40,-51.3749072997,-0.0319382349218,-51.4068455346,-33.1531823861,-0.02900811043,-33.1821904965,-31.6167974824,-0.253633000426,-31.8704304828
21.48,-40,0,-40,-51.3722645979,-0.0321037187433,-51.4043683167,-33.1434661133,-0.029089735545,-33.1725558488,-31.612760848,-0.254709932019,-31.86747078
21.52,-40,0,-40,-51.3694664921,-0.0322691682307,-51.4017356604,-33.1337747175,-0.0291713322562,-33.1629460498,-31.6083163776,-0.255787567267,-31.8641039449
21.56,-40,0,-40,-51.3665126967,-0.0324345797856,-51.3989472765,-33.1241081767,-0.0292528997568,-33.1533610765,-31.6034635954,-0.256865882981,-31.8603294784
21.6,-40,0,-40,-51.3634029479,-0.0325999498021,-51.3960028977,-33.1144664686,-0.0293344372401,-33.1438009058,-31.5982021541,-0.257944855879,-31.85614701
21.64,-40,0,-40,-51.3601370037,-0.0327652746669,-51.3929022784,-33.1048495709,-0.0294159438994,-33.1342655148,-31.5925318357,-0.259024462586,-31.8515562983
21.68,-40,0,-40,-51.3567146442,-0.0329305507591,-51.3896451949,-33.0952574615,-0.0294974189287,-33.1247548804,-31.5864525512,-0.260104679632,-31.8465572309
21.72,-40,0,-40,-51.3531356712,-0.0330957744505,-51.3862314457,-33.085690118,-0.0295788615219,-33.1152689795,-31.5799643414,-0.261185483455,-31.8411498248
21.76,-40,0,-40,-51.3493999091,-0.033260942106,-51.3826608512,-33.0761475181,-0.0296602708734,-33.105807789,-31.573067376,-0.262266850402,-31.8353342264
21.8,-40,0,-40,-51.3455072041,-0.0334260500831,-51.3789332542,-33.0666296395,-0.0297416461777,-33.0963712857,-31.5657619543,-0.263348756727,-31.8291107111
21.84,-40,0,-40,-51.3414574247,-0.0335910947326,-51.3750485195,-33.0571364599,-0.0298229866298,-33.0869594465,-31.5580485045,-0.264431178595,-31.8224796831
21.88,-40,0,-40,-51.337250462,-0.0337560723985,-51.3710065344,-33.0476679568,-0.0299042914248,-33.0775722482,-31.549927583,-0.265514092079,-31.8154416751
21.92,-40,0,-40,-51.3328862291,-0.0339209794177,-51.3668072085,-33.0382241078,-0.0299855597584,-33.0682096676,-31.5413998747,-0.266597473165,-31.8079973479
21.96,-40,0,-40,-51.3283646618,-0.0340858121211,-51.3624504739,-33.0288048906,-0.0300667908261,-33.0588716814,-31.5324661916,-0.267681297749,-31.8001474894
22,-40,0,-40,-51.323685718,-0.0342505668325,-51.3579362848,-33.0194102827,-0.0301479838243,-33.0495582665,-31.5231274722,-0.268765541637,-31.7918930138
22.04,-40,0,-40,-51.3188493784,-0.0344152398699,-51.3532646183,-33.0100402616,-0.0302291379494,-33.0402693995,-31.5133847808,-0.269850180551,-31.7832349613
22.08,-40,0,-40,-51.3138556459,-0.0345798275446,-51.3484354735,-33.0006948049,-0.0303102523981,-33.0310050573,-31.5032393063,-0.270935190124,-31.7741744964
22.12,-40,0,-40,-51.3087045461,-0.034744326162,-51.3434488722,-32.9913738902,-0.0303913263678,-33.0217652165,-31.492692361,-0.272020545904,-31.7647129069
22.16,-40,0,-40,-51.3033961267,-0.0349087320215,-51.3383048587,-32.9820774948,-0.0304723590557,-33.0125498539,-31.4817453796,-0.273106223353,-31.7548516029
22.2,-40,0,-40,-51.2979304581,-0.0350730414164,-51.3330034995,-32.9728055964,-0.03055334966,-33.0033589461,-31.4703999174,-0.274192197848,-31.7445921153
22.24,-40,0,-40,-51.2923076331,-0.0352372506345,-51.3275448838,-32.9635581724,-0.0306342973787,-32.9941924698,-31.4586576494,-0.275278444682,-31.733936094
22.28,-40,0,-40,-51.2865277668,-0.0354013559577,-51.3219291228,-32.9543352003,-0.0307152014105,-32.9850504017,-31.446520368,-0.276364939066,-31.7228853071
22.32,-40,0,-40,-51.2805909966,-0.0355653536625,-51.3161563503,-32.9451366576,-0.0307960609545,-32.9759327185,-31.4339899819,-0.277451656128,-31.711441638
22.36,-40,0,-40,-51.2744974822,-0.0357292400199,-51.3102267222,-32.9359625216,-0.0308768752101,-32.9668393969,-31.421068514,-0.278538570912,-31.6996070849
22.4,-40,0,-40,-51.2682474054,-0.0358930112957,-51.3041404167,-32.92681277,-0.030957643377,-32.9577704134,-31.4077580995,-0.279625658382,-31.6873837579
22.44,-40,0,-40,-51.2618409704,-0.0360566637503,-51.2978976341,-32.9176873801,-0.0310383646556,-32.9487257448,-31.394060984,-0.280712893424,-31.6747738775
22.48,-40,0,-40,-51.2552784031,-0.0362201936393,-51.2914985968,-32.9085863295,-0.0311190382464,-32.9397053677,-31.3799795215,-0.28180025084,-31.6617797723
22.52,-40,0,-40,-51.2485599517,-0.0363835972132,-51.2849435489,-32.8995095955,-0.0311996633505,-32.9307092588,-31.3655161718,-0.282887705356,-31.6484038772
22.56,-40,0,-40,-51.2416858859,-0.0365468707177,-51.2782327567,-32.8904571556,-0.0312802391694,-32.9217373947,-31.3506734989,-0.283975231619,-31.6346487305
22.6,-40,0,-40,-51.2346564975,-0.0367100103939,-51.2713665079,-32.8814289872,-0.0313607649052,-32.9127897521,-31.335454168,-0.285062804198,-31.6205169722
22.64,-40,0,-40,-51.2274720996,-0.0368730124781,-51.2643451121,-32.8724250679,-0.0314412397602,-32.9038663076,-31.3198609437,-0.286150397585,-31.6060113413
22.68,-40,0,-40,-51.220133027,-0.0370358732023,-51.2571689003,-32.863445375,-0.0315216629372,-32.8949670379,-31.303896687,-0.287237986196,-31.5911346732
22.72,-40,0,-40,-51.2126396359,-0.0371985887942,-51.2498382247,-32.854489886,-0.0316020336397,-32.8860919196,-31.2875643531,-0.288325544373,-31.5758898974
22.76,-40,0,-40,-51.2049923036,-0.0373611554772,-51.2423534591,-32.8455585784,-0.0316823510714,-32.8772409295,-31.2708669886,-0.289413046381,-31.560280035
22.8,-40,0,-40,-51.1971914285,-0.0375235694706,-51.234714998,-32.8366514297,-0.0317626144366,-32.8684140441,-31.2538077291,-0.290500466415,-31.5443081955
22.84,-40,0,-40,-51.1892374299,-0.0376858269898,-51.2269232569,-32.8277684172,-0.03184282294,-32.8596112402,-31.2363897962,-0.291587778593,-31.5279775748
22.88,-40,0,-40,-51.1811307479,-0.0378479242463,-51.2189786722,-32.8189095186,-0.0319229757871,-32.8508324944,-31.2186164948,-0.292674956963,-31.5112914518
22.92,-40,0,-40,-51.1728718432,-0.0380098574479,-51.2108817006,-32.8100747112,-0.0320030721836,-32.8420777834,-31.2004912107,-0.293761975501,-31.4942531862
22.96,-40,0,-40,-51.1644611967,-0.0381716227988,-51.2026328195,-32.8012639726,-0.0320831113357,-32.8333470839,-31.182017407,-0.294848808112,-31.4768662151
23,-40,0,-40,-51.1558993097,-0.0383332164997,-51.1942325262,-32.7924772803,-0.0321630924504,-32.8246403727,-31.1631986219,-0.295935428633,-31.4591340505
23.04,-40,0,-40,-51.1471867034,-0.0384946347481,-51.1856813381,-32.7837146118,-0.0322430147349,-32.8159576265,-31.1440384657,-0.297021810828,-31.4410602765
23.08,-40,0,-40,-51.1383239188,-0.038655873738,-51.1769797925,-32.7749759445,-0.0323228773973,-32.8072988219,-31.1245406175,-0.298107928398,-31.4226485459
23.12,-40,0,-40,-51.1293115164,-0.0388169296606,-51.1681284461,-32.7662612562,-0.0324026796458,-32.7986639358,-31.1047088228,-0.299193754972,-31.4039025778
23.16,-40,0,-40,-51.1201500763,-0.0389777987038,-51.159127875,-32.7575705242,-0.0324824206896,-32.7900529449,-31.0845468902,-0.300279264115,-31.3848261543
23.2,-40,0,-40,-51.1108401974,-0.039138477053,-51.1499786744,-32.7489037262,-0.0325620997382,-32.7814658259,-31.0640586883,-0.301364429325,-31.3654231176
23.24,-40,0,-40,-51.1013824977,-0.0392989608907,-51.1406814586,-32.7402608397,-0.0326417160018,-32.7729025557,-31.0432481432,-0.302449224035,-31.3456973672
23.28,-40,0,-40,-51.091777614,-0.0394592463967,-51.1312368604,-32.7316418424,-0.032721268691,-32.7643631111,-31.0221192353,-0.303533621615,-31.3256528569
23.32,-40,0,-40,-51.0820262011,-0.0396193297485,-51.1216455308,-32.7230467119,-0.0328007570172,-32.7558474689,-31.0006759963,-0.30461759537,-31.3052935917
23.36,-40,0,-40,-51.0721289323,-0.0397792071212,-51.1119081394,-32.7144754257,-0.0328801801923,-32.7473556059,-30.9789225061,-0.305701118545,-31.2846236247
23.4,-40,0,-40,-51.0620864987,-0.0399388746878,-51.1020253734,-32.7059279615,-0.0329595374287,-32.7388874989,-30.9568628904,-0.306784164319,-31.2636470547
23.44,-40,0,-40,-51.051899609,-0.0400983286189,-51.0919979376,-32.697404297,-0.0330388279396,-32.730443125,-30.934501317,-0.307866705816,-31.2423680228
23.48,-40,0,-40,-51.0415689894,-0.0402575650834,-51.0818265545,-32.6889044099,-0.0331180509387,-32.7220224609,-30.9118419935,-0.308948716095,-31.2207907096
23.52,-40,0,-40,-51.0310953831,-0.0404165802483,-51.0715119633,-32.6804282779,-0.0331972056405,-32.7136254835,-30.8888891642,-0.310030168158,-31.1989193324
23.56,-40,0,-40,-51.02047955,-0.0405753702789,-51.0610549203,-32.6719758787,-0.0332762912597,-32.7052521699,-30.8656471073,-0.31111103495,-31.1767581422
23.6,-40,0,-40,-51.0097222669,-0.0407339313389,-51.0504561982,-32.66354719,-0.0333553070122,-32.696902497,-30.8421201317,-0.312191289356,-31.154311421
23.64,-40,0,-40,-50.9988243265,-0.0408922595905,-51.0397165861,-32.6551421896,-0.0334342521142,-32.6885764417,-30.8183125747,-0.313270904207,-31.1315834789
23.68,-40,0,-40,-50.9877865376,-0.0410503511947,-51.0288368888,-32.6467608553,-0.0335131257826,-32.6802739811,-30.7942287991,-0.314349852277,-31.1085786514
23.72,-40,0,-40,-50.9766097247,-0.0412082023112,-51.017817927,-32.6384031649,-0.0335919272351,-32.6719950922,-30.7698731903,-0.315428106285,-31.0853012966
23.76,-40,0,-40,-50.9652947276,-0.0413658090986,-51.0066605367,-32.6300690963,-0.0336706556899,-32.663739752,-30.7452501535,-0.316505638897,-31.0617557924
23.8,-40,0,-40,-50.9538424012,-0.0415231677147,-50.9953655689,-32.6217586273,-0.0337493103659,-32.6555079377,-30.7203641116,-0.317582422727,-31.0379465343
23.84,-40,0,-40,-50.9422536151,-0.0416802743164,-50.9839338894,-32.6134717359,-0.0338278904829,-32.6472996263,-30.6952195018,-0.318658430334,-31.0138779321
23.88,-40,0,-40,-50.9305292534,-0.0418371250599,-50.9723663785,-32.6052083998,-0.0339063952613,-32.6391147951,-30.6698207738,-0.319733634229,-30.9895544081
23.92,-40,0,-40,-50.9186702143,-0.0419937161009,-50.9606639304,-32.5969685971,-0.0339848239219,-32.630953421,-30.6441723868,-0.320808006872,-30.9649803937
23.96,-40,0,-40,-50.9066774099,-0.0421500435947,-50.9488274535,-32.5887523057,-0.0340631756867,-32.6228154814,-30.6182788073,-0.321881520671,-30.940160328
24,-40,0,-40,-50.8945517656,-0.0423061036962,-50.9368578693,-32.5805595037,-0.0341414497781,-32.6147009535,-30.5921445064,-0.32295414799,-30.9150986543
24.04,-40,0,-40,-50.8822942202,-0.0424618925602,-50.9247561128,-32.5723901691,-0.0342196454194,-32.6066098145,-30.5657739576,-0.324025861143,-30.8897998188
24.08,-40,0,-40,-50.8699057253,-0.0426174063415,-50.9125231316,-32.5642442798,-0.0342977618344,-32.5985420416,-30.5391716349,-0.325096632397,-30.8642682673
24.12,-40,0,-40,-50.8573872448,-0.0427726411949,-50.900159886,-32.556121814,-0.034375798248,-32.5904976123,-30.5123420097,-0.326166433975,-30.8385084437
24.16,-40,0,-40,-50.8447397552,-0.0429275932756,-50.8876673485,-32.5480227499,-0.0344537538855,-32.5824765038,-30.4852895494,-0.327235238054,-30.8125247874
24.2,-40,0,-40,-50.8319642445,-0.043082258739,-50.8750465033,-32.5399470655,-0.0345316279731,-32.5744786935,-30.4580187148,-0.328303016768,-30.7863217315
24.24,-40,0,-40,-50.8190617125,-0.0432366337411,-50.8622983462,-32.5318947391,-0.0346094197379,-32.5665041588,-30.4305339582,-0.329369742209,-30.7599037004
24.28,-40,0,-40,-50.8060331701,-0.0433907144383,-50.8494238845,-32.5238657488,-0.0346871284076,-32.5585528772,-30.4028397216,-0.330435386425,-30.733275108
24.32,-40,0,-40,-50.792879639,-0.0435444969881,-50.836424136,-32.5158600729,-0.0347647532107,-32.5506248261,-30.3749404342,-0.331499921425,-30.7064403556
24.36,-40,0,-40,-50.7796021517,-0.0436979775485,-50.8233001292,-32.5078776897,-0.0348422933766,-32.5427199831,-30.3468405111,-0.332563319178,-30.6794038303
24.4,-40,0,-40,-50.7662017507,-0.0438511522789,-50.810052903,-32.4999185775,-0.0349197481354,-32.5348383256,-30.3185443512,-0.333625551613,-30.6521699028
24.44,-40,0,-40,-50.7526794884,-0.0440040173394,-50.7966835058,-32.4919827146,-0.0349971167181,-32.5269798313,-30.2900563353,-0.334686590621,-30.6247429259
24.48,-40,0,-40,-50.7390364269,-0.0441565688919,-50.7831929958,-32.4840700794,-0.0350743983563,-32.5191444777,-30.2613808248,-0.335746408058,-30.5971272329
24.52,-40,0,-40,-50.7252736375,-0.0443088030992,-50.7695824406,-32.4761806503,-0.0351515922828,-32.5113322426,-30.2325221597,-0.336804975741,-30.5693271354
24.56,-40,0,-40,-50.7113922001,-0.0444607161259,-50.7558529163,-32.4683144058,-0.0352286977307,-32.5035431035,-30.2034846571,-0.337862265454,-30.5413469225
24.6,-40,0,-40,-50.6973932036,-0.0446123041383,-50.7420055077,-32.4604713244,-0.0353057139346,-32.4957770383,-30.1742726098,-0.338918248948,-30.5131908588
24.64,-40,0,-40,-50.6832777447,-0.0447635633044,-50.728041308,-32.4526513845,-0.0353826401293,-32.4880340246,-30.1448902849,-0.339972897937,-30.4848631828
24.68,-40,0,-40,-50.6690469284,-0.0449144897941,-50.7139614182,-32.4448545648,-0.0354594755508,-32.4803140404,-30.1153419221,-0.341026184107,-30.4563681062
24.72,-40,0,-40,-50.6547018669,-0.0450650797794,-50.6997669467,-32.4370808439,-0.0355362194361,-32.4726170633,-30.0856317327,-0.342078079111,-30.4277098118
24.76,-40,0,-40,-50.6402436799,-0.0452153294346,-50.6854590093,-32.4293302003,-0.0356128710226,-32.4649430713,-30.055763898,-0.343128554571,-30.3988924526
24.8,-40,0,-40,-50.6256734938,-0.0453652349361,-50.6710387288,-32.4216026128,-0.035689429549,-32.4572920423,-30.0257425686,-0.344177582083,-30.3699201507
24.84,-40,0,-40,-50.6109924419,-0.0455147924631,-50.6565072343,-32.41389806,-0.0357658942548,-32.4496639543,-29.9955718627,-0.345225133212,-30.3407969959
24.88,-40,0,-40,-50.5962016633,-0.045663998197,-50.6418656615,-32.4062165208,-0.0358422643801,-32.4420587852,-29.9652558652,-0.346271179497,-30.3115270447
24.92,-40,0,-40,-50.5813023036,-0.0458128483221,-50.6271151519,-32.3985579739,-0.0359185391663,-32.4344765131,-29.9347986269,-0.347315692451,-30.2821143194
24.96,-40,0,-40,-50.5662955134,-0.0459613390257,-50.6122568525,-32.3909223982,-0.0359947178555,-32.426917116,-29.9042041632,-0.348358643563,-30.2525628067
25,-40,0,-40,-50.5511824492,-0.0461094664978,-50.5972919157,-32.3833097725,-0.0360707996908,-32.4193805722,-29.8734764532,-0.349400004296,-30.2228764574
25.04,-40,0,-40,-50.5359642721,-0.0462572269317,-50.5822214991,-32.3757200757,-0.036146783916,-32.4118668596,-29.842619439,-0.350439746092,-30.1930591851
25.08,-40,0,-40,-50.5206421481,-0.046404616524,-50.5670467646,-32.3681532869,-0.0362226697761,-32.4043759566,-29.8116370249,-0.351477840371,-30.1631148653
25.12,-40,0,-40,-50.5052172473,-0.0465516314745,-50.5517688788,-32.3606093849,-0.036298456517,-32.3969078414,-29.7805330764,-0.352514258529,-30.1330473349
25.16,-40,0,-40,-50.4896907442,-0.0466982679865,-50.5363890122,-32.3530883489,-0.0363741433854,-32.3894624923,-29.7493114197,-0.353548971947,-30.1028603916
25.2,-40,0,-40,-50.4740638168,-0.0468445222673,-50.520908339,-32.345590158,-0.0364497296291,-32.3820398876,-29.7179758409,-0.354581951984,-30.0725577929
25.24,-40,0,-40,-50.4583376466,-0.0469903905275,-50.5053280371,-32.3381147912,-0.0365252144967,-32.3746400057,-29.6865300856,-0.355613169982,-30.0421432556
25.28,-40,0,-40,-50.4425134183,-0.047135868982,-50.4896492873,-32.3306622277,-0.036600597238,-32.367262825,-29.6549778579,-0.356642597266,-30.0116204552
25.32,-40,0,-40,-50.4265923195,-0.0472809538495,-50.4738732734,-32.3232324468,-0.0366758771035,-32.3599083239,-29.6233228205,-0.357670205148,-29.9809930256
25.36,-40,0,-40,-50.4105755404,-0.0474256413529,-50.4580011818,-32.3158254277,-0.0367510533449,-32.3525764811,-29.5915685935,-0.358695964922,-29.9502645585
25.4,-40,0,-40,-50.3944642733,-0.0475699277195,-50.442034201,-32.3084411497,-0.0368261252149,-32.345267275,-29.5597187548,-0.35971984787,-29.9194386027
25.44,-40,0,-40,-50.3782597125,-0.0477138091811,-50.4259735217,-32.3010795922,-0.036901091967,-32.3379806842,-29.5277768389,-0.360741825262,-29.8885186641
25.48,-40,0,-40,-50.3619630543,-0.0478572819738,-50.4098203363,-32.2937407346,-0.0369759528558,-32.3307166874,-29.495746337,-0.361761868356,-29.8575082054
25.52,-40,0,-40,-50.3455754962,-0.0480003423387,-50.3935758386,-32.2864245562,-0.037050707137,-32.3234752633,-29.4636306969,-0.3627799484,-29.8264106453
25.56,-40,0,-40,-50.3290982369,-0.0481429865215,-50.3772412234,-32.2791310366,-0.0371253540672,-32.3162563907,-29.431433322,-0.363796036633,-29.7952293587
25.6,-40,0,-40,-50.3125324759,-0.0482852107731,-50.3608176867,-32.2718601554,-0.0371998929042,-32.3090600483,-29.399157572,-0.364810104286,-29.7639676763
25.64,-40,0,-40,-50.2958794135,-0.0484270113492,-50.3443064249,-32.264611892,-0.0372743229067,-32.3018862149,-29.3668067618,-0.365822122583,-29.7326288844
25.68,-40,0,-40,-50.2791402503,-0.048568384511,-50.3277086348,-32.2573862262,-0.0373486433344,-32.2947348695,-29.3343841622,-0.366832062741,-29.7012162249
25.72,-40,0,-40,-50.262316187,-0.048709326525,-50.3110255135,-32.2501831376,-0.0374228534481,-32.287605991,-29.301892999,-0.367839895974,-29.669732895
25.76,-40,0,-40,-50.245408424,-0.048849833663,-50.2942582577,-32.2430026059,-0.0374969525098,-32.2804995584,-29.2693364535,-0.368845593491,-29.638182047
25.8,-40,0,-40,-50.2284181616,-0.0489899022028,-50.2774080638,-32.2358446108,-0.0375709397824,-32.2734155506,-29.2367176621,-0.3698491265,-29.6065667886
25.84,-40,0,-40,-50.2113465992,-0.0491295284275,-50.2604761277,-32.2287091323,-0.0376448145299,-32.2663539468,-29.2040397165,-0.370850466205,-29.5748901827
25.88,-40,0,-40,-50.1941949354,-0.0492687086264,-50.2434636441,-32.2215961501,-0.0377185760173,-32.2593147262,-29.1713056636,-0.371849583811,-29.5431552475
25.92,-40,0,-40,-50.1769643677,-0.0494074390948,-50.2263718068,-32.2145056443,-0.037792223511,-32.2522978678,-29.1385185055,-0.372846450525,-29.511364956
25.96,-40,0,-40,-50.1596560922,-0.0495457161341,-50.2092018083,-32.2074375946,-0.0378657562782,-32.2453033509,-29.1056811996,-0.373841037553,-29.4795222371
26,-40,0,-40,-50.1422713034,-0.0496835360518,-50.1919548394,-32.2003919812,-0.0379391735872,-32.2383311548,-29.0727966585,-0.374833316106,-29.4476299746
26.04,-40,0,-40,-50.124811194,-0.0498208951622,-50.1746320891,-32.1933687842,-0.0380124747077,-32.2313812589,-29.0398677507,-0.375823257399,-29.4156910081
26.08,-40,0,-40,-50.1072769546,-0.0499577897858,-50.1572347444,-32.1863679835,-0.0380856589101,-32.2244536424,-29.0068973001,-0.376810832652,-29.3837081328
26.12,-40,0,-40,-50.0896697738,-0.0500942162499,-50.13976399,-32.1793895595,-0.0381587254664,-32.217548285,-28.9738880863,-0.37779601309,-29.3516840994
26.16,-40,0,-40,-50.0719908374,-0.0502301708886,-50.1222210082,-32.1724334922,-0.0382316736492,-32.2106651659,-28.9408428451,-0.378778769948,-29.319621615
26.2,-40,0,-40,-50.0542413287,-0.050365650043,-50.1046069787,-32.165499762,-0.0383045027328,-32.2038042648,-28.9077642682,-0.379759074466,-29.2875233427
26.24,-40,0,-40,-50.0364224282,-0.0505006500612,-50.0869230782,-32.1585883492,-0.0383772119922,-32.1969655612,-28.874655004,-0.380736897898,-29.2553919019
26.28,-40,0,-40,-50.0185353132,-0.0506351672985,-50.0691704805,-32.1516992341,-0.0384498007038,-32.1901490348,-28.8415176573,-0.381712211505,-29.2232298688
26.32,-40,0,-40,-50.0005811578,-0.0507691981175,-50.0513503559,-32.1448323972,-0.0385222681451,-32.1833546653,-28.8083547899,-0.382684986563,-29.1910397765
26.36,-40,0,-40,-49.9825611326,-0.0509027388884,-50.0334638715,-32.1379878188,-0.0385946135947,-32.1765824324,-28.7751689208,-0.38365519436,-29.1588241152
26.4,-40,0,-40,-49.9644764047,-0.0510357859886,-50.0155121906,-32.1311654796,-0.0386668363326,-32.1698323159,-28.7419625263,-0.384622806196,-29.1265853325
26.44,-40,0,-40,-49.9463281371,-0.0511683358038,-49.9974964729,-32.1243653601,-0.0387389356396,-32.1631042957,-28.7087380406,-0.38558779339,-29.094325834
26.48,-40,0,-40,-49.9281174893,-0.0513003847271,-49.979417874,-32.1175874409,-0.0388109107981,-32.1563983517,-28.6754978559,-0.386550127277,-29.0620479832
26.52,-40,0,-40,-49.9098456161,-0.0514319291597,-49.9612775452,-32.1108317027,-0.0388827610915,-32.1497144638,-28.6422443229,-0.387509779207,-29.0297541021
26.56,-40,0,-40,-49.8915136682,-0.0515629655109,-49.9430766337,-32.1040981263,-0.0389544858044,-32.1430526121,-28.608979751,-0.388466720551,-28.9974464715
26.6,-40,0,-40,-49.873122792,-0.0516934901983,-49.9248162822,-32.0973866923,-0.0390260842226,-32.1364127765,-28.5757064086,-0.389420922701,-28.9651273313
26.64,-40,0,-40,-49.8546741289,-0.0518234996479,-49.9064976286,-32.0906973816,-0.0390975556333,-32.1297949373,-28.5424265238,-0.390372357067,-28.9327988809
26.68,-40,0,-40,-49.8361688158,-0.0519529902939,-49.8881218061,-32.0840301752,-0.0391688993247,-32.1231990745,-28.5091422844,-0.391320995085,-28.9004632795
26.72,-40,0,-40,-49.8176079845,-0.0520819585795,-49.8696899431,-32.0773850539,-0.0392401145863,-32.1166251685,-28.4758558384,-0.392266808212,-28.8681226467
26.76,-40,0,-40,-49.7989927617,-0.0522104009564,-49.8512031626,-32.0707619988,-0.039311200709,-32.1100731995,-28.4425692947,-0.39320976793,-28.8357790626
26.8,-40,0,-40,-49.7803242689,-0.0523383138852,-49.8326625828,-32.0641609908,-0.0393821569847,-32.1035431478,-28.4092847229,-0.394149845748,-28.8034345686
26.84,-40,0,-40,-49.7616036223,-0.0524656938357,-49.8140693161,-32.0575820111,-0.0394529827068,-32.0970349938,-28.3760041542,-0.395087013201,-28.7710911674
26.88,-40,0,-40,-49.7428319324,-0.0525925372866,-49.7954244697,-32.0510250409,-0.0395236771698,-32.090548718,-28.3427295817,-0.396021241852,-28.7387508236
26.92,-40,0,-40,-49.7240103043,-0.0527188407259,-49.7767291451,-32.0444900613,-0.0395942396696,-32.084084301,-28.3094629608,-0.396952503294,-28.7064154641
26.96,-40,0,-40,-49.7051398373,-0.0528446006511,-49.757984438,-32.0379770536,-0.0396646695032,-32.0776417231,-28.2762062095,-0.397880769152,-28.6740869786
27,-40,0,-40,-49.6862216247,-0.0529698135692,-49.7391914383,-32.0314859991,-0.039734965969,-32.0712209651,-28.2429612089,-0.398806011078,-28.64176722
27.04,-40,0,-40,-49.667256754,-0.0530944759966,-49.72035123,-32.0250168792,-0.0398051283668,-32.0648220076,-28.209729804,-0.399728200763,-28.6094580048
27.08,-40,0,-40,-49.6482463064,-0.0532185844599,-49.7014648909,-32.0185696754,-0.0398751559975,-32.0584448314,-28.1765138035,-0.400647309927,-28.5771611134
27.12,-40,0,-40,-49.6291913571,-0.0533421354952,-49.6825334926,-32.012144369,-0.0399450481635,-32.0520894172,-28.1433149807,-0.401563310327,-28.544878291
27.16,-40,0,-40,-49.6100929748,-0.0534651256488,-49.6635581004,-32.0057409417,-0.0400148041682,-32.0457557458,-28.1101350738,-0.402476173758,-28.5126112475
27.2,-40,0,-40,-49.5909522219,-0.0535875514771,-49.6445397734,-31.999359375,-0.0400844233168,-32.0394437983,-28.0769757863,-0.403385872051,-28.4803616584
27.24,-40,0,-40,-49.5717701545,-0.0537094095468,-49.625479564,-31.9929996505,-0.0401539049154,-32.0331535554,-28.0438387878,-0.404292377075,-28.4481311649
27.28,-40,0,-40,-49.5525478217,-0.053830696435,-49.6063785181,-31.98666175,-0.0402232482717,-32.0268849983,-28.0107257137,-0.40519566074,-28.4159213745
27.32,-40,0,-40,-49.5332862662,-0.0539514087293,-49.587237675,-31.9803456553,-0.0402924526946,-32.020638108,-27.9776381666,-0.406095694998,-28.3837338616
27.36,-40,0,-40,-49.513986524,-0.0540715430279,-49.568058067,-31.9740513481,-0.0403615174945,-32.0144128655,-27.944577716,-0.406992451843,-28.3515701678
27.4,-40,0,-40,-49.4946496239,-0.0541910959399,-49.5488407199,-31.9677788102,-0.0404304419829,-32.0082092522,-27.911545899,-0.40788590331,-28.3194318023
27.44,-40,0,-40,-49.4752765883,-0.0543100640851,-49.5295866524,-31.9615280238,-0.040499225473,-32.0020272492,-27.8785442211,-0.408776021482,-28.2873202425
27.48,-40,0,-40,-49.4558684322,-0.0544284440946,-49.5102968763,-31.9552989706,-0.040567867279,-31.9958668379,-27.8455741559,-0.409662778487,-28.2552369344
27.52,-40,0,-40,-49.4364261637,-0.0545462326103,-49.4909723963,-31.9490916328,-0.0406363667169,-31.9897279995,-27.8126371464,-0.410546146498,-28.2231832929
27.56,-40,0,-40,-49.4169507837,-0.0546634262857,-49.47161421,-31.9429059924,-0.0407047231037,-31.9836107156,-27.7797346049,-0.41142609774,-28.1911607026
27.6,-40,0,-40,-49.3974432861,-0.0547800217855,-49.4522233079,-31.9367420317,-0.0407729357581,-31.9775149674,-27.7468679135,-0.412302604485,-28.159170518
27.64,-40,0,-40,-49.3779046574,-0.0548960157858,-49.4328006732,-31.9305997327,-0.0408410039999,-31.9714407367,-27.7140384248,-0.413175639055,-28.1272140639
27.68,-40,0,-40,-49.3583358769,-0.0550114049746,-49.4133472819,-31.9244790778,-0.0409089271506,-31.965388005,-27.6812474623,-0.414045173826,-28.0952926361
27.72,-40,0,-40,-49.3387379164,-0.0551261860515,-49.3938641024,-31.9183800493,-0.040976704533,-31.9593567539,-27.6484963204,-0.414911181226,-28.0634075016
27.76,-40,0,-40,-49.3191117404,-0.0552403557281,-49.3743520961,-31.9123026296,-0.0410443354712,-31.9533469651,-27.6157862655,-0.415773633737,-28.0315598992
27.8,-40,0,-40,-49.2994583061,-0.0553539107277,-49.3548122168,-31.9062468011,-0.041111819291,-31.9473586204,-27.5831185361,-0.416632503897,-27.99975104
27.84,-40,0,-40,-49.2797785629,-0.0554668477861,-49.3352454107,-31.9002125463,-0.0411791553193,-31.9413917016,-27.5504943431,-0.417487764301,-27.9679821074
27.88,-40,0,-40,-49.2600734529,-0.0555791636511,-49.3156526165,-31.8941998477,-0.0412463428846,-31.9354461906,-27.5179148707,-0.418339387601,-27.9362542583
27.92,-40,0,-40,-49.2403439106,-0.055690855083,-49.2960347657,-31.888208688,-0.0413133813171,-31.9295220693,-27.4853812764,-0.419187346508,-27.9045686229
27.96,-40,0,-40,-49.2205908629,-0.0558019188544,-49.2763927818,-31.8822390498,-0.0413802699479,-31.9236193198,-27.4528946915,-0.420031613794,-27.8729263052
28,-40,0,-40,-49.2008152291,-0.0559123517506,-49.2567275809,-31.8762909159,-0.0414470081102,-31.917737924,-27.4204562216,-0.420872162292,-27.8413283839
28.04,-40,0,-40,-49.1810179208,-0.0560221505697,-49.2370400713,-31.870364269,-0.0415135951381,-31.9118778641,-27.3880669473,-0.421708964897,-27.8097759122
28.08,-40,0,-40,-49.1611998418,-0.0561313121225,-49.2173311539,-31.8644590919,-0.0415800303676,-31.9060391223,-27.3557279241,-0.42254199457,-27.7782699186
28.12,-40,0,-40,-49.1413618885,-0.0562398332329,-49.1976017217,-31.8585753676,-0.0416463131359,-31.9002216807,-27.323440183,-0.423371224334,-27.7468114074
28.16,-40,0,-40,-49.1215049492,-0.0563477107378,-49.17785266,-31.852713079,-0.0417124427818,-31.8944255218,-27.2912047314,-0.42419662728,-27.7154013586
28.2,-40,0,-40,-49.1016299049,-0.0564549414872,-49.1580848464,-31.8468722092,-0.0417784186457,-31.8886506278,-27.2590225525,-0.425018176568,-27.6840407291
28.24,-40,0,-40,-49.0817376285,-0.0565615223446,-49.1382991509,-31.8410527411,-0.0418442400694,-31.8828969812,-27.2268946068,-0.425835845422,-27.6527304523
28.28,-40,0,-40,-49.0618289853,-0.0566674501867,-49.1184964355,-31.835254658,-0.0419099063962,-31.8771645644,-27.1948218318,-0.42664960714,-27.6214714389
28.32,-40,0,-40,-49.0419048327,-0.0567727219039,-49.0986775546,-31.829477943,-0.0419754169708,-31.87145336,-27.1628051424,-0.42745943509,-27.5902645775
28.36,-40,0,-40,-49.0219660205,-0.0568773344003,-49.0788433549,-31.8237225794,-0.0420407711398,-31.8657633505,-27.1308454319,-0.428265302711,-27.5591107346
28.4,-40,0,-40,-49.0020133905,-0.0569812845937,-49.058994675,-31.8179885504,-0.0421059682508,-31.8600945187,-27.0989435715,-0.429067183517,-27.528010755
28.44,-40,0,-40,-48.9820477768,-0.0570845694157,-49.0391323462,-31.8122758395,-0.0421710076535,-31.8544468472,-27.0671004115,-0.429865051095,-27.4969654626
28.48,-40,0,-40,-48.9620700057,-0.0571871858121,-49.0192571915,-31.80658443,-0.0422358886988,-31.8488203187,-27.0353167813,-0.430658879108,-27.4659756604
28.52,-40,0,-40,-48.9420808959,-0.0572891307427,-48.9993700266,-31.8009143055,-0.0423006107391,-31.8432149162,-27.0035934896,-0.431448641298,-27.4350421309
28.56,-40,0,-40,-48.9220812579,-0.0573904011815,-48.9794716591,-31.7952654494,-0.0423651731286,-31.8376306225,-26.9719313251,-0.432234311483,-27.4041656366
28.6,-40,0,-40,-48.9020718948,-0.0574909941169,-48.959562889,-31.7896378454,-0.0424295752229,-31.8320674206,-26.9403310568,-0.43301586356,-27.3733469204
28.64,-40,0,-40,-48.8820536018,-0.0575909065518,-48.9396445083,-31.7840314771,-0.0424938163792,-31.8265252935,-26.9087934343,-0.433793271509,-27.3425867058
28.68,-40,0,-40,-48.8620271662,-0.0576901355036,-48.9197173017,-31.7784463283,-0.0425578959564,-31.8210042242,-26.8773191879,-0.43456650939,-27.3118856973
28.72,-40,0,-40,-48.8419933677,-0.0577886780045,-48.8997820457,-31.7728823826,-0.0426218133148,-31.8155041959,-26.8459090295,-0.435335551345,-27.2812445808
28.76,-40,0,-40,-48.8219529782,-0.0578865311013,-48.8798395093,-31.767339624,-0.0426855678163,-31.8100251919,-26.8145636525,-0.436100371602,-27.2506640241
28.8,-40,0,-40,-48.8019067619,-0.0579836918559,-48.8598904538,-31.7618180364,-0.0427491588246,-31.8045671952,-26.7832837325,-0.436860944473,-27.2201446769
28.84,-40,0,-40,-48.7818554753,-0.0580801573452,-48.8399356326,-31.7563176037,-0.0428125857048,-31.7991301894,-26.7520699271,-0.437617244358,-27.1896871714
28.88,-40,0,-40,-48.7617998671,-0.058175924661,-48.8199757917,-31.7508383098,-0.0428758478237,-31.7937141577,-26.7209228767,-0.438369245742,-27.1592921225
28.92,-40,0,-40,-48.7417406784,-0.0582709909107,-48.8000116693,-31.745380139,-0.0429389445498,-31.7883190835,-26.6898432049,-0.439116923201,-27.1289601281
28.96,-40,0,-40,-48.7216786427,-0.0583653532168,-48.7800439959,-31.7399430752,-0.0430018752529,-31.7829449505,-26.6588315184,-0.439860251401,-27.0986917698
29,-40,0,-40,-48.7016144857,-0.0584590087173,-48.7600734944,-31.7345271027,-0.0430646393049,-31.777591742,-26.6278884074,-0.440599205098,-27.0684876125
29.04,-40,0,-40,-48.6815489257,-0.0585519545658,-48.7401008803,-31.7291322058,-0.0431272360789,-31.7722594419,-26.5970144464,-0.441333759141,-27.0383482056
29.08,-40,0,-40,-48.6614826734,-0.0586441879316,-48.7201268613,-31.7237583687,-0.0431896649499,-31.7669480337,-26.5662101939,-0.442063888471,-27.0082740823
29.12,-40,0,-40,-48.6414164316,-0.0587357059998,-48.7001521376,-31.7184055759,-0.0432519252945,-31.7616575012,-26.5354761929,-0.442789568127,-26.978265761
29.16,-40,0,-40,-48.6213508961,-0.0588265059712,-48.6801774021,-31.7130738117,-0.043314016491,-31.7563878281,-26.5048129715,-0.44351077324,-26.9483237448
29.2,-40,0,-40,-48.6012867548,-0.0589165850628,-48.6602033398,-31.7077630606,-0.0433759379192,-31.7511389985,-26.4742210428,-0.444227479041,-26.9184485219
29.24,-40,0,-40,-48.5812246882,-0.0590059405076,-48.6402306288,-31.7024733071,-0.0434376889608,-31.7459109961,-26.4437009053,-0.444939660858,-26.8886405662
29.28,-40,0,-40,-48.5611653696,-0.0590945695549,-48.6202599392,-31.697204536,-0.0434992689989,-31.740703805,-26.4132530434,-0.445647294117,-26.8589003375
29.32,-40,0,-40,-48.5411094646,-0.0591824694703,-48.6002919341,-31.6919567318,-0.0435606774184,-31.7355174092,-26.3828779272,-0.446350354347,-26.8292282816
29.36,-40,0,-40,-48.5210576316,-0.0592696375357,-48.5803272692,-31.6867298793,-0.0436219136062,-31.7303517929,-26.3525760134,-0.447048817177,-26.7996248306
29.4,-40,0,-40,-48.5010105216,-0.0593560710496,-48.5603665927,-31.6815239632,-0.0436829769503,-31.7252069401,-26.3223477451,-0.447742658339,-26.7700904035
29.44,-40,0,-40,-48.4809687783,-0.0594417673272,-48.5404105456,-31.6763389684,-0.0437438668409,-31.7200828352,-26.2921935523,-0.448431853669,-26.7406254059
29.48,-40,0,-40,-48.4609330382,-0.0595267237002,-48.5204597619,-31.6711748798,-0.0438045826696,-31.7149794624,-26.2621138519,-0.449116379109,-26.711230231
29.52,-40,0,-40,-48.4409039304,-0.0596109375174,-48.5005148679,-31.6660316823,-0.0438651238299,-31.7098968062,-26.2321090483,-0.449796210705,-26.681905259
29.56,-40,0,-40,-48.4208820771,-0.0596944061444,-48.4805764833,-31.6609093611,-0.043925489717,-31.7048348508,-26.2021795335,-0.450471324612,-26.6526508581
29.6,-40,0,-40,-48.4008680931,-0.0597771269638,-48.4606452201,-31.6558079011,-0.0439856797277,-31.6997935808,-26.1723256874,-0.451141697095,-26.6234673845
29.64,-40,0,-40,-48.3808625862,-0.0598590973754,-48.4407216836,-31.6507272875,-0.0440456932607,-31.6947729808,-26.1425478778,-0.451807304525,-26.5943551823
29.68,-40,0,-40,-48.3608661572,-0.0599403147962,-48.420806472,-31.6456675055,-0.0441055297162,-31.6897730352,-26.1128464609,-0.452468123386,-26.5653145843
29.72,-40,0,-40,-48.3408793996,-0.0600207766605,-48.4009001763,-31.6406285404,-0.0441651884965,-31.6847937289,-26.0832217816,-0.453124130275,-26.5363459119
29.76,-40,0,-40,-48.3209029003,-0.0601004804201,-48.3810033807,-31.6356103775,-0.0442246690053,-31.6798350465,-26.0536741736,-0.453775301899,-26.5074494755
29.8,-40,0,-40,-48.300937239,-0.0601794235443,-48.3611166626,-31.6306130021,-0.0442839706482,-31.6748969728,-26.0242039594,-0.454421615081,-26.4786255745
29.84,-40,0,-40,-48.2809829886,-0.0602576035201,-48.3412405921,-31.6256363998,-0.0443430928326,-31.6699794926,-25.9948114511,-0.455063046759,-26.4498744978
29.88,-40,0,-40,-48.2610407151,-0.060335017852,-48.321375733,-31.6206805559,-0.0444020349677,-31.6650825909,-25.9654969499,-0.455699573988,-26.4211965239
29.92,-40,0,-40,-48.2411109778,-0.0604116640626,-48.3015226418,-31.6157454562,-0.0444607964643,-31.6602062527,-25.9362607471,-0.45633117394,-26.392591921
29.96,-40,0,-40,-48.221194329,-0.0604875396923,-48.2816818687,-31.6108310861,-0.0445193767351,-31.6553504629,-25.9071031235,-0.456957823905,-26.3640609474
30,-40,0,-40,-48.2012913146,-0.0605626422994,-48.2618539569,-31.6059374315,-0.0445777751947,-31.6505152067,-25.8780243505,-0.457579501293,-26.3356038518
30.04,-40,0,-40,-48.1814024737,-0.0606369694605,-48.2420394432,-31.6010644779,-0.0446359912593,-31.6457004692,-25.8490246895,-0.458196183635,-26.3072208731
30.08,-40,0,-40,-48.1615283387,-0.0607105187703,-48.2222388575,-31.5962122112,-0.0446940243469,-31.6409062356,-25.8201043924,-0.458807848585,-26.278912241
30.12,-40,0,-40,-48.1416694355,-0.0607832878417,-48.2024527234,-31.5913806174,-0.0447518738776,-31.6361324913,-25.791263702,-0.459414473918,-26.2506781759
30.16,-40,0,-40,-48.1218262835,-0.0608552743063,-48.1826815579,-31.5865696822,-0.0448095392728,-31.6313792215,-25.762502852,-0.460016037534,-26.2225188896
30.2,-40,0,-40,-48.1019993956,-0.0609264758138,-48.1629258714,-31.5817793917,-0.0448670199562,-31.6266464117,-25.7338220672,-0.460612517458,-26.1944345847
30.24,-40,0,-40,-48.0821892783,-0.0609968900328,-48.1431861683,-31.5770097319,-0.0449243153531,-31.6219340473,-25.7052215637,-0.461203891843,-26.1664254555
30.28,-40,0,-40,-48.0623964316,-0.0610665146503,-48.1234629462,-31.572260689,-0.0449814248907,-31.6172421139,-25.676701549,-0.461790138966,-26.138491688
30.32,-40,0,-40,-48.0426213493,-0.0611353473722,-48.1037566966,-31.567532249,-0.0450383479978,-31.612570597,-25.6482622225,-0.462371237235,-26.1106334597
30.36,-40,0,-40,-48.0228645189,-0.0612033859232,-48.0840679048,-31.5628243982,-0.0450950841055,-31.6079194823,-25.6199037752,-0.462947165187,-26.0828509404
30.4,-40,0,-40,-48.0031264216,-0.061270628047,-48.0643970497,-31.5581371229,-0.0451516326464,-31.6032887556,-25.5916263903,-0.463517901488,-26.0551442918
30.44,-40,0,-40,-47.9834075326,-0.0613370715063,-48.0447446041,-31.5534704094,-0.045207993055,-31.5986784025,-25.5634302431,-0.464083424938,-26.0275136681
30.48,-40,0,-40,-47.9637083207,-0.0614027140827,-48.0251110348,-31.5488242442,-0.0452641647677,-31.5940884089,-25.5353155014,-0.464643714468,-25.9999592158
30.52,-40,0,-40,-47.9440292489,-0.0614675535774,-48.0054968025,-31.5441986136,-0.0453201472228,-31.5895187608,-25.5072823253,-0.465198749143,-25.9724810744
30.56,-40,0,-40,-47.924370774,-0.0615315878105,-47.9859023618,-31.5395935042,-0.0453759398604,-31.584969444,-25.4793308677,-0.465748508163,-25.9450793759
30.6,-40,0,-40,-47.9047333468,-0.0615948146216,-47.9663281614,-31.5350089026,-0.0454315421225,-31.5804404447,-25.4514612745,-0.466292970864,-25.9177542454
30.64,-40,0,-40,-47.8851174123,-0.0616572318699,-47.9467746442,-31.5304447954,-0.0454869534531,-31.5759317488,-25.4236736844,-0.466832116719,-25.8905058011
30.68,-40,0,-40,-47.8655234095,-0.0617188374341,-47.927242247,-31.5259011693,-0.0455421732979,-31.5714433426,-25.3959682294,-0.467365925337,-25.8633341547
30.72,-40,0,-40,-47.8459517717,-0.0617796292122,-47.907731401,-31.521378011,-0.0455972011046,-31.5669752122,-25.3683450347,-0.467894376468,-25.8362394112
30.76,-40,0,-40,-47.8264029264,-0.0618396051223,-47.8882425315,-31.5168753075,-0.0456520363227,-31.5625273438,-25.340804219,-0.468417450001,-25.809221669
30.8,-40,0,-40,-47.8068772953,-0.0618987631022,-47.8687760584,-31.5123930456,-0.0457066784038,-31.558099724,-25.3133458946,-0.468935125966,-25.7822810205
30.84,-40,0,-40,-47.7873752944,-0.0619571011094,-47.8493323955,-31.5079312121,-0.0457611268013,-31.5536923389,-25.2859701675,-0.469447384535,-25.755417552
30.88,-40,0,-40,-47.7678973342,-0.0620146171215,-47.8299119513,-31.5034897942,-0.0458153809704,-31.5493051752,-25.2586771377,-0.469954206022,-25.7286313437
30.92,-40,0,-40,-47.7484438196,-0.0620713091361,-47.8105151287,-31.4990687788,-0.0458694403685,-31.5449382192,-25.2314668991,-0.470455570888,-25.70192247
30.96,-40,0,-40,-47.7290151499,-0.062127175171,-47.7911423251,-31.4946681531,-0.0459233044546,-31.5405914576,-25.2043395398,-0.470951459734,-25.6752909995
31,-40,0,-40,-47.7096117192,-0.062182213264,-47.7717939324,-31.4902879043,-0.0459769726899,-31.536264877,-25.1772951421,-0.471441853312,-25.6487369954
31.04,-40,0,-40,-47.6902339157,-0.0622364214733,-47.7524703372,-31.4859280196,-0.0460304445373,-31.5319584641,-25.1503337828,-0.471926732517,-25.6222605153
31.08,-40,0,-40,-47.6708821228,-0.0622897978774,-47.7331719207,-31.4815884863,-0.046083719462,-31.5276722057,-25.1234555332,-0.472406078393,-25.5958616116
31.12,-40,0,-40,-47.6515567181,-0.0623423405753,-47.7138990587,-31.4772692917,-0.0461367969308,-31.5234060886,-25.0966604593,-0.472879872135,-25.5695403315
31.16,-40,0,-40,-47.6322580742,-0.0623940476864,-47.6946521219,-31.4729704233,-0.0461896764125,-31.5191600997,-25.0699486218,-0.473348095084,-25.5432967169
31.2,-40,0,-40,-47.6129865585,-0.0624449173509,-47.6754314759,-31.4686918686,-0.0462423573782,-31.5149342259,-25.0433200763,-0.473810728734,-25.5171308051
31.24,-40,0,-40,-47.5937425331,-0.0624949477293,-47.6562374809,-31.464433615,-0.0462948393005,-31.5107284543,-25.0167748735,-0.474267754731,-25.4910426282
31.28,-40,0,-40,-47.5745263552,-0.062544137003,-47.6370704922,-31.4601956502,-0.0463471216543,-31.5065427719,-24.9903130591,-0.474719154873,-25.4650322139
31.32,-40,0,-40,-47.5553383766,-0.0625924833743,-47.61793086,-31.4559779619,-0.0463992039163,-31.5023771658,-24.963934674,-0.475164911112,-25.4390995851
31.36,-40,0,-40,-47.5361789444,-0.0626399850663,-47.5988189295,-31.4517805377,-0.0464510855653,-31.4982316232,-24.9376397547,-0.475605005552,-25.4132447603
31.4,-40,0,-40,-47.5170484007,-0.062686640323,-47.579735041,-31.4476033654,-0.046502766082,-31.4941061315,-24.9114283329,-0.476039420457,-25.3874677534
31.44,-40,0,-40,-47.4979470825,-0.0627324474095,-47.56067953,-31.4434464329,-0.0465542449493,-31.4900006778,-24.885300436,-0.476468138243,-25.3617685743
31.48,-40,0,-40,-47.4788753222,-0.0627774046118,-47.5416527268,-31.439309728,-0.0466055216517,-31.4859152497,-24.8592560869,-0.476891141487,-25.3361472284
31.52,-40,0,-40,-47.4598334472,-0.0628215102373,-47.5226549575,-31.4351932388,-0.0466565956761,-31.4818498344,-24.8332953044,-0.47730841292,-25.3106037174
31.56,-40,0,-40,-47.4408217802,-0.0628647626144,-47.5036865428,-31.4310969531,-0.0467074665111,-31.4778044196,-24.8074181032,-0.477719935437,-25.2851380386
31.6,-40,0,-40,-47.4218406392,-0.0629071600931,-47.4847477993,-31.4270208592,-0.0467581336477,-31.4737789928,-24.7816244937,-0.478125692088,-25.2597501858
31.64,-40,0,-40,-47.4028903374,-0.0629487010444,-47.4658390385,-31.4229649451,-0.0468085965785,-31.4697735417,-24.7559144826,-0.478525666088,-25.2344401487
31.68,-40,0,-40,-47.3839711838,-0.062989383861,-47.4469605676,-31.418929199,-0.0468588547984,-31.4657880538,-24.7302880726,-0.478919840811,-25.2092079135
31.72,-40,0,-40,-47.3650834822,-0.063029206957,-47.4281126892,-31.4149136092,-0.0469089078043,-31.461822517,-24.7047452628,-0.479308199794,-25.1840534626
31.76,-40,0,-40,-47.3462275325,-0.0630681687681,-47.4092957013,-31.4109181639,-0.0469587550949,-31.457876919,-24.6792860484,-0.47969072674,-25.1589767751
31.8,-40,0,-40,-47.3274036298,-0.0631062677514,-47.3905098975,-31.4069428517,-0.0470083961713,-31.4539512478,-24.6539104211,-0.480067405513,-25.1339778266
31.84,-40,0,-40,-47.3086120648,-0.063143502386,-47.3717555671,-31.4029876607,-0.0470578305364,-31.4500454913,-24.6286183691,-0.480438220143,-25.1090565892
31.88,-40,0,-40,-47.2898531238,-0.0631798711727,-47.353032995,-31.3990525797,-0.0471070576953,-31.4461596374,-24.6034098772,-0.480803154828,-25.084213032
31.92,-40,0,-40,-47.271127089,-0.0632153726339,-47.3343424616,-31.3951375971,-0.047156077155,-31.4422936742,-24.5782849268,-0.481162193931,-25.0594471207
31.96,-40,0,-40,-47.252434238,-0.063250005314,-47.3156842434,-31.3912427015,-0.0472048884247,-31.4384475899,-24.5532434961,-0.481515321982,-25.0347588181
32,-40,0,-40,-47.2337748445,-0.0632837677795,-47.2970586123,-31.3873678816,-0.0472534910156,-31.4346213726,-24.5282855601,-0.481862523682,-25.0101480838
32.04,-40,0,-40,-47.2151491778,-0.0633166586186,-47.2784658364,-31.3835131261,-0.047301884441,-31.4308150105,-24.5034110906,-0.4822037839,-24.9856148745
32.08,-40,0,-40,-47.196557503,-0.0633486764418,-47.2599061794,-31.3796784238,-0.0473500682163,-31.427028492,-24.4786200565,-0.482539087674,-24.9611591442
32.12,-40,0,-40,-47.1780000813,-0.0633798198816,-47.2413799011,-31.3758637635,-0.0473980418589,-31.4232618054,-24.4539124236,-0.482868420215,-24.9367808438
32.16,-40,0,-40,-47.1594771697,-0.0634100875927,-47.2228872573,-31.3720691342,-0.0474458048884,-31.4195149391,-24.429288155,-0.483191766904,-24.9124799219
32.2,-40,0,-40,-47.1409890213,-0.0634394782519,-47.2044284996,-31.3682945248,-0.0474933568263,-31.4157878816,-24.4047472108,-0.483509113296,-24.8882563241
32.24,-40,0,-40,-47.1225358853,-0.0634679905585,-47.1860038759,-31.3645399243,-0.0475406971965,-31.4120806215,-24.3802895485,-0.483820445119,-24.8641099936
32.28,-40,0,-40,-47.1041180068,-0.0634956232341,-47.16761363,-31.3608053219,-0.0475878255248,-31.4083931474,-24.3559151227,-0.484125748273,-24.840040871
32.32,-40,0,-40,-47.085735627,-0.0635223750225,-47.149258002,-31.3570907066,-0.0476347413391,-31.4047254479,-24.3316238857,-0.484425008836,-24.8160488945
32.36,-40,0,-40,-47.0673889836,-0.0635482446901,-47.1309372283,-31.3533960676,-0.0476814441695,-31.4010775118,-24.307415787,-0.484718213059,-24.792134
32.4,-40,0,-40,-47.0490783102,-0.0635732310259,-47.1126515412,-31.3497213943,-0.0477279335481,-31.3974493278,-24.2832907737,-0.485005347371,-24.7682961211
32.44,-40,0,-40,-47.0308038368,-0.0635973328412,-47.0944011697,-31.3460666759,-0.0477742090093,-31.3938408849,-24.2592487905,-0.485286398377,-24.7445351889
32.48,-40,0,-40,-47.0125657897,-0.0636205489701,-47.0761863387,-31.3424319018,-0.0478202700895,-31.3902521718,-24.2352897797,-0.48556135286,-24.7208511326
32.52,-40,0,-40,-46.9943643916,-0.0636428782693,-47.0580072698,-31.3388170614,-0.0478661163272,-31.3866831777,-24.2114136813,-0.485830197781,-24.6972438791
32.56,-40,0,-40,-46.9761998613,-0.0636643196182,-47.0398641809,-31.3352221442,-0.0479117472632,-31.3831338915,-24.1876204331,-0.486092920283,-24.6737133534
32.6,-40,0,-40,-46.9580724145,-0.0636848719189,-47.0217572864,-31.3316471398,-0.0479571624402,-31.3796043023,-24.1639099707,-0.486349507685,-24.6502594784
32.64,-40,0,-40,-46.9399822629,-0.0637045340964,-47.003686797,-31.3280920379,-0.0480023614034,-31.3760943993,-24.1402822275,-0.486599947488,-24.626882175
32.68,-40,0,-40,-46.9219296151,-0.0637233050985,-46.9856529202,-31.3245568279,-0.0480473436997,-31.3726041716,-24.1167371349,-0.486844227376,-24.6035813623
32.72,-40,0,-40,-46.9039146761,-0.0637411838958,-46.96765586,-31.3210414998,-0.0480921088786,-31.3691336087,-24.0932746222,-0.487082335213,-24.5803569574
32.76,-40,0,-40,-46.8859376474,-0.063758169482,-46.9496958169,-31.3175460433,-0.0481366564915,-31.3656826998,-24.0698946168,-0.487314259046,-24.5572088758
32.8,-40,0,-40,-46.8679987273,-0.0637742608737,-46.9317729882,-31.3140704481,-0.048180986092,-31.3622514342,-24.0465970441,-0.487539987106,-24.5341370312
32.84,-40,0,-40,-46.8500981107,-0.0637894571106,-46.9138875678,-31.3106147043,-0.0482250972358,-31.3588398016,-24.0233818278,-0.487759507807,-24.5111413356
32.88,-40,0,-40,-46.8322359892,-0.0638037572553,-46.8960397465,-31.3071788018,-0.0482689894811,-31.3554477913,-24.0002488897,-0.487972809748,-24.4882216994
32.92,-40,0,-40,-46.8144125513,-0.0638171603938,-46.8782297117,-31.3037627306,-0.0483126623879,-31.352075393,-23.9771981496,-0.488179881713,-24.4653780313
32.96,-40,0,-40,-46.796627982,-0.0638296656349,-46.8604576476,-31.3003664808,-0.0483561155185,-31.3487225963,-23.9542295259,-0.488380712674,-24.4426102386
33,-40,0,-40,-46.7788824635,-0.0638412721108,-46.8427237356,-31.2969900425,-0.0483993484376,-31.3453893909,-23.9313429352,-0.488575291785,-24.4199182269
33.04,-40,0,-40,-46.7611761745,-0.063851978977,-46.8250281535,-31.2936334059,-0.0484423607118,-31.3420757666,-23.9085382923,-0.488763608392,-24.3973019007
33.08,-40,0,-40,-46.743509291,-0.0638617854121,-46.8073710764,-31.2902965613,-0.04848515191,-31.3387817133,-23.8858155108,-0.488945652025,-24.3747611628
33.12,-40,0,-40,-46.7258819856,-0.0638706906182,-46.7897526763,-31.2869794991,-0.0485277216034,-31.3355072207,-23.8631745023,-0.489121412403,-24.3522959147
33.16,-40,0,-40,-46.7082944282,-0.0638786938205,-46.772173122,-31.2836822094,-0.0485700693652,-31.3322522788,-23.8406151773,-0.489290879436,-24.3299060567
33.2,-40,0,-40,-46.6907467854,-0.0638857942678,-46.7546325797,-31.2804046829,-0.0486121947711,-31.3290168777,-23.8181374444,-0.489454043221,-24.3075914877
33.24,-40,0,-40,-46.6732392211,-0.0638919912323,-46.7371312123,-31.27714691,-0.0486540973988,-31.3258010074,-23.7957412113,-0.489610894046,-24.2853521053
33.28,-40,0,-40,-46.6557718962,-0.0638972840096,-46.7196691802,-31.2739088812,-0.0486957768283,-31.322604658,-23.7734263838,-0.489761422389,-24.2631878062
33.32,-40,0,-40,-46.6383449687,-0.0639016719187,-46.7022466406,-31.2706905871,-0.0487372326417,-31.3194278198,-23.7511928668,-0.48990561892,-24.2410984857
33.36,-40,0,-40,-46.6209585939,-0.0639051543022,-46.6848637482,-31.2674920185,-0.0487784644236,-31.3162704829,-23.7290405635,-0.4900434745,-24.219084038
33.4,-40,0,-40,-46.6036129243,-0.0639077305265,-46.6675206548,-31.264313166,-0.0488194717605,-31.3131326377,-23.7069693761,-0.490174980181,-24.1971443563
33.44,-40,0,-40,-46.5863081093,-0.0639093999811,-46.6502175093,-31.2611540203,-0.0488602542414,-31.3100142746,-23.6849792055,-0.49030012721,-24.1752793327
33.48,-40,0,-40,-46.5690442961,-0.0639101620795,-46.6329544582,-31.2580145724,-0.0489008114575,-31.3069153839,-23.6630699513,-0.490418907026,-24.1534888583
33.52,-40,0,-40,-46.5518216288,-0.0639100162586,-46.6157316451,-31.2548948132,-0.0489411430021,-31.3038359562,-23.641241512,-0.490531311261,-24.1317728233
33.56,-40,0,-40,-46.5346402491,-0.0639089619793,-46.598549211,-31.2517947335,-0.0489812484709,-31.300775982,-23.6194937851,-0.490637331741,-24.1101311169
33.6,-40,0,-40,-46.5175002957,-0.0639069987258,-46.5814072945,-31.2487143245,-0.0490211274617,-31.297735452,-23.5978266668,-0.490736960488,-24.0885636273
33.64,-40,0,-40,-46.5004019053,-0.0639041260063,-46.5643060313,-31.2456535771,-0.0490607795748,-31.2947143567,-23.5762400524,-0.490830189719,-24.0670702421
33.68,-40,0,-40,-46.4833452115,-0.0639003433526,-46.5472455548,-31.2426124825,-0.0491002044126,-31.291712687,-23.5547338359,-0.490917011845,-24.0456508477
33.72,-40,0,-40,-46.4663303456,-0.0638956503205,-46.5302259959,-31.239591032,-0.0491394015797,-31.2887304335,-23.5333079106,-0.490997419475,-24.0243053301
33.76,-40,0,-40,-46.4493574364,-0.0638900464893,-46.5132474829,-31.2365892166,-0.0491783706832,-31.2857675873,-23.5119621687,-0.491071405411,-24.0030335741
33.8,-40,0,-40,-46.4324266102,-0.0638835314624,-46.4963101417,-31.2336070278,-0.0492171113323,-31.2828241391,-23.4906965015,-0.491138962656,-23.9818354641
33.84,-40,0,-40,-46.415537991,-0.0638761048669,-46.4794140959,-31.2306444568,-0.0492556231384,-31.27990008,-23.4695107992,-0.491200084409,-23.9607108836
33.88,-40,0,-40,-46.3986917002,-0.0638677663538,-46.4625594666,-31.2277014952,-0.0492939057155,-31.2769954009,-23.4484049514,-0.491254764064,-23.9396597155
33.92,-40,0,-40,-46.381887857,-0.063858515598,-46.4457463726,-31.2247781344,-0.0493319586796,-31.274110093,-23.4273788467,-0.491302995216,-23.9186818419
33.96,-40,0,-40,-46.3651265781,-0.0638483522983,-46.4289749304,-31.2218743658,-0.049369781649,-31.2712441475,-23.4064323728,-0.491344771658,-23.8977771444
34,-40,0,-40,-46.348407978,-0.0638372761775,-46.4122452542,-31.2189901812,-0.0494073742446,-31.2683975555,-23.3855654167,-0.49138008738,-23.876945504
34.04,-40,0,-40,-46.3317321689,-0.0638252869823,-46.3955574559,-31.2161255721,-0.0494447360892,-31.2655703082,-23.3647778645,-0.491408936575,-23.8561868011
34.08,-40,0,-40,-46.3150992609,-0.0638123844833,-46.3789116454,-31.2132805303,-0.0494818668081,-31.2627623971,-23.3440696018,-0.491431313631,-23.8355009154
34.12,-40,0,-40,-46.2985093615,-0.0637985684752,-46.36230793,-31.2104550475,-0.0495187660291,-31.2599738136,-23.3234405131,-0.49144721314,-23.8148877262
34.16,-40,0,-40,-46.2819625765,-0.0637838387766,-46.3457464153,-31.2076491156,-0.0495554333819,-31.2572045489,-23.3028904825,-0.49145662989,-23.7943471124
34.2,-40,0,-40,-46.2654590091,-0.0637681952302,-46.3292272043,-31.2048627263,-0.0495918684987,-31.2544545948,-23.2824193934,-0.491459558874,-23.7738789523
34.24,-40,0,-40,-46.2489987606,-0.0637516377026,-46.3127503983,-31.2020958717,-0.0496280710143,-31.2517239427,-23.2620271283,-0.491455995282,-23.7534831236
34.28,-40,0,-40,-46.2325819302,-0.0637341660847,-46.2963160963,-31.1993485438,-0.0496640405653,-31.2490125843,-23.2417135693,-0.491445934509,-23.7331595038
34.32,-40,0,-40,-46.216208615,-0.0637157802912,-46.2799243953,-31.1966207345,-0.0496997767911,-31.2463205113,-23.2214785978,-0.491429372147,-23.7129079699
34.36,-40,0,-40,-46.19987891,-0.063696480261,-46.2635753903,-31.1939124361,-0.0497352793331,-31.2436477154,-23.2013220945,-0.491406303995,-23.6927283985
34.4,-40,0,-40,-46.1835929082,-0.063676265957,-46.2472691741,-31.1912236406,-0.0497705478352,-31.2409941884,-23.1812439398,-0.49137672605,-23.6726206658
34.44,-40,0,-40,-46.1673507006,-0.0636551373661,-46.231005838,-31.1885543403,-0.0498055819437,-31.2383599222,-23.1612440133,-0.491340634512,-23.6525846478
34.48,-40,0,-40,-46.1511523763,-0.0636330944995,-46.2147854708,-31.1859045274,-0.049840381307,-31.2357449087,-23.1413221942,-0.491298025786,-23.6326202199
34.52,-40,0,-40,-46.1349980223,-0.0636101373925,-46.1986081597,-31.1832741944,-0.049874945576,-31.2331491399,-23.121478361,-0.491248896476,-23.6127272575
34.56,-40,0,-40,-46.118887724,-0.0635862661043,-46.1824739901,-31.1806633335,-0.0499092744041,-31.2305726079,-23.1017123921,-0.491193243393,-23.5929056355
34.6,-40,0,-40,-46.1028215645,-0.0635614807184,-46.1663830452,-31.1780719373,-0.0499433674468,-31.2280153047,-23.082024165,-0.491131063549,-23.5731552285
34.64,-40,0,-40,-46.0867996253,-0.0635357813422,-46.1503354067,-31.1754999982,-0.049977224362,-31.2254772226,-23.062413557,-0.491062354159,-23.5534759111
34.68,-40,0,-40,-46.0708219861,-0.0635091681076,-46.1343311542,-31.1729475089,-0.0500108448102,-31.2229583537,-23.0428804448,-0.490987112644,-23.5338675574
34.72,-40,0,-40,-46.0548887246,-0.0634816411702,-46.1183703657,-31.1704144619,-0.0500442284538,-31.2204586903,-23.0234247048,-0.490905336627,-23.5143300414
34.76,-40,0,-40,-46.0389999167,-0.06345320071,-46.1024531174,-31.1679008499,-0.0500773749581,-31.2179782248,-23.004046213,-0.490817023936,-23.494863237
34.8,-40,0,-40,-46.0231556368,-0.0634238469311,-46.0865794838,-31.1654066656,-0.0501102839905,-31.2155169496,-22.984744845,-0.490722172603,-23.4754670176
34.84,-40,0,-40,-46.0073559574,-0.0633935800616,-46.0707495375,-31.1629319019,-0.0501429552206,-31.2130748571,-22.965520476,-0.490620780864,-23.4561412569
34.88,-40,0,-40,-45.9916009491,-0.063362400354,-46.0549633495,-31.1604765516,-0.0501753883208,-31.2106519399,-22.9463729808,-0.49051284716,-23.4368858279
34.92,-40,0,-40,-45.9758906812,-0.0633303080845,-46.0392209893,-31.1580406075,-0.0502075829656,-31.2082481905,-22.9273022339,-0.490398370137,-23.417700604
34.96,-40,0,-40,-45.960225221,-0.0632973035539,-46.0235225245,-31.1556240628,-0.0502395388318,-31.2058636016,-22.9083081096,-0.490277348645,-23.3985854582
35,-40,0,-40,-45.9446046342,-0.0632633870868,-46.0078680213,-31.1532269103,-0.0502712555989,-31.2034981659,-22.8893904816,-0.490149781741,-23.3795402634
35.04,-40,0,-40,-45.929028985,-0.063228559032,-45.9922575441,-31.1508491431,-0.0503027329485,-31.2011518761,-22.8705492237,-0.490015668684,-23.3605648924
35.08,-40,0,-40,-45.913498336,-0.0631928197625,-45.9766911558,-31.1484907544,-0.0503339705649,-31.198824725,-22.8517842091,-0.48987500894,-23.341659218
35.12,-40,0,-40,-45.8980127481,-0.0631561696754,-45.9611689178,-31.1461517374,-0.0503649681344,-31.1965167056,-22.8330953109,-0.489727802182,-23.322823113
35.16,-40,0,-40,-45.8825722807,-0.0631186091918,-45.9456908899,-31.1438320854,-0.0503957253461,-31.1942278107,-22.8144824018,-0.489574048284,-23.3040564501
35.2,-40,0,-40,-45.8671769917,-0.0630801387569,-45.9302571304,-31.1415317915,-0.0504262418912,-31.1919580334,-22.7959453544,-0.48941374733,-23.2853591018
35.24,-40,0,-40,-45.8518269373,-0.0630407588402,-45.9148676962,-31.1392508492,-0.0504565174635,-31.1897073667,-22.7774840411,-0.489246899605,-23.2667309407
35.28,-40,0,-40,-45.8365221726,-0.063000469935,-45.8995226425,-31.1369892519,-0.0504865517592,-31.1874758037,-22.7590983339,-0.489073505605,-23.2481718395
35.32,-40,0,-40,-45.8212627508,-0.0629592725589,-45.8842220233,-31.1347469931,-0.0505163444768,-31.1852633376,-22.7407881048,-0.488893566025,-23.2296816708
35.36,-40,0,-40,-45.8060487238,-0.0629171672534,-45.8689658911,-31.1325240663,-0.0505458953172,-31.1830699616,-22.7225532255,-0.488707081772,-23.2112603073
35.4,-40,0,-40,-45.7908801423,-0.0628741545841,-45.8537542968,-31.1303204651,-0.0505752039839,-31.1808956691,-22.7043935675,-0.488514053955,-23.1929076215
35.44,-40,0,-40,-45.7757570551,-0.0628302351407,-45.8385872903,-31.1281361831,-0.0506042701828,-31.1787404532,-22.6863090023,-0.488314483888,-23.1746234862
35.48,-40,0,-40,-45.7606795102,-0.0627854095369,-45.8234649197,-31.125971214,-0.050633093622,-31.1766043076,-22.668299401,-0.488108373093,-23.1564077741
35.52,-40,0,-40,-45.7456475537,-0.0627396784102,-45.8083872321,-31.1238255515,-0.0506616740123,-31.1744872256,-22.6503646347,-0.487895723296,-23.138260358
35.56,-40,0,-40,-45.7306612306,-0.0626930424225,-45.793354273,-31.1216991896,-0.0506900110667,-31.1723892007,-22.6325045744,-0.487676536429,-23.1201811108
35.6,-40,0,-40,-45.7157205846,-0.0626455022593,-45.7783660868,-31.119592122,-0.0507181045009,-31.1703102265,-22.6147190909,-0.487450814631,-23.1021699055
35.64,-40,0,-40,-45.7008256579,-0.0625970586302,-45.7634227165,-31.1175043427,-0.0507459540328,-31.1682502967,-22.5970080548,-0.487218560243,-23.0842266151
35.68,-40,0,-40,-45.6859764917,-0.0625477122689,-45.7485242039,-31.1154358456,-0.0507735593829,-31.166209405,-22.5793713369,-0.486979775815,-23.0663511128
35.72,-40,0,-40,-45.6711731255,-0.0624974639327,-45.7336705895,-31.1133866249,-0.050800920274,-31.1641875451,-22.5618088077,-0.486734464101,-23.0485432718
35.76,-40,0,-40,-45.656415598,-0.0624463144031,-45.7188619125,-31.1113566745,-0.0508280364316,-31.1621847109,-22.5443203374,-0.486482628059,-23.0308029655
35.8,-40,0,-40,-45.6417039464,-0.0623942644854,-45.7040982109,-31.1093459886,-0.0508549075833,-31.1602008962,-22.5269057966,-0.486224270853,-23.0131300675
35.84,-40,0,-40,-45.6270382067,-0.0623413150086,-45.6893795217,-31.1073545615,-0.0508815334595,-31.1582360949,-22.5095650555,-0.485959395854,-22.9955244514
35.88,-40,0,-40,-45.6124184136,-0.0622874668257,-45.6747058804,-31.1053823873,-0.0509079137927,-31.1562903011,-22.4922979843,-0.485688006636,-22.977985991
35.92,-40,0,-40,-45.5978446008,-0.0622327208135,-45.6600773216,-31.1034294605,-0.0509340483183,-31.1543635088,-22.4751044533,-0.485410106977,-22.9605145603
35.96,-40,0,-40,-45.5833168008,-0.0621770778726,-45.6454938787,-31.1014957753,-0.0509599367737,-31.1524557121,-22.4579843325,-0.485125700862,-22.9431100333
36,-40,0,-40,-45.5688350449,-0.0621205389273,-45.6309555838,-31.0995813262,-0.0509855788992,-31.1505669051,-22.440937492,-0.484834792479,-22.9257722845
36.04,-40,0,-40,-45.5543993632,-0.0620631049257,-45.6164624681,-31.0976861078,-0.0510109744372,-31.1486970822,-22.423963802,-0.484537386222,-22.9085011882
36.08,-40,0,-40,-45.5400097847,-0.0620047768397,-45.6020145615,-31.0958101144,-0.0510361231327,-31.1468462375,-22.4070631325,-0.484233486687,-22.8912966192
36.12,-40,0,-40,-45.5256663374,-0.0619455556647,-45.5876118931,-31.0939533408,-0.0510610247334,-31.1450143655,-22.3902353536,-0.483923098675,-22.8741584523
36.16,-40,0,-40,-45.5113690482,-0.0618854424199,-45.5732544906,-31.0921157815,-0.0510856789891,-31.1432014605,-22.3734803354,-0.483606227193,-22.8570865626
36.2,-40,0,-40,-45.4971179427,-0.0618244381481,-45.5589423809,-31.0902974314,-0.0511100856523,-31.141407517,-22.3567979478,-0.483282877448,-22.8400808252
36.24,-40,0,-40,-45.4829130458,-0.0617625439156,-45.5446755897,-31.088498285,-0.0511342444779,-31.1396325295,-22.340188061,-0.482953054854,-22.8231411158
36.28,-40,0,-40,-45.4687543811,-0.0616997608125,-45.5304541419,-31.0867183374,-0.0511581552234,-31.1378764926,-22.323650545,-0.482616765025,-22.80626731
36.32,-40,0,-40,-45.4546419711,-0.0616360899522,-45.5162780611,-31.0849575832,-0.0511818176487,-31.1361394009,-22.30718527,-0.482274013781,-22.7894592838
36.36,-40,0,-40,-45.4405758377,-0.0615715324717,-45.5021473702,-31.0832160176,-0.0512052315162,-31.1344212491,-22.2907921062,-0.481924807143,-22.7727169133
36.4,-40,0,-40,-45.4265560014,-0.0615060895316,-45.4880620909,-31.0814936354,-0.0512283965908,-31.1327220319,-22.2744709236,-0.481569151336,-22.756040075
36.44,-40,0,-40,-45.4125824818,-0.0614397623157,-45.4740222441,-31.0797904316,-0.0512513126398,-31.1310417443,-22.2582215926,-0.481207052785,-22.7394286454
36.48,-40,0,-40,-45.3986552976,-0.0613725520314,-45.4600278497,-31.0781064015,-0.0512739794332,-31.1293803809,-22.2420439835,-0.480838518119,-22.7228825016
36.52,-40,0,-40,-45.3847744667,-0.0613044599093,-45.4460789266,-31.0764415401,-0.0512963967432,-31.1277379369,-22.2259379665,-0.480463554169,-22.7064015206
36.56,-40,0,-40,-45.3709400057,-0.0612354872036,-45.4321754929,-31.0747958427,-0.0513185643449,-31.126114407,-22.209903412,-0.480082167967,-22.68998558
36.6,-40,0,-40,-45.3571519307,-0.0611656351915,-45.4183175658,-31.0731693045,-0.0513404820156,-31.1245097865,-22.1939401907,-0.479694366745,-22.6736345574
36.64,-40,0,-40,-45.3434102564,-0.0610949051736,-45.4045051616,-31.0715619208,-0.0513621495352,-31.1229240703,-22.1780481729,-0.479300157937,-22.6573483308
36.68,-40,0,-40,-45.329714997,-0.0610232984737,-45.3907382955,-31.069973687,-0.0513835666861,-31.1213572537,-22.1622272292,-0.478899549177,-22.6411267784
36.72,-40,0,-40,-45.3160661657,-0.0609508164387,-45.3770169822,-31.0684045986,-0.0514047332533,-31.1198093318,-22.1464772305,-0.478492548301,-22.6249697788
36.76,-40,0,-40,-45.3024637748,-0.0608774604388,-45.3633412353,-31.0668546509,-0.051425649024,-31.1182803,-22.1307980475,-0.478079163343,-22.6088772109
36.8,-40,0,-40,-45.2889078358,-0.0608032318672,-45.3497110677,-31.0653238397,-0.0514463137884,-31.1167701535,-22.1151895511,-0.477659402537,-22.5928489536
36.84,-40,0,-40,-45.2753983592,-0.0607281321401,-45.3361264913,-31.0638121604,-0.0514667273387,-31.1152788877,-22.0996516122,-0.477233274316,-22.5768848865
36.88,-40,0,-40,-45.2619353549,-0.0606521626968,-45.3225875176,-31.0623196087,-0.0514868894702,-31.1138064982,-22.0841841019,-0.476800787312,-22.5609848892
36.92,-40,0,-40,-45.2485188318,-0.0605753249994,-45.3090941568,-31.0608461804,-0.0515067999801,-31.1123529803,-22.0687868915,-0.476361950356,-22.5451488419
36.96,-40,0,-40,-45.235148798,-0.0604976205332,-45.2956464185,-31.0593918711,-0.0515264586687,-31.1109183298,-22.0534598522,-0.475916772477,-22.5293766247
37,-40,0,-40,-45.221825261,-0.0604190508061,-45.2822443118,-31.0579566767,-0.0515458653383,-31.1095025421,-22.0382028554,-0.475465262901,-22.5136681183
37.04,-40,0,-40,-45.2085482273,-0.060339617349,-45.2688878447,-31.0565405931,-0.0515650197942,-31.1081056129,-22.0230157728,-0.475007431051,-22.4980232038
37.08,-40,0,-40,-45.1953177028,-0.0602593217154,-45.2555770245,-31.0551436162,-0.0515839218438,-31.1067275381,-22.0078984758,-0.474543286547,-22.4824417624
37.12,-40,0,-40,-45.1821336924,-0.0601781654818,-45.2423118579,-31.053765742,-0.0516025712975,-31.1053683133,-21.9928508364,-0.474072839207,-22.4669236756
37.16,-40,0,-40,-45.1689962005,-0.060096150247,-45.2290923508,-31.0524069665,-0.0516209679677,-31.1040279345,-21.9778727264,-0.473596099044,-22.4514688255
37.2,-40,0,-40,-45.1559052308,-0.0600132776329,-45.2159185084,-31.0510672859,-0.0516391116699,-31.1027063975,-21.962964018,-0.473113076265,-22.4360770942
37.24,-40,0,-40,-45.1428607859,-0.0599295492835,-45.2027903352,-31.0497466962,-0.0516570022217,-31.1014036984,-21.9481245832,-0.472623781274,-22.4207483645
37.28,-40,0,-40,-45.1298628682,-0.0598449668656,-45.1897078351,-31.0484451936,-0.0516746394433,-31.1001198331,-21.9333542944,-0.472128224668,-22.4054825191
37.32,-40,0,-40,-45.116911479,-0.0597595320685,-45.176671011,-31.0471627745,-0.0516920231578,-31.0988547977,-21.9186530241,-0.471626417241,-22.3902794414
37.36,-40,0,-40,-45.104006619,-0.0596732466038,-45.1636798656,-31.0458994352,-0.0517091531904,-31.0976085884,-21.904020645,-0.471118369976,-22.375139015
37.4,-40,0,-40,-45.0911482884,-0.0595861122055,-45.1507344006,-31.0446551719,-0.0517260293691,-31.0963812013,-21.8894570297,-0.470604094055,-22.3600611238
37.44,-40,0,-40,-45.0783364866,-0.0594981306299,-45.1378346172,-31.0434299812,-0.0517426515243,-31.0951726328,-21.8749620513,-0.470083600846,-22.3450456522
37.48,-40,0,-40,-45.0655712122,-0.0594093036557,-45.1249805159,-31.0422238595,-0.0517590194891,-31.093982879,-21.8605355828,-0.469556901916,-22.3300924848
37.52,-40,0,-40,-45.0528524635,-0.0593196330834,-45.1121720966,-31.0410368034,-0.0517751330991,-31.0928119365,-21.8461774976,-0.469024009018,-22.3152015066
37.56,-40,0,-40,-45.0401802379,-0.0592291207362,-45.0994093586,-31.0398688094,-0.0517909921923,-31.0916598016,-21.8318876689,-0.468484934098,-22.300372603
37.6,-40,0,-40,-45.0275545321,-0.0591377684589,-45.0866923006,-31.0387198742,-0.0518065966096,-31.0905264708,-21.8176659704,-0.467939689294,-22.2856056597
37.64,-40,0,-40,-45.0149753425,-0.0590455781186,-45.0740209206,-31.0375899945,-0.051821946194,-31.0894119407,-21.8035122758,-0.467388286933,-22.2709005627
37.68,-40,0,-40,-45.0024426647,-0.0589525516044,-45.0613952163,-31.036479167,-0.0518370407915,-31.0883162078,-21.7894264591,-0.46683073953,-22.2562571986
37.72,-40,0,-40,-44.9899564936,-0.0588586908269,-45.0488151844,-31.0353873886,-0.0518518802504,-31.0872392689,-21.7754083944,-0.46626705979,-22.2416754541
37.76,-40,0,-40,-44.9775168237,-0.0587639977191,-45.0362808214,-31.0343146561,-0.0518664644216,-31.0861811205,-21.7614579559,-0.465697260607,-22.2271552165
37.8,-40,0,-40,-44.9651236488,-0.0586684742353,-45.0237921231,-31.0332609665,-0.0518807931587,-31.0851417596,-21.7475750181,-0.465121355063,-22.2126963731
37.84,-40,0,-40,-44.9527769623,-0.0585721223519,-45.0113490847,-31.0322263166,-0.0518948663175,-31.0841211829,-21.7337594556,-0.464539356423,-22.1982988121
37.88,-40,0,-40,-44.9404767569,-0.0584749440667,-44.9989517009,-31.0312107036,-0.0519086837569,-31.0831193873,-21.7200111434,-0.463951278145,-22.1839624215
37.92,-40,0,-40,-44.9282230246,-0.0583769413992,-44.986599966,-31.0302141245,-0.0519222453379,-31.0821363698,-21.7063299562,-0.463357133866,-22.1696870901
37.96,-40,0,-40,-44.9160157573,-0.0582781163903,-44.9742938737,-31.0292365764,-0.0519355509243,-31.0811721273,-21.6927157695,-0.462756937415,-22.1554727069
38,-40,0,-40,-44.9038549459,-0.0581784711025,-44.962033417,-31.0282780566,-0.0519486003824,-31.080226657,-21.6791684586,-0.462150702799,-22.1413191614
38.04,-40,0,-40,-44.891740581,-0.0580780076197,-44.9498185886,-31.0273385623,-0.0519613935812,-31.0792999559,-21.6656878989,-0.461538444215,-22.1272263431
38.08,-40,0,-40,-44.8796726527,-0.057976728047,-44.9376493808,-31.0264180908,-0.0519739303921,-31.0783920212,-21.6522739664,-0.460920176039,-22.1131941425
38.12,-40,0,-40,-44.8676511506,-0.0578746345108,-44.9255257851,-31.0255166395,-0.0519862106892,-31.0775028502,-21.638926537,-0.460295912831,-22.0992224499
38.16,-40,0,-40,-44.8556760637,-0.0577717291588,-44.9134477928,-31.0246342057,-0.051998234349,-31.0766324401,-21.6256454869,-0.459665669334,-22.0853111563
38.2,-40,0,-40,-44.8437473805,-0.0576680141596,-44.9014153947,-31.023770787,-0.0520100012508,-31.0757807883,-21.6124306924,-0.459029460471,-22.0714601529
38.24,-40,0,-40,-44.8318650892,-0.057563491703,-44.889428581,-31.0229263809,-0.0520215112764,-31.0749478922,-21.5992820302,-0.458387301347,-22.0576693315
38.28,-40,0,-40,-44.8200291774,-0.0574581639997,-44.8774873414,-31.0221009849,-0.0520327643101,-31.0741337492,-21.5861993769,-0.457739207245,-22.0439385842
38.32,-40,0,-40,-44.8082396322,-0.0573520332815,-44.8655916655,-31.0212945966,-0.0520437602388,-31.0733383569,-21.5731826097,-0.457085193628,-22.0302678033
38.36,-40,0,-40,-44.7964964403,-0.0572451018007,-44.8537415421,-31.0205072138,-0.0520544989521,-31.0725617128,-21.5602316056,-0.456425276139,-22.0166568817
38.4,-40,0,-40,-44.7847995879,-0.0571373718305,-44.8419369597,-31.0197388342,-0.0520649803421,-31.0718038146,-21.547346242,-0.455759470597,-22.0031057126
38.44,-40,0,-40,-44.7731490608,-0.057028845665,-44.8301779064,-31.0189894556,-0.0520752043034,-31.0710646599,-21.5345263967,-0.455087792999,-21.9896141897
38.48,-40,0,-40,-44.7615448444,-0.0569195256185,-44.81846437,-31.0182590759,-0.0520851707334,-31.0703442466,-21.5217719473,-0.454410259518,-21.9761822068
38.52,-40,0,-40,-44.7499869236,-0.0568094140262,-44.8067963376,-31.0175476928,-0.0520948795319,-31.0696425724,-21.509082772,-0.453726886503,-21.9628096585
38.56,-40,0,-40,-44.7384752829,-0.0566985132435,-44.7951737961,-31.0168553045,-0.0521043306013,-31.0689596351,-21.496458749,-0.453037690477,-21.9494964395
38.6,-40,0,-40,-44.7270099064,-0.0565868256463,-44.783596732,-31.0161819089,-0.0521135238467,-31.0682954328,-21.4838997567,-0.452342688138,-21.9362424449
38.64,-40,0,-40,-44.7155907778,-0.0564743536308,-44.7720651314,-31.0155275041,-0.0521224591758,-31.0676499633,-21.4714056739,-0.451641896358,-21.9230475703
38.68,-40,0,-40,-44.7042178804,-0.0563610996133,-44.76057898,-31.0148920882,-0.0521311364987,-31.0670232247,-21.4589763794,-0.450935332179,-21.9099117116
38.72,-40,0,-40,-44.6928911971,-0.0562470660304,-44.7491382631,-31.0142756594,-0.0521395557282,-31.0664152151,-21.4466117523,-0.450223012817,-21.8968347651
38.76,-40,0,-40,-44.6816107104,-0.0561322553388,-44.7377429658,-31.0136782159,-0.0521477167798,-31.0658259326,-21.434311672,-0.449504955659,-21.8838166277
38.8,-40,0,-40,-44.6703764025,-0.0560166700148,-44.7263930725,-31.0130997559,-0.0521556195714,-31.0652553755,-21.4220760181,-0.448781178261,-21.8708571964
38.84,-40,0,-40,-44.659188255,-0.0559003125551,-44.7150885675,-31.012540278,-0.0521632640237,-31.064703542,-21.4099046703,-0.44805169835,-21.8579563686
38.88,-40,0,-40,-44.6480462494,-0.0557831854759,-44.7038294349,-31.0119997803,-0.0521706500599,-31.0641704304,-21.3977975086,-0.44731653382,-21.8451140424
38.92,-40,0,-40,-44.6369503668,-0.0556652913133,-44.6926156581,-31.0114782615,-0.0521777776056,-31.0636560391,-21.3857544133,-0.446575702733,-21.832330116
38.96,-40,0,-40,-44.6259005878,-0.0555466326228,-44.6814472204,-31.01097572,-0.0521846465893,-31.0631603665,-21.3737752648,-0.445829223319,-21.8196044881
39,-40,0,-40,-44.6148968928,-0.0554272119798,-44.6703241047,-31.0104921542,-0.0521912569421,-31.0626834112,-21.3618599438,-0.445077113973,-21.8069370577
39.04,-40,0,-40,-44.6039392617,-0.0553070319789,-44.6592462936,-31.010027563,-0.0521976085973,-31.0622251716,-21.3500083312,-0.444319393256,-21.7943277244
39.08,-40,0,-40,-44.5930276742,-0.0551860952343,-44.6482137694,-31.0095819449,-0.0522037014913,-31.0617856464,-21.3382203081,-0.443556079894,-21.781776388
39.12,-40,0,-40,-44.5821621097,-0.0550644043794,-44.6372265141,-31.0091552986,-0.0522095355629,-31.0613648342,-21.326495756,-0.442787192775,-21.7692829488
39.16,-40,0,-40,-44.5713425472,-0.0549419620669,-44.6262845093,-31.008747623,-0.0522151107533,-31.0609627338,-21.3148345564,-0.44201275095,-21.7568473073
39.2,-40,0,-40,-44.5605689654,-0.0548187709684,-44.6153877363,-31.0083589168,-0.0522204270065,-31.0605793438,-21.3032365911,-0.441232773634,-21.7444693647
39.24,-40,0,-40,-44.5498413426,-0.0546948337749,-44.6045361764,-31.007989179,-0.0522254842692,-31.0602146633,-21.2917017422,-0.4404472802,-21.7321490224
39.28,-40,0,-40,-44.539159657,-0.0545701531961,-44.5937298102,-31.0076384085,-0.0522302824906,-31.059868691,-21.2802298919,-0.439656290182,-21.7198861821
39.32,-40,0,-40,-44.5285238864,-0.0544447319606,-44.5829686183,-31.0073066042,-0.0522348216223,-31.0595414258,-21.2688209229,-0.438859823275,-21.7076807462
39.36,-40,0,-40,-44.5179340081,-0.054318572816,-44.5722525809,-31.0069937653,-0.0522391016189,-31.0592328669,-21.2574747179,-0.438057899331,-21.6955326172
39.4,-40,0,-40,-44.5073899995,-0.0541916785282,-44.5615816781,-31.0066998908,-0.0522431224372,-31.0589430132,-21.2461911598,-0.437250538358,-21.6834416982
39.44,-40,0,-40,-44.4968918375,-0.0540640518821,-44.5509558894,-31.0064249798,-0.0522468840369,-31.0586718639,-21.2349701319,-0.436437760523,-21.6714078924
39.48,-40,0,-40,-44.4864394987,-0.0539356956808,-44.5403751944,-31.0061690317,-0.0522503863802,-31.0584194181,-21.2238115177,-0.435619586147,-21.6594311038
39.52,-40,0,-40,-44.4760329595,-0.0538066127459,-44.5298395722,-31.0059320457,-0.0522536294319,-31.0581856751,-21.2127152007,-0.434796035706,-21.6475112364
39.56,-40,0,-40,-44.4656721959,-0.0536768059174,-44.5193490019,-31.005714021,-0.0522566131594,-31.0579706342,-21.2016810651,-0.43396712983,-21.6356481949
39.6,-40,0,-40,-44.4553571839,-0.0535462780534,-44.508903462,-31.0055149571,-0.0522593375328,-31.0577742946,-21.1907089949,-0.433132889302,-21.6238418842
39.64,-40,0,-40,-44.445087899,-0.0534150320302,-44.4985029311,-31.0053348534,-0.0522618025245,-31.0575966559,-21.1797988746,-0.432293335056,-21.6120922096
39.68,-40,0,-40,-44.4348643166,-0.0532830707422,-44.4881473874,-31.0051737093,-0.05226400811,-31.0574377174,-21.1689505887,-0.431448488178,-21.6003990769
39.72,-40,0,-40,-44.4246864117,-0.0531503971016,-44.4778368088,-31.0050315245,-0.0522659542669,-31.0572974787,-21.1581640223,-0.430598369903,-21.5887623922
39.76,-40,0,-40,-44.4145541592,-0.0530170140385,-44.4675711733,-31.0049082984,-0.0522676409758,-31.0571759394,-21.1474390603,-0.429743001615,-21.5771820619
39.8,-40,0,-40,-44.4044675338,-0.0528829245007,-44.4573504583,-31.0048040309,-0.0522690682198,-31.0570730991,-21.1367755883,-0.428882404848,-21.5656579931
39.84,-40,0,-40,-44.3944265097,-0.0527481314537,-44.4471746411,-31.0047187214,-0.0522702359843,-31.0569889574,-21.1261734917,-0.42801660128,-21.5541900929
39.88,-40,0,-40,-44.3844310611,-0.0526126378806,-44.437043699,-31.0046523699,-0.0522711442579,-31.0569235141,-21.1156326564,-0.427145612737,-21.5427782691
39.92,-40,0,-40,-44.374481162,-0.0524764467817,-44.4269576088,-31.0046049761,-0.0522717930312,-31.0568767691,-21.1051529685,-0.42626946119,-21.5314224297
39.96,-40,0,-40,-44.3645767861,-0.052339561175,-44.4169163473,-31.0045765398,-0.0522721822978,-31.0568487221,-21.0947343143,-0.425388168754,-21.5201224831
40,-40,0,-40,-44.3547179068,-0.0522019840956,-44.4069198909,-31.0045670611,-0.0522723120537,-31.0568393732,-21.0843765805,-0.424501757687,-21.5088783382
