stageName,frequencyHz,sourceChain,destinationChain,magnitudeDb,phaseDegrees
pre-PA,-10000000.0,0,0,0.0,0.0
pre-PA,-10000000.0,1,0,-20.24077566297519,-10.04058884793264
pre-PA,-10000000.0,0,1,-13.308178053776986,140.8390976438749
pre-PA,-10000000.0,1,1,0.0,0.0
pre-PA,-9960937.5,0,0,0.0,0.0
pre-PA,-9960937.5,1,0,-20.24001898891404,-10.146464279504736
pre-PA,-9960937.5,0,1,-13.30240646941206,140.40916556067464
pre-PA,-9960937.5,1,1,0.0,0.0
pre-PA,-9921875.0,0,0,0.0,0.0
pre-PA,-9921875.0,1,0,-20.239252837834304,-10.25222004973938
pre-PA,-9921875.0,0,1,-13.296665388919674,139.97916862868877
pre-PA,-9921875.0,1,1,0.0,0.0
pre-PA,-9882812.5,0,0,0.0,0.0
pre-PA,-9882812.5,1,0,-20.238477149751155,-10.35785697627304
pre-PA,-9882812.5,0,1,-13.29095480860258,139.54910723882693
pre-PA,-9882812.5,1,1,0.0,0.0
pre-PA,-9843750.0,0,0,0.0,0.0
pre-PA,-9843750.0,1,0,-20.237691865106044,-10.463375879382868
pre-PA,-9843750.0,0,1,-13.28527472476024,139.11898178122857
pre-PA,-9843750.0,1,1,0.0,0.0
pre-PA,-9804687.5,0,0,0.0,0.0
pre-PA,-9804687.5,1,0,-20.236896924770992,-10.568777581969794
pre-PA,-9804687.5,0,1,-13.279625133689253,138.68879264526768
pre-PA,-9804687.5,1,1,0.0,0.0
pre-PA,-9765625.0,0,0,0.0,0.0
pre-PA,-9765625.0,1,0,-20.23609227005292,-10.674062909541458
pre-PA,-9765625.0,0,1,-13.27400603168368,138.25854021955757
pre-PA,-9765625.0,1,1,0.0,0.0
pre-PA,-9726562.5,0,0,0.0,0.0
pre-PA,-9726562.5,1,0,-20.235277842697915,-10.77923269019473
pre-PA,-9726562.5,0,1,-13.268417415035437,137.8282248919557
pre-PA,-9726562.5,1,1,0.0,0.0
pre-PA,-9687500.0,0,0,0.0,0.0
pre-PA,-9687500.0,1,0,-20.234453584895498,-10.884287754598182
pre-PA,-9687500.0,0,1,-13.262859280034647,137.39784704956827
pre-PA,-9687500.0,1,1,0.0,0.0
pre-PA,-9648437.5,0,0,0.0,0.0
pre-PA,-9648437.5,1,0,-20.233619439282865,-10.989228935973953
pre-PA,-9648437.5,0,1,-13.257331622970003,136.96740707875512
pre-PA,-9648437.5,1,1,0.0,0.0
pre-PA,-9609375.0,0,0,0.0,0.0
pre-PA,-9609375.0,1,0,-20.232775348949122,-11.094057070079733
pre-PA,-9609375.0,0,1,-13.251834440129125,136.53690536513432
pre-PA,-9609375.0,1,1,0.0,0.0
pre-PA,-9570312.5,0,0,0.0,0.0
pre-PA,-9570312.5,1,0,-20.231921257439428,-11.198772995190104
pre-PA,-9570312.5,0,1,-13.246367727798901,136.106342293587
pre-PA,-9570312.5,1,1,0.0,0.0
pre-PA,-9531250.0,0,0,0.0,0.0
pre-PA,-9531250.0,1,0,-20.231057108759227,-11.303377552077933
pre-PA,-9531250.0,0,1,-13.240931482265859,135.6757182482619
pre-PA,-9531250.0,1,1,0.0,0.0
pre-PA,-9492187.5,0,0,0.0,0.0
pre-PA,-9492187.5,1,0,-20.230182847378355,-11.407871583995206
pre-PA,-9492187.5,0,1,-13.235525699816492,135.2450336125802
pre-PA,-9492187.5,1,1,0.0,0.0
pre-PA,-9453125.0,0,0,0.0,0.0
pre-PA,-9453125.0,1,0,-20.229298418235192,-11.512255936653878
pre-PA,-9453125.0,0,1,-13.230150376737617,134.81428876924014
pre-PA,-9453125.0,1,1,0.0,0.0
pre-PA,-9414062.5,0,0,0.0,0.0
pre-PA,-9414062.5,1,0,-20.228403766740733,-11.61653145820618
pre-PA,-9414062.5,0,1,-13.224805509316704,134.38348410022178
pre-PA,-9414062.5,1,1,0.0,0.0
pre-PA,-9375000.0,0,0,0.0,0.0
pre-PA,-9375000.0,1,0,-20.227498838782658,-11.72069899922495
pre-PA,-9375000.0,0,1,-13.219491093842215,133.9526199867914
pre-PA,-9375000.0,1,1,0.0,0.0
pre-PA,-9335937.5,0,0,0.0,0.0
pre-PA,-9335937.5,1,0,-20.226583580729415,-11.824759412683369
pre-PA,-9335937.5,0,1,-13.214207126603945,133.52169680950647
pre-PA,-9335937.5,1,1,0.0,0.0
pre-PA,-9296875.0,0,0,0.0,0.0
pre-PA,-9296875.0,1,0,-20.225657939434196,-11.928713553934783
pre-PA,-9296875.0,0,1,-13.208953603893347,133.09071494822007
pre-PA,-9296875.0,1,1,0.0,0.0
pre-PA,-9257812.5,0,0,0.0,0.0
pre-PA,-9257812.5,1,0,-20.224721862238958,-12.032562280691957
pre-PA,-9257812.5,0,1,-13.203730522003859,132.65967478208566
pre-PA,-9257812.5,1,1,0.0,0.0
pre-PA,-9218750.0,0,0,0.0,0.0
pre-PA,-9218750.0,1,0,-20.223775296978385,-12.136306453006307
pre-PA,-9218750.0,0,1,-13.198537877231225,132.22857668956155
pre-PA,-9218750.0,1,1,0.0,0.0
pre-PA,-9179687.5,0,0,0.0,0.0
pre-PA,-9179687.5,1,0,-20.2228181919838,-12.239946933246683
pre-PA,-9179687.5,0,1,-13.193375665873832,131.7974210484156
pre-PA,-9179687.5,1,1,0.0,0.0
pre-PA,-9140625.0,0,0,0.0,0.0
pre-PA,-9140625.0,1,0,-20.221850496087118,-12.34348458607804
pre-PA,-9140625.0,0,1,-13.188243884233009,131.36620823572983
pre-PA,-9140625.0,1,1,0.0,0.0
pre-PA,-9101562.5,0,0,0.0,0.0
pre-PA,-9101562.5,1,0,-20.22087215862468,-12.446920278439755
pre-PA,-9101562.5,0,1,-13.183142528613356,130.93493862790498
pre-PA,-9101562.5,1,1,0.0,0.0
pre-PA,-9062500.0,0,0,0.0,0.0
pre-PA,-9062500.0,1,0,-20.219883129441136,-12.550254879523806
pre-PA,-9062500.0,0,1,-13.178071595323047,130.50361260066506
pre-PA,-9062500.0,1,1,0.0,0.0
pre-PA,-9023437.5,0,0,0.0,0.0
pre-PA,-9023437.5,1,0,-20.218883358893255,-12.653489260752496
pre-PA,-9023437.5,0,1,-13.173031080674146,130.07223052906195
pre-PA,-9023437.5,1,1,0.0,0.0
pre-PA,-8984375.0,0,0,0.0,0.0
pre-PA,-8984375.0,1,0,-20.217872797853715,-12.756624295756177
pre-PA,-8984375.0,0,1,-13.168020980982915,129.6407927874799
pre-PA,-8984375.0,1,1,0.0,0.0
pre-PA,-8945312.5,0,0,0.0,0.0
pre-PA,-8945312.5,1,0,-20.216851397714866,-12.859660860350488
pre-PA,-8945312.5,0,1,-13.16304129257011,129.20929974964028
pre-PA,-8945312.5,1,1,0.0,0.0
pre-PA,-8906250.0,0,0,0.0,0.0
pre-PA,-8906250.0,1,0,-20.215819110392452,-12.962599832513574
pre-PA,-8906250.0,0,1,-13.15809201176129,128.7777517886057
pre-PA,-8906250.0,1,1,0.0,0.0
pre-PA,-8867187.5,0,0,0.0,0.0
pre-PA,-8867187.5,1,0,-20.214775888329328,-13.065442092362797
pre-PA,-8867187.5,0,1,-13.153173134887108,128.346149276785
pre-PA,-8867187.5,1,1,0.0,0.0
pre-PA,-8828125.0,0,0,0.0,0.0
pre-PA,-8828125.0,1,0,-20.213721684499085,-13.168188522131482
pre-PA,-8828125.0,0,1,-13.14828465828361,127.91449258593752
pre-PA,-8828125.0,1,1,0.0,0.0
pre-PA,-8789062.5,0,0,0.0,0.0
pre-PA,-8789062.5,1,0,-20.21265645240973,-13.270840006145193
pre-PA,-8789062.5,0,1,-13.143426578292525,127.48278208717757
pre-PA,-8789062.5,1,1,0.0,0.0
pre-PA,-8750000.0,0,0,0.0,0.0
pre-PA,-8750000.0,1,0,-20.21158014610725,-13.373397430797905
pre-PA,-8750000.0,0,1,-13.138598891261557,127.05101815097909
pre-PA,-8750000.0,1,1,0.0,0.0
pre-PA,-8710937.5,0,0,0.0,0.0
pre-PA,-8710937.5,1,0,-20.210492720179197,-13.475861684527857
pre-PA,-8710937.5,0,1,-13.13380159354467,126.61920114718
pre-PA,-8710937.5,1,1,0.0,0.0
pre-PA,-8671875.0,0,0,0.0,0.0
pre-PA,-8671875.0,1,0,-20.209394129758223,-13.578233657793248
pre-PA,-8671875.0,0,1,-13.129034681502374,126.18733144498674
pre-PA,-8671875.0,1,1,0.0,0.0
pre-PA,-8632812.5,0,0,0.0,0.0
pre-PA,-8632812.5,1,0,-20.208284330525554,-13.680514243047591
pre-PA,-8632812.5,0,1,-13.124298151501998,125.75540941297876
pre-PA,-8632812.5,1,1,0.0,0.0
pre-PA,-8593750.0,0,0,0.0,0.0
pre-PA,-8593750.0,1,0,-20.207163278714468,-13.782704334714959
pre-PA,-8593750.0,0,1,-13.119591999917983,125.3234354191129
pre-PA,-8593750.0,1,1,0.0,0.0
pre-PA,-8554687.5,0,0,0.0,0.0
pre-PA,-8554687.5,1,0,-20.20603093111373,-13.884804829164894
pre-PA,-8554687.5,0,1,-13.114916223132143,124.8914098307279
pre-PA,-8554687.5,1,1,0.0,0.0
pre-PA,-8515625.0,0,0,0.0,0.0
pre-PA,-8515625.0,1,0,-20.20488724507098,-13.986816624687107
pre-PA,-8515625.0,0,1,-13.11027081753394,124.4593330145488
pre-PA,-8515625.0,1,1,0.0,0.0
pre-PA,-8476562.5,0,0,0.0,0.0
pre-PA,-8476562.5,1,0,-20.20373217849608,-14.088740621466037
pre-PA,-8476562.5,0,1,-13.105655779520768,124.02720533669144
pre-PA,-8476562.5,1,1,0.0,0.0
pre-PA,-8437500.0,0,0,0.0,0.0
pre-PA,-8437500.0,1,0,-20.20256568986443,-14.190577721555128
pre-PA,-8437500.0,0,1,-13.101071105498205,123.5950271626668
pre-PA,-8437500.0,1,1,0.0,0.0
pre-PA,-8398437.5,0,0,0.0,0.0
pre-PA,-8398437.5,1,0,-20.201387738220262,-14.292328828850764
pre-PA,-8398437.5,0,1,-13.096516791880283,123.16279885738545
pre-PA,-8398437.5,1,1,0.0,0.0
pre-PA,-8359375.0,0,0,0.0,0.0
pre-PA,-8359375.0,1,0,-20.200198283179894,-14.393994849066244
pre-PA,-8359375.0,0,1,-13.09199283508975,122.73052078516193
pre-PA,-8359375.0,1,1,0.0,0.0
pre-PA,-8320312.5,0,0,0.0,0.0
pre-PA,-8320312.5,1,0,-20.198997284934915,-14.495576689705285
pre-PA,-8320312.5,0,1,-13.087499231558335,122.2981933097192
pre-PA,-8320312.5,1,1,0.0,0.0
pre-PA,-8281250.0,0,0,0.0,0.0
pre-PA,-8281250.0,1,0,-20.19778470425536,-14.597075260035506
pre-PA,-8281250.0,0,1,-13.08303597772699,121.8658167941929
pre-PA,-8281250.0,1,1,0.0,0.0
pre-PA,-8242187.5,0,0,0.0,0.0
pre-PA,-8242187.5,1,0,-20.196560502492854,-14.698491471061518
pre-PA,-8242187.5,0,1,-13.078603070046169,121.43339160113591
pre-PA,-8242187.5,1,1,0.0,0.0
pre-PA,-8203125.0,0,0,0.0,0.0
pre-PA,-8203125.0,1,0,-20.195324641583685,-14.799826235498001
pre-PA,-8203125.0,0,1,-13.074200504976051,121.00091809252257
pre-PA,-8203125.0,1,1,0.0,0.0
pre-PA,-8164062.5,0,0,0.0,0.0
pre-PA,-8164062.5,1,0,-20.194077084051855,-14.90108046774235
pre-PA,-8164062.5,0,1,-13.069828278986824,120.56839662975301
pre-PA,-8164062.5,1,1,0.0,0.0
pre-PA,-8125000.0,0,0,0.0,0.0
pre-PA,-8125000.0,1,0,-20.192817793012125,-15.002255083847375
pre-PA,-8125000.0,0,1,-13.065486388558885,120.13582757365769
pre-PA,-8125000.0,1,1,0.0,0.0
pre-PA,-8085937.5,0,0,0.0,0.0
pre-PA,-8085937.5,1,0,-20.19154673217293,-15.103351001493548
pre-PA,-8085937.5,0,1,-13.061174830183136,119.70321128450152
pre-PA,-8085937.5,1,1,0.0,0.0
pre-PA,-8046875.0,0,0,0.0,0.0
pre-PA,-8046875.0,1,0,-20.19026386583937,-15.204369139961225
pre-PA,-8046875.0,0,1,-13.056893600361182,119.27054812198828
pre-PA,-8046875.0,1,1,0.0,0.0
pre-PA,-8007812.5,0,0,0.0,0.0
pre-PA,-8007812.5,1,0,-20.188969158916066,-15.305310420102566
pre-PA,-8007812.5,0,1,-13.052642695605606,118.83783844526508
pre-PA,-8007812.5,1,1,0.0,0.0
pre-PA,-7968750.0,0,0,0.0,0.0
pre-PA,-7968750.0,1,0,-20.187662576910004,-15.406175764313375
pre-PA,-7968750.0,0,1,-13.048422112440175,118.40508261292632
pre-PA,-7968750.0,1,1,0.0,0.0
pre-PA,-7929687.5,0,0,0.0,0.0
pre-PA,-7929687.5,1,0,-20.186344085933356,-15.506966096504533
pre-PA,-7929687.5,0,1,-13.044231847400098,117.97228098301838
pre-PA,-7929687.5,1,1,0.0,0.0
pre-PA,-7890625.0,0,0,0.0,0.0
pre-PA,-7890625.0,1,0,-20.185013652706246,-15.60768234207357
pre-PA,-7890625.0,0,1,-13.040071897032249,117.53943391304371
pre-PA,-7890625.0,1,1,0.0,0.0
pre-PA,-7851562.5,0,0,0.0,0.0
pre-PA,-7851562.5,1,0,-20.183671244559463,-15.708325427875668
pre-PA,-7851562.5,0,1,-13.035942257895393,117.1065417599651
pre-PA,-7851562.5,1,1,0.0,0.0
pre-PA,-7812500.0,0,0,0.0,0.0
pre-PA,-7812500.0,1,0,-20.182316829437163,-15.808896282194894
pre-PA,-7812500.0,0,1,-13.031842926560412,116.67360488021005
pre-PA,-7812500.0,1,1,0.0,0.0
pre-PA,-7773437.5,0,0,0.0,0.0
pre-PA,-7773437.5,1,0,-20.18095037589946,-15.909395834714823
pre-PA,-7773437.5,0,1,-13.027773899610542,116.24062362967499
pre-PA,-7773437.5,1,1,0.0,0.0
pre-PA,-7734375.0,0,0,0.0,0.0
pre-PA,-7734375.0,1,0,-20.17957185312507,-16.009825016489366
pre-PA,-7734375.0,0,1,-13.02373517364159,115.80759836372955
pre-PA,-7734375.0,1,1,0.0,0.0
pre-PA,-7695312.5,0,0,0.0,0.0
pre-PA,-7695312.5,1,0,-20.17818123091381,-16.1101847599131
pre-PA,-7695312.5,0,1,-13.019726745262147,115.37452943722081
pre-PA,-7695312.5,1,1,0.0,0.0
pre-PA,-7656250.0,0,0,0.0,0.0
pre-PA,-7656250.0,1,0,-20.176778479689172,-16.21047599869177
pre-PA,-7656250.0,0,1,-13.015748611093812,114.94141720447756
pre-PA,-7656250.0,1,1,0.0,0.0
pre-PA,-7617187.5,0,0,0.0,0.0
pre-PA,-7617187.5,1,0,-20.1753635705007,-16.31069966781223
pre-PA,-7617187.5,0,1,-13.011800767771406,114.5082620193145
pre-PA,-7617187.5,1,1,0.0,0.0
pre-PA,-7578125.0,0,0,0.0,0.0
pre-PA,-7578125.0,1,0,-20.17393647502647,-16.410856703512536
pre-PA,-7578125.0,0,1,-13.007883211943192,114.07506423503652
pre-PA,-7578125.0,1,1,0.0,0.0
pre-PA,-7539062.5,0,0,0.0,0.0
pre-PA,-7539062.5,1,0,-20.17249716557542,-16.510948043251776
pre-PA,-7539062.5,0,1,-13.003995940271071,113.64182420444284
pre-PA,-7539062.5,1,1,0.0,0.0
pre-PA,-7500000.0,0,0,0.0,0.0
pre-PA,-7500000.0,1,0,-20.171045615089717,-16.610974625679663
pre-PA,-7500000.0,0,1,-13.000138949430804,113.20854227983133
pre-PA,-7500000.0,1,1,0.0,0.0
pre-PA,-7460937.5,0,0,0.0,0.0
pre-PA,-7460937.5,1,0,-20.169581797146975,-16.710937390606055
pre-PA,-7460937.5,0,1,-12.99631223611221,112.77521881300264
pre-PA,-7460937.5,1,1,0.0,0.0
pre-PA,-7421875.0,0,0,0.0,0.0
pre-PA,-7421875.0,1,0,-20.168105685962555,-16.810837278970315
pre-PA,-7421875.0,0,1,-12.992515797019381,112.34185415526439
pre-PA,-7421875.0,1,1,0.0,0.0
pre-PA,-7382812.5,0,0,0.0,0.0
pre-PA,-7382812.5,1,0,-20.166617256391696,-16.910675232810497
pre-PA,-7382812.5,0,1,-12.988749628870874,111.90844865743537
pre-PA,-7382812.5,1,1,0.0,0.0
pre-PA,-7343750.0,0,0,0.0,0.0
pre-PA,-7343750.0,1,0,-20.165116483931698,-17.010452195232407
pre-PA,-7343750.0,0,1,-12.985013728399913,111.47500266984979
pre-PA,-7343750.0,1,1,0.0,0.0
pre-PA,-7304687.5,0,0,0.0,0.0
pre-PA,-7304687.5,1,0,-20.163603344723974,-17.110169110378482
pre-PA,-7304687.5,0,1,-12.981308092354576,111.04151654236131
pre-PA,-7304687.5,1,1,0.0,0.0
pre-PA,-7265625.0,0,0,0.0,0.0
pre-PA,-7265625.0,1,0,-20.162077815556145,-17.209826923396594
pre-PA,-7265625.0,0,1,-12.97763271749802,110.60799062434734
pre-PA,-7265625.0,1,1,0.0,0.0
pre-PA,-7226562.5,0,0,0.0,0.0
pre-PA,-7226562.5,1,0,-20.160539873863982,-17.309426580408637
pre-PA,-7226562.5,0,1,-12.973987600608648,110.17442526471314
pre-PA,-7226562.5,1,1,0.0,0.0
pre-PA,-7187500.0,0,0,0.0,0.0
pre-PA,-7187500.0,1,0,-20.15898949773341,-17.408969028479063
pre-PA,-7187500.0,0,1,-12.970372738480302,109.74082081189593
pre-PA,-7187500.0,1,1,0.0,0.0
pre-PA,-7148437.5,0,0,0.0,0.0
pre-PA,-7148437.5,1,0,-20.157426665902353,-17.50845521558322
pre-PA,-7148437.5,0,1,-12.966788127922463,109.30717761386916
pre-PA,-7148437.5,1,1,0.0,0.0
pre-PA,-7109375.0,0,0,0.0,0.0
pre-PA,-7109375.0,1,0,-20.155851357762646,-17.60788609057561
pre-PA,-7109375.0,0,1,-12.963233765760428,108.87349601814641
pre-PA,-7109375.0,1,1,0.0,0.0
pre-PA,-7070312.5,0,0,0.0,0.0
pre-PA,-7070312.5,1,0,-20.15426355336181,-17.707262603157993
pre-PA,-7070312.5,0,1,-12.959709648835505,108.43977637178584
pre-PA,-7070312.5,1,1,0.0,0.0
pre-PA,-7031250.0,0,0,0.0,0.0
pre-PA,-7031250.0,1,0,-20.15266323340481,-17.806585703847414
pre-PA,-7031250.0,0,1,-12.956215774005177,108.00601902139398
pre-PA,-7031250.0,1,1,0.0,0.0
pre-PA,-6992187.5,0,0,0.0,0.0
pre-PA,-6992187.5,1,0,-20.151050379255764,-17.905856343943988
pre-PA,-6992187.5,0,1,-12.95275213814331,107.57222431313009
pre-PA,-6992187.5,1,1,0.0,0.0
pre-PA,-6953125.0,0,0,0.0,0.0
pre-PA,-6953125.0,1,0,-20.149424972939613,-18.005075475498824
pre-PA,-6953125.0,0,1,-12.9493187381403,107.1383925927101
pre-PA,-6953125.0,1,1,0.0,0.0
pre-PA,-6914062.5,0,0,0.0,0.0
pre-PA,-6914062.5,1,0,-20.147786997143697,-18.104244051281505
pre-PA,-6914062.5,0,1,-12.945915570903272,106.70452420541088
pre-PA,-6914062.5,1,1,0.0,0.0
pre-PA,-6875000.0,0,0,0.0,0.0
pre-PA,-6875000.0,1,0,-20.146136435219375,-18.203363024747823
pre-PA,-6875000.0,0,1,-12.94254263335625,106.27061949607409
pre-PA,-6875000.0,1,1,0.0,0.0
pre-PA,-6835937.5,0,0,0.0,0.0
pre-PA,-6835937.5,1,0,-20.14447327118347,-18.30243335000706
pre-PA,-6835937.5,0,1,-12.939199922440318,105.83667880911048
pre-PA,-6835937.5,1,1,0.0,0.0
pre-PA,-6796875.0,0,0,0.0,0.0
pre-PA,-6796875.0,1,0,-20.14279748971977,-18.40145598178948
pre-PA,-6796875.0,0,1,-12.935887435113802,105.40270248850386
pre-PA,-6796875.0,1,1,0.0,0.0
pre-PA,-6757812.5,0,0,0.0,0.0
pre-PA,-6757812.5,1,0,-20.14110907618042,-18.500431875413465
pre-PA,-6757812.5,0,1,-12.932605168352435,104.96869087781525
pre-PA,-6757812.5,1,1,0.0,0.0
pre-PA,-6718750.0,0,0,0.0,0.0
pre-PA,-6718750.0,1,0,-20.1394080165873,-18.599361986752804
pre-PA,-6718750.0,0,1,-12.929353119149516,104.5346443201868
pre-PA,-6718750.0,1,1,0.0,0.0
pre-PA,-6679687.5,0,0,0.0,0.0
pre-PA,-6679687.5,1,0,-20.13769429763329,-18.698247272203663
pre-PA,-6679687.5,0,1,-12.926131284516087,104.10056315834596
pre-PA,-6679687.5,1,1,0.0,0.0
pre-PA,-6640625.0,0,0,0.0,0.0
pre-PA,-6640625.0,1,0,-20.135967906683586,-18.797088688651638
pre-PA,-6640625.0,0,1,-12.922939661481083,103.66644773460953
pre-PA,-6640625.0,1,1,0.0,0.0
pre-PA,-6601562.5,0,0,0.0,0.0
pre-PA,-6601562.5,1,0,-20.134228831776866,-18.89588719343861
pre-PA,-6601562.5,0,1,-12.9197782470915,103.23229839088765
pre-PA,-6601562.5,1,1,0.0,0.0
pre-PA,-6562500.0,0,0,0.0,0.0
pre-PA,-6562500.0,1,0,-20.132477061626467,-18.99464374432973
pre-PA,-6562500.0,0,1,-12.916647038412542,102.79811546868783
pre-PA,-6562500.0,1,1,0.0,0.0
pre-PA,-6523437.5,0,0,0.0,0.0
pre-PA,-6523437.5,1,0,-20.130712585621474,-19.093359299479985
pre-PA,-6523437.5,0,1,-12.913546032527798,102.36389930911903
pre-PA,-6523437.5,1,1,0.0,0.0
pre-PA,-6484375.0,0,0,0.0,0.0
pre-PA,-6484375.0,1,0,-20.128935393827785,-19.192034817401048
pre-PA,-6484375.0,0,1,-12.910475226539372,101.92965025289564
pre-PA,-6484375.0,1,1,0.0,0.0
pre-PA,-6445312.5,0,0,0.0,0.0
pre-PA,-6445312.5,1,0,-20.127145476989106,-19.290671256927798
pre-PA,-6445312.5,0,1,-12.907434617568054,101.49536864034157
pre-PA,-6445312.5,1,1,0.0,0.0
pre-PA,-6406250.0,0,0,0.0,0.0
pre-PA,-6406250.0,1,0,-20.125342826527913,-19.38926957718502
pre-PA,-6406250.0,0,1,-12.904424202753454,101.06105481139407
pre-PA,-6406250.0,1,1,0.0,0.0
pre-PA,-6367187.5,0,0,0.0,0.0
pre-PA,-6367187.5,1,0,-20.123527434546332,-19.48783073755375
pre-PA,-6367187.5,0,1,-12.901443979254164,100.62670910560799
pre-PA,-6367187.5,1,1,0.0,0.0
pre-PA,-6328125.0,0,0,0.0,0.0
pre-PA,-6328125.0,1,0,-20.121699293827007,-19.586355697637863
pre-PA,-6328125.0,0,1,-12.8984939442479,100.19233186215955
pre-PA,-6328125.0,1,1,0.0,0.0
pre-PA,-6289062.5,0,0,0.0,0.0
pre-PA,-6289062.5,1,0,-20.119858397833884,-19.68484541723045
pre-PA,-6289062.5,0,1,-12.895574094931648,99.75792341985048
pre-PA,-6289062.5,1,1,0.0,0.0
pre-PA,-6250000.0,0,0,0.0,0.0
pre-PA,-6250000.0,1,0,-20.11800474071294,-19.783300856280125
pre-PA,-6250000.0,0,1,-12.892684428521797,99.32348411711196
pre-PA,-6250000.0,1,1,0.0,0.0
pre-PA,-6210937.5,0,0,0.0,0.0
pre-PA,-6210937.5,1,0,-20.11613831729292,-19.881722974857407
pre-PA,-6210937.5,0,1,-12.889824942254297,98.88901429200854
pre-PA,-6210937.5,1,1,0.0,0.0
pre-PA,-6171875.0,0,0,0.0,0.0
pre-PA,-6171875.0,1,0,-20.114259123085915,-19.980112733120983
pre-PA,-6171875.0,0,1,-12.886995633384782,98.45451428224213
pre-PA,-6171875.0,1,1,0.0,0.0
pre-PA,-6132812.5,0,0,0.0,0.0
pre-PA,-6132812.5,1,0,-20.112367154288002,-20.078471091283923
pre-PA,-6132812.5,0,1,-12.884196499188715,98.0199844251561
pre-PA,-6132812.5,1,1,0.0,0.0
pre-PA,-6093750.0,0,0,0.0,0.0
pre-PA,-6093750.0,1,0,-20.11046240777974,-20.176799009579927
pre-PA,-6093750.0,0,1,-12.881427536961516,97.58542505773899
pre-PA,-6093750.0,1,1,0.0,0.0
pre-PA,-6054687.5,0,0,0.0,0.0
pre-PA,-6054687.5,1,0,-20.108544881126683,-20.27509744822948
pre-PA,-6054687.5,0,1,-12.87868874401872,97.15083651662874
pre-PA,-6054687.5,1,1,0.0,0.0
pre-PA,-6015625.0,0,0,0.0,0.0
pre-PA,-6015625.0,1,0,-20.106614572579783,-20.37336736740604
pre-PA,-6015625.0,0,1,-12.875980117696068,96.71621913811637
pre-PA,-6015625.0,1,1,0.0,0.0
pre-PA,-5976562.5,0,0,0.0,0.0
pre-PA,-5976562.5,1,0,-20.1046714810758,-20.471609727202175
pre-PA,-5976562.5,0,1,-12.873301655349671,96.28157325815017
pre-PA,-5976562.5,1,1,0.0,0.0
pre-PA,-5937500.0,0,0,0.0,0.0
pre-PA,-5937500.0,1,0,-20.102715606237595,-20.569825487595704
pre-PA,-5937500.0,0,1,-12.870653354356126,95.84689921233941
pre-PA,-5937500.0,1,1,0.0,0.0
pre-PA,-5898437.5,0,0,0.0,0.0
pre-PA,-5898437.5,1,0,-20.100746948374393,-20.66801560841574
pre-PA,-5898437.5,0,1,-12.868035212112632,95.41219733595844
pre-PA,-5898437.5,1,1,0.0,0.0
pre-PA,-5859375.0,0,0,0.0,0.0
pre-PA,-5859375.0,1,0,-20.09876550848208,-20.766181049308912
pre-PA,-5859375.0,0,1,-12.865447226037134,94.97746796395049
pre-PA,-5859375.0,1,1,0.0,0.0
pre-PA,-5820312.5,0,0,0.0,0.0
pre-PA,-5820312.5,1,0,-20.09677128824326,-20.864322769705375
pre-PA,-5820312.5,0,1,-12.862889393568436,94.54271143093175
pre-PA,-5820312.5,1,1,0.0,0.0
pre-PA,-5781250.0,0,0,0.0,0.0
pre-PA,-5781250.0,1,0,-20.094764290027477,-20.96244172878499
pre-PA,-5781250.0,0,1,-12.860361712166313,94.10792807119503
pre-PA,-5781250.0,1,1,0.0,0.0
pre-PA,-5742187.5,0,0,0.0,0.0
pre-PA,-5742187.5,1,0,-20.09274451689119,-21.06053888544331
pre-PA,-5742187.5,0,1,-12.857864179311644,93.67311821871395
pre-PA,-5742187.5,1,1,0.0,0.0
pre-PA,-5703125.0,0,0,0.0,0.0
pre-PA,-5703125.0,1,0,-20.09071197257784,-21.158615198257856
pre-PA,-5703125.0,0,1,-12.85539679250653,93.23828220714661
pre-PA,-5703125.0,1,1,0.0,0.0
pre-PA,-5664062.5,0,0,0.0,0.0
pre-PA,-5664062.5,1,0,-20.088666661517788,-21.256671625454068
pre-PA,-5664062.5,0,1,-12.852959549274395,92.80342036983969
pre-PA,-5664062.5,1,1,0.0,0.0
pre-PA,-5625000.0,0,0,0.0,0.0
pre-PA,-5625000.0,1,0,-20.086608588828227,-21.35470912487164
pre-PA,-5625000.0,0,1,-12.85055244716011,92.3685330398321
pre-PA,-5625000.0,1,1,0.0,0.0
pre-PA,-5585937.5,0,0,0.0,0.0
pre-PA,-5585937.5,1,0,-20.08453776031302,-21.452728653930485
pre-PA,-5585937.5,0,1,-12.84817548373011,91.93362054985911
pre-PA,-5585937.5,1,1,0.0,0.0
pre-PA,-5546875.0,0,0,0.0,0.0
pre-PA,-5546875.0,1,0,-20.082454182462527,-21.55073116959707
pre-PA,-5546875.0,0,1,-12.84582865657249,91.49868323235607
pre-PA,-5546875.0,1,1,0.0,0.0
pre-PA,-5507812.5,0,0,0.0,0.0
pre-PA,-5507812.5,1,0,-20.080357862453333,-21.64871762835056
pre-PA,-5507812.5,0,1,-12.843511963297125,91.06372141946237
pre-PA,-5507812.5,1,1,0.0,0.0
pre-PA,-5468750.0,0,0,0.0,0.0
pre-PA,-5468750.0,1,0,-20.078248808147954,-21.746688986149035
pre-PA,-5468750.0,0,1,-12.841225401535773,90.62873544302522
pre-PA,-5468750.0,1,1,0.0,0.0
pre-PA,-5429687.5,0,0,0.0,0.0
pre-PA,-5429687.5,1,0,-20.07612702809448,-21.844646198395804
pre-PA,-5429687.5,0,1,-12.83896896894219,90.19372563460364
pre-PA,-5429687.5,1,1,0.0,0.0
pre-PA,-5390625.0,0,0,0.0,0.0
pre-PA,-5390625.0,1,0,-20.073992531526173,-21.942590219905714
pre-PA,-5390625.0,0,1,-12.836742663192208,89.75869232547218
pre-PA,-5390625.0,1,1,0.0,0.0
pre-PA,-5351562.5,0,0,0.0,0.0
pre-PA,-5351562.5,1,0,-20.07184532836099,-22.0405220048715
pre-PA,-5351562.5,0,1,-12.834546481983871,89.32363584662492
pre-PA,-5351562.5,1,1,0.0,0.0
pre-PA,-5312500.0,0,0,0.0,0.0
pre-PA,-5312500.0,1,0,-20.069685429201098,-22.138442506830213
pre-PA,-5312500.0,0,1,-12.832380423037499,88.88855652877922
pre-PA,-5312500.0,1,1,0.0,0.0
pre-PA,-5273437.5,0,0,0.0,0.0
pre-PA,-5273437.5,1,0,-20.06751284533229,-22.236352678629604
pre-PA,-5273437.5,0,1,-12.830244484095827,88.45345470237959
pre-PA,-5273437.5,1,1,0.0,0.0
pre-PA,-5234375.0,0,0,0.0,0.0
pre-PA,-5234375.0,1,0,-20.06532758872339,-22.3342534723947
pre-PA,-5234375.0,0,1,-12.82813866292406,88.0183306976015
pre-PA,-5234375.0,1,1,0.0,0.0
pre-PA,-5195312.5,0,0,0.0,0.0
pre-PA,-5195312.5,1,0,-20.06312967202558,-22.432145839494318
pre-PA,-5195312.5,0,1,-12.826062957310004,87.58318484435533
pre-PA,-5195312.5,1,1,0.0,0.0
pre-PA,-5156250.0,0,0,0.0,0.0
pre-PA,-5156250.0,1,0,-20.060919108571653,-22.53003073050775
pre-PA,-5156250.0,0,1,-12.824017365064137,87.14801747229005
pre-PA,-5156250.0,1,1,0.0,0.0
pre-PA,-5117187.5,0,0,0.0,0.0
pre-PA,-5117187.5,1,0,-20.058695912375306,-22.627909095191356
pre-PA,-5117187.5,0,1,-12.822001884019707,86.71282891079719
pre-PA,-5117187.5,1,1,0.0,0.0
pre-PA,-5078125.0,0,0,0.0,0.0
pre-PA,-5078125.0,1,0,-20.05646009813027,-22.72578188244542
pre-PA,-5078125.0,0,1,-12.820016512032826,86.27761948901453
pre-PA,-5078125.0,1,1,0.0,0.0
pre-PA,-5039062.5,0,0,0.0,0.0
pre-PA,-5039062.5,1,0,-20.054211681209463,-22.82365004028094
pre-PA,-5039062.5,0,1,-12.818061246982559,85.84238953583002
pre-PA,-5039062.5,1,1,0.0,0.0
pre-PA,-5000000.0,0,0,0.0,0.0
pre-PA,-5000000.0,1,0,-20.05195067766406,-22.921514515786477
pre-PA,-5000000.0,0,1,-12.816136086771003,85.40713937988554
pre-PA,-5000000.0,1,1,0.0,0.0
pre-PA,-4960937.5,0,0,0.0,0.0
pre-PA,-4960937.5,1,0,-20.049677104222525,-23.019376255095263
pre-PA,-4960937.5,0,1,-12.814241029323384,84.97186934958073
pre-PA,-4960937.5,1,1,0.0,0.0
pre-PA,-4921875.0,0,0,0.0,0.0
pre-PA,-4921875.0,1,0,-20.04739097828959,-23.117236203352174
pre-PA,-4921875.0,0,1,-12.812376072588123,84.53657977307681
pre-PA,-4921875.0,1,1,0.0,0.0
pre-PA,-4882812.5,0,0,0.0,0.0
pre-PA,-4882812.5,1,0,-20.04509231794519,-23.215095304680922
pre-PA,-4882812.5,0,1,-12.810541214536947,84.10127097830033
pre-PA,-4882812.5,1,1,0.0,0.0
pre-PA,-4843750.0,0,0,0.0,0.0
pre-PA,-4843750.0,1,0,-20.042781141943323,-23.312954502151296
pre-PA,-4843750.0,0,1,-12.808736453164936,83.66594329294703
pre-PA,-4843750.0,1,1,0.0,0.0
pre-PA,-4804687.5,0,0,0.0,0.0
pre-PA,-4804687.5,1,0,-20.040457469710894,-23.4108147377465
pre-PA,-4804687.5,0,1,-12.806961786490634,83.2305970444856
pre-PA,-4804687.5,1,1,0.0,0.0
pre-PA,-4765625.0,0,0,0.0,0.0
pre-PA,-4765625.0,1,0,-20.038121321346484,-23.508676952330607
pre-PA,-4765625.0,0,1,-12.8052172125561,82.79523256016142
pre-PA,-4765625.0,1,1,0.0,0.0
pre-PA,-4726562.5,0,0,0.0,0.0
pre-PA,-4726562.5,1,0,-20.035772717619086,-23.606542085616095
pre-PA,-4726562.5,0,1,-12.803502729426997,82.35985016700047
pre-PA,-4726562.5,1,1,0.0,0.0
pre-PA,-4687500.0,0,0,0.0,0.0
pre-PA,-4687500.0,1,0,-20.033411679966775,-23.704411076131517
pre-PA,-4687500.0,0,1,-12.801818335192667,81.92445019181301
pre-PA,-4687500.0,1,1,0.0,0.0
pre-PA,-4648437.5,0,0,0.0,0.0
pre-PA,-4648437.5,1,0,-20.031038230495362,-23.802284861189175
pre-PA,-4648437.5,0,1,-12.800164027966208,81.48903296119737
pre-PA,-4648437.5,1,1,0.0,0.0
pre-PA,-4609375.0,0,0,0.0,0.0
pre-PA,-4609375.0,1,0,-20.02865239197694,-23.900164376853134
pre-PA,-4609375.0,0,1,-12.798539805884522,81.05359880154376
pre-PA,-4609375.0,1,1,0.0,0.0
pre-PA,-4570312.5,0,0,0.0,0.0
pre-PA,-4570312.5,1,0,-20.026254187848444,-23.998050557907053
pre-PA,-4570312.5,0,1,-12.796945667108414,80.61814803903802
pre-PA,-4570312.5,1,1,0.0,0.0
pre-PA,-4531250.0,0,0,0.0,0.0
pre-PA,-4531250.0,1,0,-20.023843642210124,-24.0959443378224
pre-PA,-4531250.0,0,1,-12.795381609822643,80.18268099966535
pre-PA,-4531250.0,1,1,0.0,0.0
pre-PA,-4492187.5,0,0,0.0,0.0
pre-PA,-4492187.5,1,0,-20.021420779824,-24.19384664872661
pre-PA,-4492187.5,0,1,-12.793847632236,79.74719800921415
pre-PA,-4492187.5,1,1,0.0,0.0
pre-PA,-4453125.0,0,0,0.0,0.0
pre-PA,-4453125.0,1,0,-20.01898562611222,-24.291758421371508
pre-PA,-4453125.0,0,1,-12.792343732581351,79.31169939327971
pre-PA,-4453125.0,1,1,0.0,0.0
pre-PA,-4414062.5,0,0,0.0,0.0
pre-PA,-4414062.5,1,0,-20.016538207155424,-24.38968058510171
pre-PA,-4414062.5,0,1,-12.790869909115731,78.87618547726802
pre-PA,-4414062.5,1,1,0.0,0.0
pre-PA,-4375000.0,0,0,0.0,0.0
pre-PA,-4375000.0,1,0,-20.014078549691053,-24.48761406782332
pre-PA,-4375000.0,0,1,-12.789426160120382,78.44065658639948
pre-PA,-4375000.0,1,1,0.0,0.0
pre-PA,-4335937.5,0,0,0.0,0.0
pre-PA,-4335937.5,1,0,-20.01160668111154,-24.585559795972603
pre-PA,-4335937.5,0,1,-12.788012483900822,78.00511304571265
pre-PA,-4335937.5,1,1,0.0,0.0
pre-PA,-4296875.0,0,0,0.0,0.0
pre-PA,-4296875.0,1,0,-20.009122629462585,-24.68351869448497
pre-PA,-4296875.0,0,1,-12.786628878786905,77.56955518006801
pre-PA,-4296875.0,1,1,0.0,0.0
pre-PA,-4257812.5,0,0,0.0,0.0
pre-PA,-4257812.5,1,0,-20.006626423441244,-24.781491686763953
pre-PA,-4257812.5,0,1,-12.785275343132882,77.13398331415173
pre-PA,-4257812.5,1,1,0.0,0.0
pre-PA,-4218750.0,0,0,0.0,0.0
pre-PA,-4218750.0,1,0,-20.004118092394087,-24.879479694650385
pre-PA,-4218750.0,0,1,-12.783951875317445,76.69839777247935
pre-PA,-4218750.0,1,1,0.0,0.0
pre-PA,-4179687.5,0,0,0.0,0.0
pre-PA,-4179687.5,1,0,-20.001597666315213,-24.977483638391757
pre-PA,-4179687.5,0,1,-12.782658473743796,76.26279887939955
pre-PA,-4179687.5,1,1,0.0,0.0
pre-PA,-4140625.0,0,0,0.0,0.0
pre-PA,-4140625.0,1,0,-19.999065175844322,-25.075504436611702
pre-PA,-4140625.0,0,1,-12.781395136839679,75.8271869590979
pre-PA,-4140625.0,1,1,0.0,0.0
pre-PA,-4101562.5,0,0,0.0,0.0
pre-PA,-4101562.5,1,0,-19.996520652264632,-25.1735430062796
pre-PA,-4101562.5,0,1,-12.780161863057462,75.39156233560055
pre-PA,-4101562.5,1,1,0.0,0.0
pre-PA,-4062500.0,0,0,0.0,0.0
pre-PA,-4062500.0,1,0,-19.993964127500842,-25.271600262680487
pre-PA,-4062500.0,0,1,-12.778958650874157,74.95592533277797
pre-PA,-4062500.0,1,1,0.0,0.0
pre-PA,-4023437.5,0,0,0.0,0.0
pre-PA,-4023437.5,1,0,-19.991395634116998,-25.36967711938483
pre-PA,-4023437.5,0,1,-12.777785498791488,74.5202762743487
pre-PA,-4023437.5,1,1,0.0,0.0
pre-PA,-3984375.0,0,0,0.0,0.0
pre-PA,-3984375.0,1,0,-19.988815205314346,-25.467774488218883
pre-PA,-3984375.0,0,1,-12.776642405335926,74.08461548388301
pre-PA,-3984375.0,1,1,0.0,0.0
pre-PA,-3945312.5,0,0,0.0,0.0
pre-PA,-3945312.5,1,0,-19.98622287492909,-25.565893279234746
pre-PA,-3945312.5,0,1,-12.775529369058741,73.64894328480673
pre-PA,-3945312.5,1,1,0.0,0.0
pre-PA,-3906250.0,0,0,0.0,0.0
pre-PA,-3906250.0,1,0,-19.9836186774302,-25.664034400681093
pre-PA,-3906250.0,0,1,-12.774446388536045,73.21326000040482
pre-PA,-3906250.0,1,1,0.0,0.0
pre-PA,-3867187.5,0,0,0.0,0.0
pre-PA,-3867187.5,1,0,-19.981002647917066,-25.76219875897355
pre-PA,-3867187.5,0,1,-12.773393462368837,72.77756595382519
pre-PA,-3867187.5,1,1,0.0,0.0
pre-PA,-3828125.0,0,0,0.0,0.0
pre-PA,-3828125.0,1,0,-19.97837482211719,-25.860387258665718
pre-PA,-3828125.0,0,1,-12.772370589183035,72.34186146808239
pre-PA,-3828125.0,1,1,0.0,0.0
pre-PA,-3789062.5,0,0,0.0,0.0
pre-PA,-3789062.5,1,0,-19.975735236383795,-25.958600802420083
pre-PA,-3789062.5,0,1,-12.771377767629524,71.90614686606126
pre-PA,-3789062.5,1,1,0.0,0.0
pre-PA,-3750000.0,0,0,0.0,0.0
pre-PA,-3750000.0,1,0,-19.973083927693423,-26.056840290979242
pre-PA,-3750000.0,0,1,-12.770414996384192,71.47042247052077
pre-PA,-3750000.0,1,1,0.0,0.0
pre-PA,-3710937.5,0,0,0.0,0.0
pre-PA,-3710937.5,1,0,-19.970420933643453,-26.155106623137186
pre-PA,-3710937.5,0,1,-12.769482274147961,71.03468860409752
pre-PA,-3710937.5,1,1,0.0,0.0
pre-PA,-3671875.0,0,0,0.0,0.0
pre-PA,-3671875.0,1,0,-19.967746292449608,-26.253400695711026
pre-PA,-3671875.0,0,1,-12.768579599646834,70.59894558930965
pre-PA,-3671875.0,1,1,0.0,0.0
pre-PA,-3632812.5,0,0,0.0,0.0
pre-PA,-3632812.5,1,0,-19.965060042943406,-26.351723403512555
pre-PA,-3632812.5,0,1,-12.76770697163192,70.16319374856037
pre-PA,-3632812.5,1,1,0.0,0.0
pre-PA,-3593750.0,0,0,0.0,0.0
pre-PA,-3593750.0,1,0,-19.962362224569585,-26.45007563932035
pre-PA,-3593750.0,0,1,-12.766864388879466,69.72743340414179
pre-PA,-3593750.0,1,1,0.0,0.0
pre-PA,-3554687.5,0,0,0.0,0.0
pre-PA,-3554687.5,1,0,-19.959652877383466,-26.548458293851812
pre-PA,-3554687.5,0,1,-12.766051850190888,69.29166487823849
pre-PA,-3554687.5,1,1,0.0,0.0
pre-PA,-3515625.0,0,0,0.0,0.0
pre-PA,-3515625.0,1,0,-19.95693204204829,-26.64687225573555
pre-PA,-3515625.0,0,1,-12.765269354392803,68.85588849293134
pre-PA,-3515625.0,1,1,0.0,0.0
pre-PA,-3476562.5,0,0,0.0,0.0
pre-PA,-3476562.5,1,0,-19.95419975983252,-26.745318411483943
pre-PA,-3476562.5,0,1,-12.76451690033706,68.42010457020106
pre-PA,-3476562.5,1,1,0.0,0.0
pre-PA,-3437500.0,0,0,0.0,0.0
pre-PA,-3437500.0,1,0,-19.951456072607087,-26.843797645465905
pre-PA,-3437500.0,0,1,-12.763794486900757,67.98431343193204
pre-PA,-3437500.0,1,1,0.0,0.0
pre-PA,-3398437.5,0,0,0.0,0.0
pre-PA,-3398437.5,1,0,-19.94870102284263,-26.942310839879767
pre-PA,-3398437.5,0,1,-12.763102112986278,67.5485153999159
pre-PA,-3398437.5,1,1,0.0,0.0
pre-PA,-3359375.0,0,0,0.0,0.0
pre-PA,-3359375.0,1,0,-19.94593465360665,-27.040858874726514
pre-PA,-3359375.0,0,1,-12.7624397775213,67.11271079585524
pre-PA,-3359375.0,1,1,0.0,0.0
pre-PA,-3320312.5,0,0,0.0,0.0
pre-PA,-3320312.5,1,0,-19.943157008560657,-27.13944262778315
pre-PA,-3320312.5,0,1,-12.76180747945883,66.67689994136735
pre-PA,-3320312.5,1,1,0.0,0.0
pre-PA,-3281250.0,0,0,0.0,0.0
pre-PA,-3281250.0,1,0,-19.940368131957293,-27.23806297457633
pre-PA,-3281250.0,0,1,-12.761205217777219,66.24108315798779
pre-PA,-3281250.0,1,1,0.0,0.0
pre-PA,-3242187.5,0,0,0.0,0.0
pre-PA,-3242187.5,1,0,-19.937568068637383,-27.336720788356065
pre-PA,-3242187.5,0,1,-12.760632991480186,65.80526076717419
pre-PA,-3242187.5,1,1,0.0,0.0
pre-PA,-3203125.0,0,0,0.0,0.0
pre-PA,-3203125.0,1,0,-19.934756864026962,-27.43541694006994
pre-PA,-3203125.0,0,1,-12.760090799596828,65.36943309030984
pre-PA,-3203125.0,1,1,0.0,0.0
pre-PA,-3164062.5,0,0,0.0,0.0
pre-PA,-3164062.5,1,0,-19.93193456413429,-27.53415229833717
pre-PA,-3164062.5,0,1,-12.759578641181648,64.93360044870741
pre-PA,-3164062.5,1,1,0.0,0.0
pre-PA,-3125000.0,0,0,0.0,0.0
pre-PA,-3125000.0,1,0,-19.929101215546794,-27.63292772942324
pre-PA,-3125000.0,0,1,-12.759096515314551,64.49776316361257
pre-PA,-3125000.0,1,1,0.0,0.0
pre-PA,-3085937.5,0,0,0.0,0.0
pre-PA,-3085937.5,1,0,-19.926256865427998,-27.731744097214527
pre-PA,-3085937.5,0,1,-12.758644421100886,64.06192155620774
pre-PA,-3085937.5,1,1,0.0,0.0
pre-PA,-3046875.0,0,0,0.0,0.0
pre-PA,-3046875.0,1,0,-19.923401561514414,-27.83060226319327
pre-PA,-3046875.0,0,1,-12.758222357671418,63.62607594761571
pre-PA,-3046875.0,1,1,0.0,0.0
pre-PA,-3007812.5,0,0,0.0,0.0
pre-PA,-3007812.5,1,0,-19.920535352112395,-27.92950308641274
pre-PA,-3007812.5,0,1,-12.757830324182382,63.19022665890329
pre-PA,-3007812.5,1,1,0.0,0.0
pre-PA,-2968750.0,0,0,0.0,0.0
pre-PA,-2968750.0,1,0,-19.917658286094962,-28.028447423472688
pre-PA,-2968750.0,0,1,-12.757468319815464,62.754374011085055
pre-PA,-2968750.0,1,1,0.0,0.0
pre-PA,-2929687.5,0,0,0.0,0.0
pre-PA,-2929687.5,1,0,-19.914770412898584,-28.127436128494836
pre-PA,-2929687.5,0,1,-12.75713634377782,62.31851832512693
pre-PA,-2929687.5,1,1,0.0,0.0
pre-PA,-2890625.0,0,0,0.0,0.0
pre-PA,-2890625.0,1,0,-19.91187178251993,-28.226470053098918
pre-PA,-2890625.0,0,1,-12.756834395302075,61.88265992194988
pre-PA,-2890625.0,1,1,0.0,0.0
pre-PA,-2851562.5,0,0,0.0,0.0
pre-PA,-2851562.5,1,0,-19.908962445512614,-28.32555004637867
pre-PA,-2851562.5,0,1,-12.756562473646333,61.44679912243363
pre-PA,-2851562.5,1,1,0.0,0.0
pre-PA,-2812500.0,0,0,0.0,0.0
pre-PA,-2812500.0,1,0,-19.906042452983854,-28.424676954878333
pre-PA,-2812500.0,0,1,-12.756320578094186,61.010936247420226
pre-PA,-2812500.0,1,1,0.0,0.0
pre-PA,-2773437.5,0,0,0.0,0.0
pre-PA,-2773437.5,1,0,-19.903111856591156,-28.523851622569065
pre-PA,-2773437.5,0,1,-12.756108707954702,60.57507161771781
pre-PA,-2773437.5,1,1,0.0,0.0
pre-PA,-2734375.0,0,0,0.0,0.0
pre-PA,-2734375.0,1,0,-19.900170708538937,-28.62307489082597
pre-PA,-2734375.0,0,1,-12.755926862562434,60.13920555410417
pre-PA,-2734375.0,1,1,0.0,0.0
pre-PA,-2695312.5,0,0,0.0,0.0
pre-PA,-2695312.5,1,0,-19.897219061575107,-28.722347598405022
pre-PA,-2695312.5,0,1,-12.755775041277428,59.70333837733052
pre-PA,-2695312.5,1,1,0.0,0.0
pre-PA,-2656250.0,0,0,0.0,0.0
pre-PA,-2656250.0,1,0,-19.894256968987655,-28.821670581420538
pre-PA,-2656250.0,0,1,-12.755653243485197,59.26747040812502
pre-PA,-2656250.0,1,1,0.0,0.0
pre-PA,-2617187.5,0,0,0.0,0.0
pre-PA,-2617187.5,1,0,-19.891284484601176,-28.921044673322694
pre-PA,-2617187.5,0,1,-12.755561468596747,58.83160196719656
pre-PA,-2617187.5,1,1,0.0,0.0
pre-PA,-2578125.0,0,0,0.0,0.0
pre-PA,-2578125.0,1,0,-19.88830166277339,-29.020470704875365
pre-PA,-2578125.0,0,1,-12.755499716048547,58.39573337523837
pre-PA,-2578125.0,1,1,0.0,0.0
pre-PA,-2539062.5,0,0,0.0,0.0
pre-PA,-2539062.5,1,0,-19.885308558391614,-29.119949504134286
pre-PA,-2539062.5,0,1,-12.75546798530254,57.95986495293164
pre-PA,-2539062.5,1,1,0.0,0.0
pre-PA,-2500000.0,0,0,0.0,0.0
pre-PA,-2500000.0,1,0,-19.8823052268692,-29.219481896425336
pre-PA,-2500000.0,0,1,-12.755466275846118,57.523997020949274
pre-PA,-2500000.0,1,1,0.0,0.0
pre-PA,-2460937.5,0,0,0.0,0.0
pre-PA,-2460937.5,1,0,-19.879291724141993,-29.319068704323147
pre-PA,-2460937.5,0,1,-12.755494587192134,57.0881298999594
pre-PA,-2460937.5,1,1,0.0,0.0
pre-PA,-2421875.0,0,0,0.0,0.0
pre-PA,-2421875.0,1,0,-19.8762681066647,-29.418710747630033
pre-PA,-2421875.0,0,1,-12.755552918878873,56.65226391062917
pre-PA,-2421875.0,1,1,0.0,0.0
pre-PA,-2382812.5,0,0,0.0,0.0
pre-PA,-2382812.5,1,0,-19.873234431407262,-29.518408843355036
pre-PA,-2382812.5,0,1,-12.755641270470052,56.21639937362838
pre-PA,-2382812.5,1,1,0.0,0.0
pre-PA,-2343750.0,0,0,0.0,0.0
pre-PA,-2343750.0,1,0,-19.870190755851215,-29.618163805693378
pre-PA,-2343750.0,0,1,-12.755759641554793,55.78053660963302
pre-PA,-2343750.0,1,1,0.0,0.0
pre-PA,-2304687.5,0,0,0.0,0.0
pre-PA,-2304687.5,1,0,-19.867137137985992,-29.71797644600603
pre-PA,-2304687.5,0,1,-12.75590803174763,55.344675939329086
pre-PA,-2304687.5,1,1,0.0,0.0
pre-PA,-2265625.0,0,0,0.0,0.0
pre-PA,-2265625.0,1,0,-19.864073636305218,-29.817847572799725
pre-PA,-2265625.0,0,1,-12.756086440688465,54.9088176834161
pre-PA,-2265625.0,1,1,0.0,0.0
pre-PA,-2226562.5,0,0,0.0,0.0
pre-PA,-2226562.5,1,0,-19.861000309802982,-29.917777991707048
pre-PA,-2226562.5,0,1,-12.756294868042577,54.472962162610884
pre-PA,-2226562.5,1,1,0.0,0.0
pre-PA,-2187500.0,0,0,0.0,0.0
pre-PA,-2187500.0,1,0,-19.857917217970087,-30.01776850546693
pre-PA,-2187500.0,0,1,-12.75653331350058,54.037109697651104
pre-PA,-2187500.0,1,1,0.0,0.0
pre-PA,-2148437.5,0,0,0.0,0.0
pre-PA,-2148437.5,1,0,-19.854824420790248,-30.117819913905347
pre-PA,-2148437.5,0,1,-12.75680177677842,53.601260609298976
pre-PA,-2148437.5,1,1,0.0,0.0
pre-PA,-2109375.0,0,0,0.0,0.0
pre-PA,-2109375.0,1,0,-19.851721978736315,-30.21793301391628
pre-PA,-2109375.0,0,1,-12.75710025761735,53.165415218344954
pre-PA,-2109375.0,1,1,0.0,0.0
pre-PA,-2070312.5,0,0,0.0,0.0
pre-PA,-2070312.5,1,0,-19.848609952766438,-30.31810859944298
pre-PA,-2070312.5,0,1,-12.757428755783888,52.72957384561132
pre-PA,-2070312.5,1,1,0.0,0.0
pre-PA,-2031250.0,0,0,0.0,0.0
pre-PA,-2031250.0,1,0,-19.845488404320193,-30.41834746145953
pre-PA,-2031250.0,0,1,-12.757787271069818,52.29373681195584
pre-PA,-2031250.0,1,1,0.0,0.0
pre-PA,-1992187.5,0,0,0.0,0.0
pre-PA,-1992187.5,1,0,-19.842357395314764,-30.518650387952498
pre-PA,-1992187.5,0,1,-12.758175803292154,51.85790443827551
pre-PA,-1992187.5,1,1,0.0,0.0
pre-PA,-1953125.0,0,0,0.0,0.0
pre-PA,-1953125.0,1,0,-19.839216988141008,-30.619018163903203
pre-PA,-1953125.0,0,1,-12.758594352293105,51.42207704551008
pre-PA,-1953125.0,1,1,0.0,0.0
pre-PA,-1914062.5,0,0,0.0,0.0
pre-PA,-1914062.5,1,0,-19.83606724565955,-30.71945157126983
pre-PA,-1914062.5,0,1,-12.759042917940054,50.98625495464581
pre-PA,-1914062.5,1,1,0.0,0.0
pre-PA,-1875000.0,0,0,0.0,0.0
pre-PA,-1875000.0,1,0,-19.832908231196875,-30.81995138897025
pre-PA,-1875000.0,0,1,-12.75952150012552,50.55043848671907
pre-PA,-1875000.0,1,1,0.0,0.0
pre-PA,-1835937.5,0,0,0.0,0.0
pre-PA,-1835937.5,1,0,-19.82974000854134,-30.920518392864746
pre-PA,-1835937.5,0,1,-12.760030098767148,50.114627962820016
pre-PA,-1835937.5,1,1,0.0,0.0
pre-PA,-1796875.0,0,0,0.0,0.0
pre-PA,-1796875.0,1,0,-19.82656264193924,-31.021153355739305
pre-PA,-1796875.0,0,1,-12.760568713807636,49.67882370409624
pre-PA,-1796875.0,1,1,0.0,0.0
pre-PA,-1757812.5,0,0,0.0,0.0
pre-PA,-1757812.5,1,0,-19.82337619609079,-31.121857047288913
pre-PA,-1757812.5,0,1,-12.761137345214745,49.24302603175645
pre-PA,-1757812.5,1,1,0.0,0.0
pre-PA,-1718750.0,0,0,0.0,0.0
pre-PA,-1718750.0,1,0,-19.820180736146128,-31.222630234101416
pre-PA,-1718750.0,0,1,-12.761735992981222,48.807235267074084
pre-PA,-1718750.0,1,1,0.0,0.0
pre-PA,-1679687.5,0,0,0.0,0.0
pre-PA,-1679687.5,1,0,-19.81697632770129,-31.323473679641392
pre-PA,-1679687.5,0,1,-12.762364657124799,48.37145173139098
pre-PA,-1679687.5,1,1,0.0,0.0
pre-PA,-1640625.0,0,0,0.0,0.0
pre-PA,-1640625.0,1,0,-19.813763036794153,-31.42438814423453
pre-PA,-1640625.0,0,1,-12.76302333768812,47.935675746121056
pre-PA,-1640625.0,1,1,0.0,0.0
pre-PA,-1601562.5,0,0,0.0,0.0
pre-PA,-1601562.5,1,0,-19.810540929900405,-31.52537438505208
pre-PA,-1601562.5,0,1,-12.763712034738733,47.49990763275399
pre-PA,-1601562.5,1,1,0.0,0.0
pre-PA,-1562500.0,0,0,0.0,0.0
pre-PA,-1562500.0,1,0,-19.807310073929433,-31.626433156095775
pre-PA,-1562500.0,0,1,-12.764430748369008,47.064147712858784
pre-PA,-1562500.0,1,1,0.0,0.0
pre-PA,-1523437.5,0,0,0.0,0.0
pre-PA,-1523437.5,1,0,-19.804070536220266,-31.727565208182888
pre-PA,-1523437.5,0,1,-12.76517947869615,46.628396308087524
pre-PA,-1523437.5,1,1,0.0,0.0
pre-PA,-1484375.0,0,0,0.0,0.0
pre-PA,-1484375.0,1,0,-19.80082238453743,-31.828771288931655
pre-PA,-1484375.0,0,1,-12.765958225862091,46.19265374017899
pre-PA,-1484375.0,1,1,0.0,0.0
pre-PA,-1445312.5,0,0,0.0,0.0
pre-PA,-1445312.5,1,0,-19.797565687066864,-31.930052142746888
pre-PA,-1445312.5,0,1,-12.766766990033492,45.756920330962366
pre-PA,-1445312.5,1,1,0.0,0.0
pre-PA,-1406250.0,0,0,0.0,0.0
pre-PA,-1406250.0,1,0,-19.794300512411763,-32.03140851080602
pre-PA,-1406250.0,0,1,-12.76760577140167,45.32119640236079
pre-PA,-1406250.0,1,1,0.0,0.0
pre-PA,-1367187.5,0,0,0.0,0.0
pre-PA,-1367187.5,1,0,-19.791026929588426,-32.13284113104526
pre-PA,-1367187.5,0,1,-12.76847457018256,44.885482276395194
pre-PA,-1367187.5,1,1,0.0,0.0
pre-PA,-1328125.0,0,0,0.0,0.0
pre-PA,-1328125.0,1,0,-19.787745008022103,-32.234350738146176
pre-PA,-1328125.0,0,1,-12.769373386616657,44.449778275187796
pre-PA,-1328125.0,1,1,0.0,0.0
pre-PA,-1289062.5,0,0,0.0,0.0
pre-PA,-1289062.5,1,0,-19.784454817542827,-32.33593806352242
pre-PA,-1289062.5,0,1,-12.77030222096897,44.014084720965876
pre-PA,-1289062.5,1,1,0.0,0.0
pre-PA,-1250000.0,0,0,0.0,0.0
pre-PA,-1250000.0,1,0,-19.78115642838119,-32.43760383530687
pre-PA,-1250000.0,0,1,-12.771261073528969,43.57840193606542
pre-PA,-1250000.0,1,1,0.0,0.0
pre-PA,-1210937.5,0,0,0.0,0.0
pre-PA,-1210937.5,1,0,-19.777849911164196,-32.539348778338976
pre-PA,-1210937.5,0,1,-12.772249944610516,43.142730242934775
pre-PA,-1210937.5,1,1,0.0,0.0
pre-PA,-1171875.0,0,0,0.0,0.0
pre-PA,-1171875.0,1,0,-19.774535336911015,-32.64117361415241
pre-PA,-1171875.0,0,1,-12.77326883455183,42.707069964138284
pre-PA,-1171875.0,1,1,0.0,0.0
pre-PA,-1132812.5,0,0,0.0,0.0
pre-PA,-1132812.5,1,0,-19.77121277702876,-32.74307906096297
pre-PA,-1132812.5,0,1,-12.774317743715415,42.27142142236008
pre-PA,-1132812.5,1,1,0.0,0.0
pre-PA,-1093750.0,0,0,0.0,0.0
pre-PA,-1093750.0,1,0,-19.767882303308284,-32.84506583365681
pre-PA,-1093750.0,0,1,-12.775396672487997,41.83578494040759
pre-PA,-1093750.0,1,1,0.0,0.0
pre-PA,-1054687.5,0,0,0.0,0.0
pre-PA,-1054687.5,1,0,-19.764543987919897,-32.94713464377895
pre-PA,-1054687.5,0,1,-12.776505621280485,41.40016084121536
pre-PA,-1054687.5,1,1,0.0,0.0
pre-PA,-1015625.0,0,0,0.0,0.0
pre-PA,-1015625.0,1,0,-19.761197903409162,-33.04928619952199
pre-PA,-1015625.0,0,1,-12.777644590527878,40.96454944784864
pre-PA,-1015625.0,1,1,0.0,0.0
pre-PA,-976562.5,0,0,0.0,0.0
pre-PA,-976562.5,1,0,-19.757844122692603,-33.15152120571524
pre-PA,-976562.5,0,1,-12.778813580689226,40.528951083507096
pre-PA,-976562.5,1,1,0.0,0.0
pre-PA,-937500.0,0,0,0.0,0.0
pre-PA,-937500.0,1,0,-19.754482719053446,-33.25384036381402
pre-PA,-937500.0,0,1,-12.78001259224755,40.093366071528486
pre-PA,-937500.0,1,1,0.0,0.0
pre-PA,-898437.5,0,0,0.0,0.0
pre-PA,-898437.5,1,0,-19.751113766137344,-33.35624437188928
pre-PA,-898437.5,0,1,-12.781241625709782,39.65779473539236
pre-PA,-898437.5,1,1,0.0,0.0
pre-PA,-859375.0,0,0,0.0,0.0
pre-PA,-859375.0,1,0,-19.747737337948106,-33.4587339246175
pre-PA,-859375.0,0,1,-12.782500681606699,39.22223739872368
pre-PA,-859375.0,1,1,0.0,0.0
pre-PA,-820312.5,0,0,0.0,0.0
pre-PA,-820312.5,1,0,-19.74435350884338,-33.5613097132709
pre-PA,-820312.5,0,1,-12.783789760492843,38.786694385296606
pre-PA,-820312.5,1,1,0.0,0.0
pre-PA,-781250.0,0,0,0.0,0.0
pre-PA,-781250.0,1,0,-19.740962353530392,-33.663972425707875
pre-PA,-781250.0,0,1,-12.785108862946462,38.35116601903805
pre-PA,-781250.0,1,1,0.0,0.0
pre-PA,-742187.5,0,0,0.0,0.0
pre-PA,-742187.5,1,0,-19.737563947061616,-33.766722746363705
pre-PA,-742187.5,0,1,-12.78645798956942,37.91565262403151
pre-PA,-742187.5,1,1,0.0,0.0
pre-PA,-703125.0,0,0,0.0,0.0
pre-PA,-703125.0,1,0,-19.734158364830478,-33.86956135624174
pre-PA,-703125.0,0,1,-12.787837140987149,37.480154524520664
pre-PA,-703125.0,1,1,0.0,0.0
pre-PA,-664062.5,0,0,0.0,0.0
pre-PA,-664062.5,1,0,-19.730745682567044,-33.97248893290442
pre-PA,-664062.5,0,1,-12.789246317848544,37.04467204491309
pre-PA,-664062.5,1,1,0.0,0.0
pre-PA,-625000.0,0,0,0.0,0.0
pre-PA,-625000.0,1,0,-19.727325976333713,-34.07550615046515
pre-PA,-625000.0,0,1,-12.790685520825908,36.609205509783955
pre-PA,-625000.0,1,1,0.0,0.0
pre-PA,-585937.5,0,0,0.0,0.0
pre-PA,-585937.5,1,0,-19.72389932252087,-34.17861367957999
pre-PA,-585937.5,0,1,-12.792154750614863,36.17375524387973
pre-PA,-585937.5,1,1,0.0,0.0
pre-PA,-546875.0,0,0,0.0,0.0
pre-PA,-546875.0,1,0,-19.7204657978426,-34.28181218743984
pre-PA,-546875.0,0,1,-12.793654007934265,35.738321572121876
pre-PA,-546875.0,1,1,0.0,0.0
pre-PA,-507812.5,0,0,0.0,0.0
pre-PA,-507812.5,1,0,-19.71702547933232,-34.38510233776284
pre-PA,-507812.5,0,1,-12.795183293526136,35.302904819610575
pre-PA,-507812.5,1,1,0.0,0.0
pre-PA,-468750.0,0,0,0.0,0.0
pre-PA,-468750.0,1,0,-19.71357844433848,-34.48848479078712
pre-PA,-468750.0,0,1,-12.796742608155562,34.86750531162833
pre-PA,-468750.0,1,1,0.0,0.0
pre-PA,-429687.5,0,0,0.0,0.0
pre-PA,-429687.5,1,0,-19.71012477052022,-34.591960203263675
pre-PA,-429687.5,0,1,-12.798331952610633,34.43212337364385
pre-PA,-429687.5,1,1,0.0,0.0
pre-PA,-390625.0,0,0,0.0,0.0
pre-PA,-390625.0,1,0,-19.70666453584304,-34.69552922844971
pre-PA,-390625.0,0,1,-12.799951327702326,33.99675933131556
pre-PA,-390625.0,1,1,0.0,0.0
pre-PA,-351562.5,0,0,0.0,0.0
pre-PA,-351562.5,1,0,-19.70319781857445,-34.799192516102075
pre-PA,-351562.5,0,1,-12.801600734264447,33.56141351049549
pre-PA,-351562.5,1,1,0.0,0.0
pre-PA,-312500.0,0,0,0.0,0.0
pre-PA,-312500.0,1,0,-19.699724697279667,-34.90295071247113
pre-PA,-312500.0,0,1,-12.803280173153516,33.12608623723288
pre-PA,-312500.0,1,1,0.0,0.0
pre-PA,-273437.5,0,0,0.0,0.0
pre-PA,-273437.5,1,0,-19.696245250817245,-35.00680446029476
pre-PA,-273437.5,0,1,-12.804989645248693,32.69077783777793
pre-PA,-273437.5,1,1,0.0,0.0
pre-PA,-234375.0,0,0,0.0,0.0
pre-PA,-234375.0,1,0,-19.692759558334764,-35.11075439879275
pre-PA,-234375.0,0,1,-12.80672915145167,32.25548863858549
pre-PA,-234375.0,1,1,0.0,0.0
pre-PA,-195312.5,0,0,0.0,0.0
pre-PA,-195312.5,1,0,-19.68926769926447,-35.21480116366135
pre-PA,-195312.5,0,1,-12.808498692686602,31.820218966318865
pre-PA,-195312.5,1,1,0.0,0.0
pre-PA,-156250.0,0,0,0.0,0.0
pre-PA,-156250.0,1,0,-19.68576975331897,-35.31894538706824
pre-PA,-156250.0,0,1,-12.81029826989997,31.384969147853425
pre-PA,-156250.0,1,1,0.0,0.0
pre-PA,-117187.5,0,0,0.0,0.0
pre-PA,-117187.5,1,0,-19.682265800486874,-35.42318769764755
pre-PA,-117187.5,0,1,-12.812127884060533,30.949739510280445
pre-PA,-117187.5,1,1,0.0,0.0
pre-PA,-78125.0,0,0,0.0,0.0
pre-PA,-78125.0,1,0,-19.678755921028486,-35.527528720495425
pre-PA,-78125.0,0,1,-12.81398753615919,30.514530380910745
pre-PA,-78125.0,1,1,0.0,0.0
pre-PA,-39062.5,0,0,0.0,0.0
pre-PA,-39062.5,1,0,-19.675240195471453,-35.63196907716562
pre-PA,-39062.5,0,1,-12.815877227208894,30.07934208727846
pre-PA,-39062.5,1,1,0.0,0.0
pre-PA,0.0,0,0,0.0,0.0
pre-PA,0.0,1,0,-19.671718704606455,-35.73650938566548
pre-PA,0.0,0,1,-12.817796958244545,29.644174957144806
pre-PA,0.0,1,1,0.0,0.0
pre-PA,39062.5,0,0,0.0,0.0
pre-PA,39062.5,1,0,-19.668191529482876,-35.84115026045213
pre-PA,39062.5,0,1,-12.819746730322903,29.209029318501788
pre-PA,39062.5,1,1,0.0,0.0
pre-PA,78125.0,0,0,0.0,0.0
pre-PA,78125.0,1,0,-19.66465875140448,-35.94589231242904
pre-PA,78125.0,0,1,-12.821726544522448,28.77390549957592
pre-PA,78125.0,1,1,0.0,0.0
pre-PA,117187.5,0,0,0.0,0.0
pre-PA,117187.5,1,0,-19.661120451925115,-36.05073614894269
pre-PA,117187.5,0,1,-12.82373640194332,28.338803828832035
pre-PA,117187.5,1,1,0.0,0.0
pre-PA,156250.0,0,0,0.0,0.0
pre-PA,156250.0,1,0,-19.657576712844367,-36.15568237377962
pre-PA,156250.0,0,1,-12.825776303707153,27.903724634976957
pre-PA,156250.0,1,1,0.0,0.0
pre-PA,195312.5,0,0,0.0,0.0
pre-PA,195312.5,1,0,-19.654027616203283,-36.26073158716369
pre-PA,195312.5,0,1,-12.827846250957025,27.468668246963333
pre-PA,195312.5,1,1,0.0,0.0
pre-PA,234375.0,0,0,0.0,0.0
pre-PA,234375.0,1,0,-19.650473244280064,-36.365884385753596
pre-PA,234375.0,0,1,-12.829946244857293,27.033634993993324
pre-PA,234375.0,1,1,0.0,0.0
pre-PA,273437.5,0,0,0.0,0.0
pre-PA,273437.5,1,0,-19.646913679585754,-36.47114136264068
pre-PA,273437.5,0,1,-12.832076286593521,26.598625205522413
pre-PA,273437.5,1,1,0.0,0.0
pre-PA,312500.0,0,0,0.0,0.0
pre-PA,312500.0,1,0,-19.643349004859974,-36.576503107347015
pre-PA,312500.0,0,1,-12.83423637737233,26.16363921126313
pre-PA,312500.0,1,1,0.0,0.0
pre-PA,351562.5,0,0,0.0,0.0
pre-PA,351562.5,1,0,-19.639779303066614,-36.68197020582359
pre-PA,351562.5,0,1,-12.836426518421309,25.728677341188835
pre-PA,351562.5,1,1,0.0,0.0
pre-PA,390625.0,0,0,0.0,0.0
pre-PA,390625.0,1,0,-19.63620465738957,-36.78754324044902
pre-PA,390625.0,0,1,-12.838646710988877,25.29373992553749
pre-PA,390625.0,1,1,0.0,0.0
pre-PA,429687.5,0,0,0.0,0.0
pre-PA,429687.5,1,0,-19.632625151228474,-36.89322279002822
pre-PA,429687.5,0,1,-12.840896956344174,24.858827294815452
pre-PA,429687.5,1,1,0.0,0.0
pre-PA,468750.0,0,0,0.0,0.0
pre-PA,468750.0,1,0,-19.629040868194423,-36.999009429791585
pre-PA,468750.0,0,1,-12.843177255776935,24.423939779801174
pre-PA,468750.0,1,1,0.0,0.0
pre-PA,507812.5,0,0,0.0,0.0
pre-PA,507812.5,1,0,-19.625451892105726,-37.10490373139418
pre-PA,507812.5,0,1,-12.84548761059736,23.989077711549104
pre-PA,507812.5,1,1,0.0,0.0
pre-PA,546875.0,0,0,0.0,0.0
pre-PA,546875.0,1,0,-19.621858306983675,-37.21090626291545
pre-PA,546875.0,0,1,-12.847828022136001,23.554241421393346
pre-PA,546875.0,1,1,0.0,0.0
pre-PA,585937.5,0,0,0.0,0.0
pre-PA,585937.5,1,0,-19.618260197048272,-37.31701758885888
pre-PA,585937.5,0,1,-12.85019849174363,23.11943124095157
pre-PA,585937.5,1,1,0.0,0.0
pre-PA,625000.0,0,0,0.0,0.0
pre-PA,625000.0,1,0,-19.614657646714036,-37.42323827015217
pre-PA,625000.0,0,1,-12.852599020791098,22.684647502128684
pre-PA,625000.0,1,1,0.0,0.0
pre-PA,664062.5,0,0,0.0,0.0
pre-PA,664062.5,1,0,-19.611050740585764,-37.529568864147464
pre-PA,664062.5,0,1,-12.85502961066923,22.249890537120734
pre-PA,664062.5,1,1,0.0,0.0
pre-PA,703125.0,0,0,0.0,0.0
pre-PA,703125.0,1,0,-19.607439563454314,-37.636009924621966
pre-PA,703125.0,0,1,-12.857490262788662,21.81516067841863
pre-PA,703125.0,1,1,0.0,0.0
pre-PA,742187.5,0,0,0.0,0.0
pre-PA,742187.5,1,0,-19.603824200292422,-37.74256200177862
pre-PA,742187.5,0,1,-12.859980978579737,21.380458258812002
pre-PA,742187.5,1,1,0.0,0.0
pre-PA,781250.0,0,0,0.0,0.0
pre-PA,781250.0,1,0,-19.6002047362505,-37.84922564224731
pre-PA,781250.0,0,1,-12.862501759492337,20.94578361139296
pre-PA,781250.0,1,1,0.0,0.0
pre-PA,820312.5,0,0,0.0,0.0
pre-PA,820312.5,1,0,-19.59658125665247,-37.95600138908589
pre-PA,820312.5,0,1,-12.865052606995784,20.51113706955997
pre-PA,820312.5,1,1,0.0,0.0
pre-PA,859375.0,0,0,0.0,0.0
pre-PA,859375.0,1,0,-19.59295384699157,-38.06288978178193
pre-PA,859375.0,0,1,-12.867633522578664,20.076518967021595
pre-PA,859375.0,1,1,0.0,0.0
pre-PA,898437.5,0,0,0.0,0.0
pre-PA,898437.5,1,0,-19.589322592926223,-38.16989135625426
pre-PA,898437.5,0,1,-12.870244507748708,19.641929637800388
pre-PA,898437.5,1,1,0.0,0.0
pre-PA,937500.0,0,0,0.0,0.0
pre-PA,937500.0,1,0,-19.58568758027588,-38.27700664485511
pre-PA,937500.0,0,1,-12.872885564032648,19.20736941623666
pre-PA,937500.0,1,1,0.0,0.0
pre-PA,976562.5,0,0,0.0,0.0
pre-PA,976562.5,1,0,-19.582048895016882,-38.38423617637216
pre-PA,976562.5,0,1,-12.875556692976053,18.772838636992347
pre-PA,976562.5,1,1,0.0,0.0
pre-PA,1015625.0,0,0,0.0,0.0
pre-PA,1015625.0,1,0,-19.57840662327835,-38.49158047603112
pre-PA,1015625.0,0,1,-12.878257896143205,18.338337635054835
pre-PA,1015625.0,1,1,0.0,0.0
pre-PA,1054687.5,0,0,0.0,0.0
pre-PA,1054687.5,1,0,-19.57476085133806,-38.59904006549824
pre-PA,1054687.5,0,1,-12.880989175116952,17.90386674574079
pre-PA,1054687.5,1,1,0.0,0.0
pre-PA,1093750.0,0,0,0.0,0.0
pre-PA,1093750.0,1,0,-19.571111665618364,-38.7066154628834
pre-PA,1093750.0,0,1,-12.883750531498528,17.469426304699983
pre-PA,1093750.0,1,1,0.0,0.0
pre-PA,1132812.5,0,0,0.0,0.0
pre-PA,1132812.5,1,0,-19.5674591526821,-38.81430718274299
pre-PA,1132812.5,0,1,-12.88654196690744,17.035016647919218
pre-PA,1132812.5,1,1,0.0,0.0
pre-PA,1171875.0,0,0,0.0,0.0
pre-PA,1171875.0,1,0,-19.56380339922852,-38.922115736083484
pre-PA,1171875.0,0,1,-12.889363482981286,16.600638111726067
pre-PA,1171875.0,1,1,0.0,0.0
pre-PA,1210937.5,0,0,0.0,0.0
pre-PA,1210937.5,1,0,-19.560144492089233,-39.03004163036485
pre-PA,1210937.5,0,1,-12.892215081375614,16.16629103279282
pre-PA,1210937.5,1,1,0.0,0.0
pre-PA,1250000.0,0,0,0.0,0.0
pre-PA,1250000.0,1,0,-19.556482518224175,-39.13808536950439
pre-PA,1250000.0,0,1,-12.895096763763757,15.731975748140309
pre-PA,1250000.0,1,1,0.0,0.0
pre-PA,1289062.5,0,0,0.0,0.0
pre-PA,1289062.5,1,0,-19.55281756471757,-39.246247453880706
pre-PA,1289062.5,0,1,-12.898008531836672,15.297692595141786
pre-PA,1289062.5,1,1,0.0,0.0
pre-PA,1328125.0,0,0,0.0,0.0
pre-PA,1328125.0,1,0,-19.54914971877392,-39.35452838033801
pre-PA,1328125.0,0,1,-12.9009503873028,14.863441911526767
pre-PA,1328125.0,1,1,0.0,0.0
pre-PA,1367187.5,0,0,0.0,0.0
pre-PA,1367187.5,1,0,-19.545479067714012,-39.46292864219043
pre-PA,1367187.5,0,1,-12.903922331887866,14.429224035384959
pre-PA,1367187.5,1,1,0.0,0.0
pre-PA,1406250.0,0,0,0.0,0.0
pre-PA,1406250.0,1,0,-19.541805698970933,-39.57144872922677
pre-PA,1406250.0,0,1,-12.906924367334753,13.995039305170074
pre-PA,1406250.0,1,1,0.0,0.0
pre-PA,1445312.5,0,0,0.0,0.0
pre-PA,1445312.5,1,0,-19.538129700086103,-39.68008912771529
pre-PA,1445312.5,0,1,-12.909956495403305,13.560888059703789
pre-PA,1445312.5,1,1,0.0,0.0
pre-PA,1484375.0,0,0,0.0,0.0
pre-PA,1484375.0,1,0,-19.53445115870532,-39.78885032040881
pre-PA,1484375.0,0,1,-12.913018717870175,13.126770638179568
pre-PA,1484375.0,1,1,0.0,0.0
pre-PA,1523437.5,0,0,0.0,0.0
pre-PA,1523437.5,1,0,-19.530770162574825,-39.89773278654996
pre-PA,1523437.5,0,1,-12.916111036528648,12.692687380166628
pre-PA,1523437.5,1,1,0.0,0.0
pre-PA,1562500.0,0,0,0.0,0.0
pre-PA,1562500.0,1,0,-19.527086799537397,-40.00673700187673
pre-PA,1562500.0,0,1,-12.919233453188472,12.258638625613775
pre-PA,1562500.0,1,1,0.0,0.0
pre-PA,1601562.5,0,0,0.0,0.0
pre-PA,1601562.5,1,0,-19.523401157528433,-40.11586343862804
pre-PA,1601562.5,0,1,-12.92238596967568,11.824624714853348
pre-PA,1601562.5,1,1,0.0,0.0
pre-PA,1640625.0,0,0,0.0,0.0
pre-PA,1640625.0,1,0,-19.519713324572066,-40.22511256554972
pre-PA,1640625.0,0,1,-12.92556858783242,11.39064598860511
pre-PA,1640625.0,1,1,0.0,0.0
pre-PA,1679687.5,0,0,0.0,0.0
pre-PA,1679687.5,1,0,-19.516023388777313,-40.33448484790053
pre-PA,1679687.5,0,1,-12.928781309516761,10.956702787980207
pre-PA,1679687.5,1,1,0.0,0.0
pre-PA,1718750.0,0,0,0.0,0.0
pre-PA,1718750.0,1,0,-19.512331438334193,-40.443980747458525
pre-PA,1718750.0,0,1,-12.932024136602534,10.522795454485022
pre-PA,1718750.0,1,1,0.0,0.0
pre-PA,1757812.5,0,0,0.0,0.0
pre-PA,1757812.5,1,0,-19.508637561509918,-40.55360072252741
pre-PA,1757812.5,0,1,-12.935297070979136,10.088924330025169
pre-PA,1757812.5,1,1,0.0,0.0
pre-PA,1796875.0,0,0,0.0,0.0
pre-PA,1796875.0,1,0,-19.504941846645064,-40.663345227943395
pre-PA,1796875.0,0,1,-12.93860011455135,9.655089756909371
pre-PA,1796875.0,1,1,0.0,0.0
pre-PA,1835937.5,0,0,0.0,0.0
pre-PA,1835937.5,1,0,-19.50124438214978,-40.77321471508179
pre-PA,1835937.5,0,1,-12.941933269239156,9.221292077853468
pre-PA,1835937.5,1,1,0.0,0.0
pre-PA,1875000.0,0,0,0.0,0.0
pre-PA,1875000.0,1,0,-19.4975452565,-40.88320963186438
pre-PA,1875000.0,0,1,-12.945296536977546,8.787531635984276
pre-PA,1875000.0,1,1,0.0,0.0
pre-PA,1914062.5,0,0,0.0,0.0
pre-PA,1914062.5,1,0,-19.493844558233686,-40.993330422766405
pre-PA,1914062.5,0,1,-12.948689919716331,8.353808774843603
pre-PA,1914062.5,1,1,0.0,0.0
pre-PA,1953125.0,0,0,0.0,0.0
pre-PA,1953125.0,1,0,-19.49014237594709,-41.10357752882413
pre-PA,1953125.0,0,1,-12.952113419419945,7.920123838392169
pre-PA,1953125.0,1,1,0.0,0.0
pre-PA,1992187.5,0,0,0.0,0.0
pre-PA,1992187.5,1,0,-19.48643879829101,-41.2139513876424
pre-PA,1992187.5,0,1,-12.955567038067263,7.486477171013597
pre-PA,1992187.5,1,1,0.0,0.0
pre-PA,2031250.0,0,0,0.0,0.0
pre-PA,2031250.0,1,0,-19.482733913967106,-41.32445243340251
pre-PA,2031250.0,0,1,-12.959050777651393,7.052869117518338
pre-PA,2031250.0,1,1,0.0,0.0
pre-PA,2070312.5,0,0,0.0,0.0
pre-PA,2070312.5,1,0,-19.479027811724194,-41.43508109687005
pre-PA,2070312.5,0,1,-12.962564640179483,6.619300023147686
pre-PA,2070312.5,1,1,0.0,0.0
pre-PA,2109375.0,0,0,0.0,0.0
pre-PA,2109375.0,1,0,-19.475320580354598,-41.54583780540318
pre-PA,2109375.0,0,1,-12.966108627672517,6.185770233577727
pre-PA,2109375.0,1,1,0.0,0.0
pre-PA,2148437.5,0,0,0.0,0.0
pre-PA,2148437.5,1,0,-19.47161230869048,-41.656722982960865
pre-PA,2148437.5,0,1,-12.969682742165109,5.752280094923352
pre-PA,2148437.5,1,1,0.0,0.0
pre-PA,2187500.0,0,0,0.0,0.0
pre-PA,2187500.0,1,0,-19.46790308560024,-41.7677370501115
pre-PA,2187500.0,0,1,-12.973286985705311,5.318829953742202
pre-PA,2187500.0,1,1,0.0,0.0
pre-PA,2226562.5,0,0,0.0,0.0
pre-PA,2226562.5,1,0,-19.46419299998487,-41.87888042404145
pre-PA,2226562.5,0,1,-12.976921360354394,4.885420157038718
pre-PA,2226562.5,1,1,0.0,0.0
pre-PA,2265625.0,0,0,0.0,0.0
pre-PA,2265625.0,1,0,-19.460482140774406,-41.99015351856401
pre-PA,2265625.0,0,1,-12.980585868186639,4.452051052268096
pre-PA,2265625.0,1,1,0.0,0.0
pre-PA,2304687.5,0,0,0.0,0.0
pre-PA,2304687.5,1,0,-19.45677059692433,-42.10155674412827
pre-PA,2304687.5,0,1,-12.984280511289136,4.01872298734034
pre-PA,2304687.5,1,1,0.0,0.0
pre-PA,2343750.0,0,0,0.0,0.0
pre-PA,2343750.0,1,0,-19.453058457412034,-42.21309050782852
pre-PA,2343750.0,0,1,-12.988005291761556,3.585436310624222
pre-PA,2343750.0,1,1,0.0,0.0
pre-PA,2382812.5,0,0,0.0,0.0
pre-PA,2382812.5,1,0,-19.449345811233293,-42.324755213413376
pre-PA,2382812.5,0,1,-12.991760211715956,3.1521913709513636
pre-PA,2382812.5,1,1,0.0,0.0
pre-PA,2421875.0,0,0,0.0,0.0
pre-PA,2421875.0,1,0,-19.445632747398754,-42.436551261295364
pre-PA,2421875.0,0,1,-12.995545273276537,2.7189885176202058
pre-PA,2421875.0,1,1,0.0,0.0
pre-PA,2460937.5,0,0,0.0,0.0
pre-PA,2460937.5,1,0,-19.441919354930462,-42.54847904856066
pre-PA,2460937.5,0,1,-12.99936047857944,2.2858281004000944
pre-PA,2460937.5,1,1,0.0,0.0
pre-PA,2500000.0,0,0,0.0,0.0
pre-PA,2500000.0,1,0,-19.438205722858374,-42.6605389689788
pre-PA,2500000.0,0,1,-13.003205829772517,1.8527104695352703
pre-PA,2500000.0,1,1,0.0,0.0
pre-PA,2539062.5,0,0,0.0,0.0
pre-PA,2539062.5,1,0,-19.43449194021694,-42.7727314130127
pre-PA,2539062.5,0,1,-13.007081329015113,1.4196359757489565
pre-PA,2539062.5,1,1,0.0,0.0
pre-PA,2578125.0,0,0,0.0,0.0
pre-PA,2578125.0,1,0,-19.43077809604166,-42.885056767828814
pre-PA,2578125.0,0,1,-13.01098697847783,0.9866049702473747
pre-PA,2578125.0,1,1,0.0,0.0
pre-PA,2617187.5,0,0,0.0,0.0
pre-PA,2617187.5,1,0,-19.427064279365688,-42.99751541730739
pre-PA,2617187.5,0,1,-13.014922780342308,0.5536178047238446
pre-PA,2617187.5,1,1,0.0,0.0
pre-PA,2656250.0,0,0,0.0,0.0
pre-PA,2656250.0,1,0,-19.423350579216475,-43.11010774205293
pre-PA,2656250.0,0,1,-13.01888873680099,0.1206748313627944
pre-PA,2656250.0,1,1,0.0,0.0
pre-PA,2695312.5,0,0,0.0,0.0
pre-PA,2695312.5,1,0,-19.419637084612372,-43.222834119404695
pre-PA,2695312.5,0,1,-13.022884850056881,-0.31222359715611214
pre-PA,2695312.5,1,1,0.0,0.0
pre-PA,2734375.0,0,0,0.0,0.0
pre-PA,2734375.0,1,0,-19.415923884559334,-43.335694923447534
pre-PA,2734375.0,0,1,-13.026911122323323,-0.7450771276539416
pre-PA,2734375.0,1,1,0.0,0.0
pre-PA,2773437.5,0,0,0.0,0.0
pre-PA,2773437.5,1,0,-19.41221106804756,-43.448690525022684
pre-PA,2773437.5,0,1,-13.030967555823757,-1.1778854064483637
pre-PA,2773437.5,1,1,0.0,0.0
pre-PA,2812500.0,0,0,0.0,0.0
pre-PA,2812500.0,1,0,-19.408498724048265,-43.56182129173881
pre-PA,2812500.0,0,1,-13.03505415279147,-1.6106480793496034
pre-PA,2812500.0,1,1,0.0,0.0
pre-PA,2851562.5,0,0,0.0,0.0
pre-PA,2851562.5,1,0,-19.404786941510338,-43.675087587983164
pre-PA,2851562.5,0,1,-13.039170915469366,-2.043364791656314
pre-PA,2851562.5,1,1,0.0,0.0
pre-PA,2890625.0,0,0,0.0,0.0
pre-PA,2890625.0,1,0,-19.401075809357156,-43.788489774932835
pre-PA,2890625.0,0,1,-13.04331784610972,-2.476035188151494
pre-PA,2890625.0,1,1,0.0,0.0
pre-PA,2929687.5,0,0,0.0,0.0
pre-PA,2929687.5,1,0,-19.397365416483318,-43.902028210566186
pre-PA,2929687.5,0,1,-13.04749494697391,-2.908658913098327
pre-PA,2929687.5,1,1,0.0,0.0
pre-PA,2968750.0,0,0,0.0,0.0
pre-PA,2968750.0,1,0,-19.393655851751458,-44.01570324967446
pre-PA,2968750.0,0,1,-13.051702220332203,-3.3412356102361565
pre-PA,2968750.0,1,1,0.0,0.0
pre-PA,3007812.5,0,0,0.0,0.0
pre-PA,3007812.5,1,0,-19.389947203989067,-44.12951524387337
pre-PA,3007812.5,0,1,-13.05593966846347,-3.7737649227762455
pre-PA,3007812.5,1,1,0.0,0.0
pre-PA,3046875.0,0,0,0.0,0.0
pre-PA,3046875.0,1,0,-19.386239561985338,-44.243464541615026
pre-PA,3046875.0,0,1,-13.060207293654951,-4.206246493397755
pre-PA,3046875.0,1,1,0.0,0.0
pre-PA,3085937.5,0,0,0.0,0.0
pre-PA,3085937.5,1,0,-19.382533014488004,-44.35755148819975
pre-PA,3085937.5,0,1,-13.064505098201991,-4.638679964243498
pre-PA,3085937.5,1,1,0.0,0.0
pre-PA,3125000.0,0,0,0.0,0.0
pre-PA,3125000.0,1,0,-19.378827650200275,-44.47177642578829
pre-PA,3125000.0,0,1,-13.06883308440777,-5.0710649769158875
pre-PA,3125000.0,1,1,0.0,0.0
pre-PA,3164062.5,0,0,0.0,0.0
pre-PA,3164062.5,1,0,-19.375123557777695,-44.5861396934139
pre-PA,3164062.5,0,1,-13.073191254583069,-5.503401172472728
pre-PA,3164062.5,1,1,0.0,0.0
pre-PA,3203125.0,0,0,0.0,0.0
pre-PA,3203125.0,1,0,-19.371420825825115,-44.70064162699469
pre-PA,3203125.0,0,1,-13.077579611045977,-5.935688191423078
pre-PA,3203125.0,1,1,0.0,0.0
pre-PA,3242187.5,0,0,0.0,0.0
pre-PA,3242187.5,1,0,-19.367719542893642,-44.81528255934605
pre-PA,3242187.5,0,1,-13.081998156121639,-6.367925673723053
pre-PA,3242187.5,1,1,0.0,0.0
pre-PA,3281250.0,0,0,0.0,0.0
pre-PA,3281250.0,1,0,-19.364019797477596,-44.93006282019325
pre-PA,3281250.0,0,1,-13.086446892141979,-6.800113258771704
pre-PA,3281250.0,1,1,0.0,0.0
pre-PA,3320312.5,0,0,0.0,0.0
pre-PA,3320312.5,1,0,-19.360321678011534,-45.04498273618399
pre-PA,3320312.5,0,1,-13.09092582144544,-7.232250585406788
pre-PA,3320312.5,1,1,0.0,0.0
pre-PA,3359375.0,0,0,0.0,0.0
pre-PA,3359375.0,1,0,-19.35662527286728,-45.16004263090131
pre-PA,3359375.0,0,1,-13.095434946376692,-7.664337291900595
pre-PA,3359375.0,1,1,0.0,0.0
pre-PA,3398437.5,0,0,0.0,0.0
pre-PA,3398437.5,1,0,-19.352930670350958,-45.27524282487632
pre-PA,3398437.5,0,1,-13.099974269286374,-8.096373015955743
pre-PA,3398437.5,1,1,0.0,0.0
pre-PA,3437500.0,0,0,0.0,0.0
pre-PA,3437500.0,1,0,-19.34923795870008,-45.39058363560141
pre-PA,3437500.0,0,1,-13.10454379253079,-8.528357394700999
pre-PA,3437500.0,1,1,0.0,0.0
pre-PA,3476562.5,0,0,0.0,0.0
pre-PA,3476562.5,1,0,-19.34554722608062,-45.50606537754313
pre-PA,3476562.5,0,1,-13.109143518471665,-8.960290064687051
pre-PA,3476562.5,1,1,0.0,0.0
pre-PA,3515625.0,0,0,0.0,0.0
pre-PA,3515625.0,1,0,-19.341858560584164,-45.621688362155545
pre-PA,3515625.0,0,1,-13.11377344947581,-9.392170661882284
pre-PA,3515625.0,1,1,0.0,0.0
pre-PA,3554687.5,0,0,0.0,0.0
pre-PA,3554687.5,1,0,-19.338172050225026,-45.73745289789346
pre-PA,3554687.5,0,1,-13.118433587914877,-9.823998821668543
pre-PA,3554687.5,1,1,0.0,0.0
pre-PA,3593750.0,0,0,0.0,0.0
pre-PA,3593750.0,1,0,-19.334487782937426,-45.85335929022594
pre-PA,3593750.0,0,1,-13.12312393616505,-10.255774178836965
pre-PA,3593750.0,1,1,0.0,0.0
pre-PA,3632812.5,0,0,0.0,0.0
pre-PA,3632812.5,1,0,-19.330805846572684,-45.96940784164965
pre-PA,3632812.5,0,1,-13.127844496606752,-10.68749636758364
pre-PA,3632812.5,1,1,0.0,0.0
pre-PA,3671875.0,0,0,0.0,0.0
pre-PA,3671875.0,1,0,-19.327126328896426,-46.08559885170264
pre-PA,3671875.0,0,1,-13.132595271624357,-11.119165021505445
pre-PA,3671875.0,1,1,0.0,0.0
pre-PA,3710937.5,0,0,0.0,0.0
pre-PA,3710937.5,1,0,-19.323449317585812,-46.20193261697796
pre-PA,3710937.5,0,1,-13.137376263605884,-11.550779773595728
pre-PA,3710937.5,1,1,0.0,0.0
pre-PA,3750000.0,0,0,0.0,0.0
pre-PA,3750000.0,1,0,-19.31977490022682,-46.318409431137454
pre-PA,3750000.0,0,1,-13.142187474942704,-11.9823402562401
pre-PA,3750000.0,1,1,0.0,0.0
pre-PA,3789062.5,0,0,0.0,0.0
pre-PA,3789062.5,1,0,-19.316103164311517,-46.43502958492564
pre-PA,3789062.5,0,1,-13.147028908029226,-12.413846101212101
pre-PA,3789062.5,1,1,0.0,0.0
pre-PA,3828125.0,0,0,0.0,0.0
pre-PA,3828125.0,1,0,-19.312434197235355,-46.55179336618375
pre-PA,3828125.0,0,1,-13.151900565262597,-12.845296939669
pre-PA,3828125.0,1,1,0.0,0.0
pre-PA,3867187.5,0,0,0.0,0.0
pre-PA,3867187.5,1,0,-19.30876808629452,-46.66870105986374
pre-PA,3867187.5,0,1,-13.156802449042397,-13.276692402147402
pre-PA,3867187.5,1,1,0.0,0.0
pre-PA,3906250.0,0,0,0.0,0.0
pre-PA,3906250.0,1,0,-19.305104918683284,-46.785752948042465
pre-PA,3906250.0,0,1,-13.161734561770322,-13.70803211855908
pre-PA,3906250.0,1,1,0.0,0.0
pre-PA,3945312.5,0,0,0.0,0.0
pre-PA,3945312.5,1,0,-19.301444781491377,-46.902949309935856
pre-PA,3945312.5,0,1,-13.166696905849866,-14.139315718186547
pre-PA,3945312.5,1,1,0.0,0.0
pre-PA,3984375.0,0,0,0.0,0.0
pre-PA,3984375.0,1,0,-19.297787761701386,-47.02029042191335
pre-PA,3984375.0,0,1,-13.171689483686006,-14.570542829678844
pre-PA,3984375.0,1,1,0.0,0.0
pre-PA,4023437.5,0,0,0.0,0.0
pre-PA,4023437.5,1,0,-19.294133946186196,-47.13777655751214
pre-PA,4023437.5,0,1,-13.176712297684894,-15.001713081047162
pre-PA,4023437.5,1,1,0.0,0.0
pre-PA,4062500.0,0,0,0.0,0.0
pre-PA,4062500.0,1,0,-19.29048342170643,-47.255407987451804
pre-PA,4062500.0,0,1,-13.181765350253507,-15.432826099660542
pre-PA,4062500.0,1,1,0.0,0.0
pre-PA,4101562.5,0,0,0.0,0.0
pre-PA,4101562.5,1,0,-19.28683627490791,-47.373184979648705
pre-PA,4101562.5,0,1,-13.186848643799344,-15.863881512241516
pre-PA,4101562.5,1,1,0.0,0.0
pre-PA,4140625.0,0,0,0.0,0.0
pre-PA,4140625.0,1,0,-19.283192592319185,-47.49110779923075
pre-PA,4140625.0,0,1,-13.191962180730094,-16.29487894486183
pre-PA,4140625.0,1,1,0.0,0.0
pre-PA,4179687.5,0,0,0.0,0.0
pre-PA,4179687.5,1,0,-19.279552460349013,-47.60917670855198
pre-PA,4179687.5,0,1,-13.197105963453295,-16.72581802293797
pre-PA,4179687.5,1,1,0.0,0.0
pre-PA,4218750.0,0,0,0.0,0.0
pre-PA,4218750.0,1,0,-19.275915965283943,-47.7273919672074
pre-PA,4218750.0,0,1,-13.202279994375992,-17.15669837122697
pre-PA,4218750.0,1,1,0.0,0.0
pre-PA,4257812.5,0,0,0.0,0.0
pre-PA,4257812.5,1,0,-19.272283193285848,-47.845753832047784
pre-PA,4257812.5,0,1,-13.20748427590443,-17.587519613821875
pre-PA,4257812.5,1,1,0.0,0.0
pre-PA,4296875.0,0,0,0.0,0.0
pre-PA,4296875.0,1,0,-19.268654230389537,-47.96426255719463
pre-PA,4296875.0,0,1,-13.212718810443691,-18.018281374147513
pre-PA,4296875.0,1,1,0.0,0.0
pre-PA,4335937.5,0,0,0.0,0.0
pre-PA,4335937.5,1,0,-19.265029162500362,-48.082918394055014
pre-PA,4335937.5,0,1,-13.21798360039734,-18.448983274955978
pre-PA,4335937.5,1,1,0.0,0.0
pre-PA,4375000.0,0,0,0.0,0.0
pre-PA,4375000.0,1,0,-19.26140807539186,-48.201721591336785
pre-PA,4375000.0,0,1,-13.223278648167092,-18.879624938322344
pre-PA,4375000.0,1,1,0.0,0.0
pre-PA,4414062.5,0,0,0.0,0.0
pre-PA,4414062.5,1,0,-19.257791054703414,-48.3206723950635
pre-PA,4414062.5,0,1,-13.228603956152476,-19.310205985640252
pre-PA,4414062.5,1,1,0.0,0.0
pre-PA,4453125.0,0,0,0.0,0.0
pre-PA,4453125.0,1,0,-19.25417818593794,-48.4397710485897
pre-PA,4453125.0,0,1,-13.233959526750454,-19.740726037617424
pre-PA,4453125.0,1,1,0.0,0.0
pre-PA,4492187.5,0,0,0.0,0.0
pre-PA,4492187.5,1,0,-19.25056955445958,-48.55901779261605
pre-PA,4492187.5,0,1,-13.239345362355088,-20.171184714271316
pre-PA,4492187.5,1,1,0.0,0.0
pre-PA,4531250.0,0,0,0.0,0.0
pre-PA,4531250.0,1,0,-19.246965245491452,-48.678412865204635
pre-PA,4531250.0,0,1,-13.24476146535715,-20.60158163492473
pre-PA,4531250.0,1,1,0.0,0.0
pre-PA,4570312.5,0,0,0.0,0.0
pre-PA,4570312.5,1,0,-19.243365344113396,-48.797956501794275
pre-PA,4570312.5,0,1,-13.250207838143812,-21.03191641820126
pre-PA,4570312.5,1,1,0.0,0.0
pre-PA,4609375.0,0,0,0.0,0.0
pre-PA,4609375.0,1,0,-19.239769935259766,-48.917648935215915
pre-PA,4609375.0,0,1,-13.255684483098218,-21.46218868202097
pre-PA,4609375.0,1,1,0.0,0.0
pre-PA,4648437.5,0,0,0.0,0.0
pre-PA,4648437.5,1,0,-19.236179103717195,-49.037490395708005
pre-PA,4648437.5,0,1,-13.26119140259917,-21.892398043595865
pre-PA,4648437.5,1,1,0.0,0.0
pre-PA,4687500.0,0,0,0.0,0.0
pre-PA,4687500.0,1,0,-19.232592934122476,-49.157481110932075
pre-PA,4687500.0,0,1,-13.266728599020716,-22.32254411942547
pre-PA,4687500.0,1,1,0.0,0.0
pre-PA,4726562.5,0,0,0.0,0.0
pre-PA,4726562.5,1,0,-19.229011510960348,-49.27762130598817
pre-PA,4726562.5,0,1,-13.272296074731802,-22.752626525292378
pre-PA,4726562.5,1,1,0.0,0.0
pre-PA,4765625.0,0,0,0.0,0.0
pre-PA,4765625.0,1,0,-19.225434918561422,-49.39791120343045
pre-PA,4765625.0,0,1,-13.277893832095875,-23.182644876257754
pre-PA,4765625.0,1,1,0.0,0.0
pre-PA,4804687.5,0,0,0.0,0.0
pre-PA,4804687.5,1,0,-19.221863241100042,-49.5183510232828
pre-PA,4804687.5,0,1,-13.283521873470512,-23.612598786656804
pre-PA,4804687.5,1,1,0.0,0.0
pre-PA,4843750.0,0,0,0.0,0.0
pre-PA,4843750.0,1,0,-19.218296562592197,-49.63894098305453
pre-PA,4843750.0,0,1,-13.289180201207039,-24.042487870094412
pre-PA,4843750.0,1,1,0.0,0.0
pre-PA,4882812.5,0,0,0.0,0.0
pre-PA,4882812.5,1,0,-19.214734966893495,-49.75968129775601
pre-PA,4882812.5,0,1,-13.294868817650126,-24.47231173944048
pre-PA,4882812.5,1,1,0.0,0.0
pre-PA,4921875.0,0,0,0.0,0.0
pre-PA,4921875.0,1,0,-19.211178537697094,-49.880572179914466
pre-PA,4921875.0,0,1,-13.300587725137415,-24.902070006825568
pre-PA,4921875.0,1,1,0.0,0.0
pre-PA,4960937.5,0,0,0.0,0.0
pre-PA,4960937.5,1,0,-19.2076273585317,-50.001613839589744
pre-PA,4960937.5,0,1,-13.306336925999112,-25.33176228363625
pre-PA,4960937.5,1,1,0.0,0.0
pre-PA,5000000.0,0,0,0.0,0.0
pre-PA,5000000.0,1,0,-19.204081512759565,-50.12280648439009
pre-PA,5000000.0,0,1,-13.312116422557587,-25.761388180510686
pre-PA,5000000.0,1,1,0.0,0.0
pre-PA,5039062.5,0,0,0.0,0.0
pre-PA,5039062.5,1,0,-19.20054108357454,-50.24415031948805
pre-PA,5039062.5,0,1,-13.317926217126992,-26.190947307334007
pre-PA,5039062.5,1,1,0.0,0.0
pre-PA,5078125.0,0,0,0.0,0.0
pre-PA,5078125.0,1,0,-19.197006154000103,-50.36564554763633
pre-PA,5078125.0,0,1,-13.323766312012829,-26.620439273233856
pre-PA,5078125.0,1,1,0.0,0.0
pre-PA,5117187.5,0,0,0.0,0.0
pre-PA,5117187.5,1,0,-19.193476806887453,-50.48729236918373
pre-PA,5117187.5,0,1,-13.329636709511565,-27.049863686575744
pre-PA,5117187.5,1,1,0.0,0.0
pre-PA,5156250.0,0,0,0.0,0.0
pre-PA,5156250.0,1,0,-19.1899531249136,-50.609090982091054
pre-PA,5156250.0,0,1,-13.335537411910197,-27.47922015495858
pre-PA,5156250.0,1,1,0.0,0.0
pre-PA,5195312.5,0,0,0.0,0.0
pre-PA,5195312.5,1,0,-19.186435190579477,-50.73104158194711
pre-PA,5195312.5,0,1,-13.341468421485864,-27.90850828521002
pre-PA,5195312.5,1,1,0.0,0.0
pre-PA,5234375.0,0,0,0.0,0.0
pre-PA,5234375.0,1,0,-19.18292308620811,-50.85314436198472
pre-PA,5234375.0,0,1,-13.347429740505403,-28.337727683381953
pre-PA,5234375.0,1,1,0.0,0.0
pre-PA,5273437.5,0,0,0.0,0.0
pre-PA,5273437.5,1,0,-19.179416893942744,-50.97539951309672
pre-PA,5273437.5,0,1,-13.353421371224943,-28.766877954745848
pre-PA,5273437.5,1,1,0.0,0.0
pre-PA,5312500.0,0,0,0.0,0.0
pre-PA,5312500.0,1,0,-19.175916695745073,-51.097807223852065
pre-PA,5312500.0,0,1,-13.359443315889463,-29.195958703788236
pre-PA,5312500.0,1,1,0.0,0.0
pre-PA,5351562.5,0,0,0.0,0.0
pre-PA,5351562.5,1,0,-19.1724225733934,-51.22036768051182
pre-PA,5351562.5,0,1,-13.365495576732386,-29.624969534206027
pre-PA,5351562.5,1,1,0.0,0.0
pre-PA,5390625.0,0,0,0.0,0.0
pre-PA,5390625.0,1,0,-19.168934608480935,-51.34308106704533
pre-PA,5390625.0,0,1,-13.371578155975117,-30.053910048901994
pre-PA,5390625.0,1,1,0.0,0.0
pre-PA,5429687.5,0,0,0.0,0.0
pre-PA,5429687.5,1,0,-19.165452882413973,-51.46594756514632
pre-PA,5429687.5,0,1,-13.377691055826627,-30.482779849979977
pre-PA,5429687.5,1,1,0.0,0.0
pre-PA,5468750.0,0,0,0.0,0.0
pre-PA,5468750.0,1,0,-19.161977476410215,-51.58896735424903
pre-PA,5468750.0,0,1,-13.383834278483011,-30.911578538740518
pre-PA,5468750.0,1,1,0.0,0.0
pre-PA,5507812.5,0,0,0.0,0.0
pre-PA,5507812.5,1,0,-19.158508471497054,-51.71214061154433
pre-PA,5507812.5,0,1,-13.39000782612703,-31.34030571567592
pre-PA,5507812.5,1,1,0.0,0.0
pre-PA,5546875.0,0,0,0.0,0.0
pre-PA,5546875.0,1,0,-19.155045948509894,-51.83546751199594
pre-PA,5546875.0,0,1,-13.396211700927674,-31.768960980465856
pre-PA,5546875.0,1,1,0.0,0.0
pre-PA,5585937.5,0,0,0.0,0.0
pre-PA,5585937.5,1,0,-19.151589988090482,-51.95894822835656
pre-PA,5585937.5,0,1,-13.40244590503971,-32.19754393197253
pre-PA,5585937.5,1,1,0.0,0.0
pre-PA,5625000.0,0,0,0.0,0.0
pre-PA,5625000.0,1,0,-19.14814067068528,-52.08258293118418
pre-PA,5625000.0,0,1,-13.408710440603219,-32.626054168236095
pre-PA,5625000.0,1,1,0.0,0.0
pre-PA,5664062.5,0,0,0.0,0.0
pre-PA,5664062.5,1,0,-19.144698076543822,-52.20637178885809
pre-PA,5664062.5,0,1,-13.41500530974315,-33.05449128646999
pre-PA,5664062.5,1,1,0.0,0.0
pre-PA,5703125.0,0,0,0.0,0.0
pre-PA,5703125.0,1,0,-19.14126228571716,-52.33031496759531
pre-PA,5703125.0,0,1,-13.421330514568833,-33.482854883056184
pre-PA,5703125.0,1,1,0.0,0.0
pre-PA,5742187.5,0,0,0.0,0.0
pre-PA,5742187.5,1,0,-19.137833378056243,-52.45441263146665
pre-PA,5742187.5,0,1,-13.427686057173542,-33.911144553540545
pre-PA,5742187.5,1,1,0.0,0.0
pre-PA,5781250.0,0,0,0.0,0.0
pre-PA,5781250.0,1,0,-19.134411433210392,-52.57866494241307
pre-PA,5781250.0,0,1,-13.434071939634002,-34.33935989262813
pre-PA,5781250.0,1,1,0.0,0.0
pre-PA,5820312.5,0,0,0.0,0.0
pre-PA,5820312.5,1,0,-19.13099653062575,-52.7030720602618
pre-PA,5820312.5,0,1,-13.440488164009924,-34.76750049417845
pre-PA,5820312.5,1,1,0.0,0.0
pre-PA,5859375.0,0,0,0.0,0.0
pre-PA,5859375.0,1,0,-19.127588749543776,-52.82763414274272
pre-PA,5859375.0,0,1,-13.446934732343522,-35.19556595120074
pre-PA,5859375.0,1,1,0.0,0.0
pre-PA,5898437.5,0,0,0.0,0.0
pre-PA,5898437.5,1,0,-19.124188168999748,-52.95235134550446
pre-PA,5898437.5,0,1,-13.453411646659024,-35.62355585584926
pre-PA,5898437.5,1,1,0.0,0.0
pre-PA,5937500.0,0,0,0.0,0.0
pre-PA,5937500.0,1,0,-19.120794867821292,-53.07722382213079
pre-PA,5937500.0,0,1,-13.459918908962205,-36.051469799418534
pre-PA,5937500.0,1,1,0.0,0.0
pre-PA,5976562.5,0,0,0.0,0.0
pre-PA,5976562.5,1,0,-19.11740892462693,-53.20225172415678
pre-PA,5976562.5,0,1,-13.46645652123988,-36.47930737233866
pre-PA,5976562.5,1,1,0.0,0.0
pre-PA,6015625.0,0,0,0.0,0.0
pre-PA,6015625.0,1,0,-19.114030417824658,-53.327435201085116
pre-PA,6015625.0,0,1,-13.473024485459401,-36.90706816417042
pre-PA,6015625.0,1,1,0.0,0.0
pre-PA,6054687.5,0,0,0.0,0.0
pre-PA,6054687.5,1,0,-19.110659425610503,-53.45277440040226
pre-PA,6054687.5,0,1,-13.479622803568185,-37.33475176360067
pre-PA,6054687.5,1,1,0.0,0.0
pre-PA,6093750.0,0,0,0.0,0.0
pre-PA,6093750.0,1,0,-19.10729602596717,-53.57826946759486
pre-PA,6093750.0,0,1,-13.486251477493186,-37.76235775843747
pre-PA,6093750.0,1,1,0.0,0.0
pre-PA,6132812.5,0,0,0.0,0.0
pre-PA,6132812.5,1,0,-19.103940296662657,-53.7039205461658
pre-PA,6132812.5,0,1,-13.492910509140401,-38.18988573560531
pre-PA,6132812.5,1,1,0.0,0.0
pre-PA,6171875.0,0,0,0.0,0.0
pre-PA,6171875.0,1,0,-19.100592315248882,-53.82972777765057
pre-PA,6171875.0,0,1,-13.499599900394351,-38.61733528114034
pre-PA,6171875.0,1,1,0.0,0.0
pre-PA,6210937.5,0,0,0.0,0.0
pre-PA,6210937.5,1,0,-19.097252159060382,-53.95569130163348
pre-PA,6210937.5,0,1,-13.506319653117576,-39.04470598018556
pre-PA,6210937.5,1,1,0.0,0.0
pre-PA,6250000.0,0,0,0.0,0.0
pre-PA,6250000.0,1,0,-19.09391990521298,-54.08181125576388
pre-PA,6250000.0,0,1,-13.5130697691501,-39.47199741698603
pre-PA,6250000.0,1,1,0.0,0.0
pre-PA,6289062.5,0,0,0.0,0.0
pre-PA,6289062.5,1,0,-19.090595630602508,-54.208087775772356
pre-PA,6289062.5,0,1,-13.519850250308913,-39.89920917488396
pre-PA,6289062.5,1,1,0.0,0.0
pre-PA,6328125.0,0,0,0.0,0.0
pre-PA,6328125.0,1,0,-19.08727941190352,-54.334520995487
pre-PA,6328125.0,0,1,-13.526661098387455,-40.32634083631402
pre-PA,6328125.0,1,1,0.0,0.0
pre-PA,6367187.5,0,0,0.0,0.0
pre-PA,6367187.5,1,0,-19.08397132556803,-54.46111104684949
pre-PA,6367187.5,0,1,-13.53350231515507,-40.75339198279839
pre-PA,6367187.5,1,1,0.0,0.0
pre-PA,6406250.0,0,0,0.0,0.0
pre-PA,6406250.0,1,0,-19.0806714478243,-54.58785805993147
pre-PA,6406250.0,0,1,-13.540373902356457,-41.180362194941964
pre-PA,6406250.0,1,1,0.0,0.0
pre-PA,6445312.5,0,0,0.0,0.0
pre-PA,6445312.5,1,0,-19.07737985467562,-54.71476216295052
pre-PA,6445312.5,0,1,-13.547275861711164,-41.607251052427486
pre-PA,6445312.5,1,1,0.0,0.0
pre-PA,6484375.0,0,0,0.0,0.0
pre-PA,6484375.0,1,0,-19.074096621899074,-54.84182348228647
pre-PA,6484375.0,0,1,-13.554208194913004,-42.034058134010664
pre-PA,6484375.0,1,1,0.0,0.0
pre-PA,6523437.5,0,0,0.0,0.0
pre-PA,6523437.5,1,0,-19.07082182504442,-54.96904214249746
pre-PA,6523437.5,0,1,-13.561170903629527,-42.46078301751533
pre-PA,6523437.5,1,1,0.0,0.0
pre-PA,6562500.0,0,0,0.0,0.0
pre-PA,6562500.0,1,0,-19.06755553943287,-55.09641826633613
pre-PA,6562500.0,0,1,-13.568163989501464,-42.88742527982851
pre-PA,6562500.0,1,1,0.0,0.0
pre-PA,6601562.5,0,0,0.0,0.0
pre-PA,6601562.5,1,0,-19.064297840155998,-55.223951974765676
pre-PA,6601562.5,0,1,-13.57518745414216,-43.31398449689561
pre-PA,6601562.5,1,1,0.0,0.0
pre-PA,6640625.0,0,0,0.0,0.0
pre-PA,6640625.0,1,0,-19.061048802074588,-55.351643386976015
pre-PA,6640625.0,0,1,-13.582241299137001,-43.740460243715425
pre-PA,6640625.0,1,1,0.0,0.0
pre-PA,6679687.5,0,0,0.0,0.0
pre-PA,6679687.5,1,0,-19.057808499817533,-55.47949262039979
pre-PA,6679687.5,0,1,-13.58932552604288,-44.16685209433526
pre-PA,6679687.5,1,1,0.0,0.0
pre-PA,6718750.0,0,0,0.0,0.0
pre-PA,6718750.0,1,0,-19.054577007780747,-55.607499790728504
pre-PA,6718750.0,0,1,-13.59644013638758,-44.59315962184607
pre-PA,6718750.0,1,1,0.0,0.0
pre-PA,6757812.5,0,0,0.0,0.0
pre-PA,6757812.5,1,0,-19.051354400126108,-55.735665011928475
pre-PA,6757812.5,0,1,-13.603585131669236,-45.01938239837744
pre-PA,6757812.5,1,1,0.0,0.0
pre-PA,6796875.0,0,0,0.0,0.0
pre-PA,6796875.0,1,0,-19.048140750780387,-55.86398839625697
pre-PA,6796875.0,0,1,-13.610760513355718,-45.44551999509271
pre-PA,6796875.0,1,1,0.0,0.0
pre-PA,6835937.5,0,0,0.0,0.0
pre-PA,6835937.5,1,0,-19.044936133434224,-55.99247005427802
pre-PA,6835937.5,0,1,-13.617966282884069,-45.871571982183966
pre-PA,6835937.5,1,1,0.0,0.0
pre-PA,6875000.0,0,0,0.0,0.0
pre-PA,6875000.0,1,0,-19.041740621541127,-56.121110094878595
pre-PA,6875000.0,0,1,-13.625202441659901,-46.2975379288672
pre-PA,6875000.0,1,1,0.0,0.0
pre-PA,6914062.5,0,0,0.0,0.0
pre-PA,6914062.5,1,0,-19.038554288316433,-56.249908625284355
pre-PA,6914062.5,0,1,-13.632468991056799,-46.72341740337722
pre-PA,6914062.5,1,1,0.0,0.0
pre-PA,6953125.0,0,0,0.0,0.0
pre-PA,6953125.0,1,0,-19.035377206736364,-56.378865751075764
pre-PA,6953125.0,0,1,-13.639765932415722,-47.14920997296274
pre-PA,6953125.0,1,1,0.0,0.0
pre-PA,6992187.5,0,0,0.0,0.0
pre-PA,6992187.5,1,0,-19.032209449537053,-56.5079815762038
pre-PA,6992187.5,0,1,-13.6470932670444,-47.5749152038814
pre-PA,6992187.5,1,1,0.0,0.0
pre-PA,7031250.0,0,0,0.0,0.0
pre-PA,7031250.0,1,0,-19.029051089213574,-56.63725620300597
pre-PA,7031250.0,0,1,-13.654450996216717,-48.00053266139478
pre-PA,7031250.0,1,1,0.0,0.0
pre-PA,7070312.5,0,0,0.0,0.0
pre-PA,7070312.5,1,0,-19.02590219801905,-56.76668973222202
pre-PA,7070312.5,0,1,-13.661839121172093,-48.426061909763334
pre-PA,7070312.5,1,1,0.0,0.0
pre-PA,7109375.0,0,0,0.0,0.0
pre-PA,7109375.0,1,0,-19.022762847963705,-56.896282263009866
pre-PA,7109375.0,0,1,-13.669257643114864,-48.85150251224148
pre-PA,7109375.0,1,1,0.0,0.0
pre-PA,7148437.5,0,0,0.0,0.0
pre-PA,7148437.5,1,0,-19.019633110813977,-57.02603389296125
pre-PA,7148437.5,0,1,-13.676706563213672,-49.27685403107253
pre-PA,7148437.5,1,1,0.0,0.0
pre-PA,7187500.0,0,0,0.0,0.0
pre-PA,7187500.0,1,0,-19.016513058091643,-57.15594471811763
pre-PA,7187500.0,0,1,-13.6841858826008,-49.70211602748366
pre-PA,7187500.0,1,1,0.0,0.0
pre-PA,7226562.5,0,0,0.0,0.0
pre-PA,7226562.5,1,0,-19.01340276107295,-57.286014832985764
pre-PA,7226562.5,0,1,-13.691695602371574,-50.12728806168091
pre-PA,7226562.5,1,1,0.0,0.0
pre-PA,7265625.0,0,0,0.0,0.0
pre-PA,7265625.0,1,0,-19.01030229078777,-57.416244330553496
pre-PA,7265625.0,0,1,-13.699235723583689,-50.552369692844074
pre-PA,7265625.0,1,1,0.0,0.0
pre-PA,7304687.5,0,0,0.0,0.0
pre-PA,7304687.5,1,0,-19.007211718018752,-57.5466333023053
pre-PA,7304687.5,0,1,-13.706806247256589,-50.97736047912173
pre-PA,7304687.5,1,1,0.0,0.0
pre-PA,7343750.0,0,0,0.0,0.0
pre-PA,7343750.0,1,0,-19.004131113300524,-57.67718183823806
pre-PA,7343750.0,0,1,-13.714407174370786,-51.40225997762616
pre-PA,7343750.0,1,1,0.0,0.0
pre-PA,7382812.5,0,0,0.0,0.0
pre-PA,7382812.5,1,0,-19.001060546918882,-57.80789002687649
pre-PA,7382812.5,0,1,-13.72203850586724,-51.82706774442823
pre-PA,7382812.5,1,1,0.0,0.0
pre-PA,7421875.0,0,0,0.0,0.0
pre-PA,7421875.0,1,0,-18.998000088910008,-57.938757955288764
pre-PA,7421875.0,0,1,-13.729700242646665,-52.25178333455235
pre-PA,7421875.0,1,1,0.0,0.0
pre-PA,7460937.5,0,0,0.0,0.0
pre-PA,7460937.5,1,0,-18.9949498090597,-58.06978570910202
pre-PA,7460937.5,0,1,-13.737392385568882,-52.676406301971404
pre-PA,7460937.5,1,1,0.0,0.0
pre-PA,7500000.0,0,0,0.0,0.0
pre-PA,7500000.0,1,0,-18.99190977690261,-58.20097337251787
pre-PA,7500000.0,0,1,-13.745114935452118,-53.10093619960162
pre-PA,7500000.0,1,1,0.0,0.0
pre-PA,7539062.5,0,0,0.0,0.0
pre-PA,7539062.5,1,0,-18.98888006172151,-58.33232102832776
pre-PA,7539062.5,0,1,-13.752867893072375,-53.52537257929751
pre-PA,7539062.5,1,1,0.0,0.0
pre-PA,7578125.0,0,0,0.0,0.0
pre-PA,7578125.0,1,0,-18.98586073254658,-58.46382875792845
pre-PA,7578125.0,0,1,-13.760651259162701,-53.9497149918467
pre-PA,7578125.0,1,1,0.0,0.0
pre-PA,7617187.5,0,0,0.0,0.0
pre-PA,7617187.5,1,0,-18.982851858154664,-58.595496641337284
pre-PA,7617187.5,0,1,-13.768465034412529,-54.37396298696487
pre-PA,7617187.5,1,1,0.0,0.0
pre-PA,7656250.0,0,0,0.0,0.0
pre-PA,7656250.0,1,0,-18.97985350706862,-58.72732475720765
pre-PA,7656250.0,0,1,-13.776309219466965,-54.798116113290604
pre-PA,7656250.0,1,1,0.0,0.0
pre-PA,7695312.5,0,0,0.0,0.0
pre-PA,7695312.5,1,0,-18.976865747556594,-58.859313182844105
pre-PA,7695312.5,0,1,-13.784183814926097,-55.222173918380214
pre-PA,7695312.5,1,1,0.0,0.0
pre-PA,7734375.0,0,0,0.0,0.0
pre-PA,7734375.0,1,0,-18.973888647631398,-58.99146199421775
pre-PA,7734375.0,0,1,-13.792088821344297,-55.646135948702685
pre-PA,7734375.0,1,1,0.0,0.0
pre-PA,7773437.5,0,0,0.0,0.0
pre-PA,7773437.5,1,0,-18.970922275049816,-59.123771265981354
pre-PA,7773437.5,0,1,-13.80002423922949,-56.07000174963444
pre-PA,7773437.5,1,1,0.0,0.0
pre-PA,7812500.0,0,0,0.0,0.0
pre-PA,7812500.0,1,0,-18.967966697312,-59.25624107148452
pre-PA,7812500.0,0,1,-13.807990069042456,-56.49377086545421
pre-PA,7812500.0,1,1,0.0,0.0
pre-PA,7851562.5,0,0,0.0,0.0
pre-PA,7851562.5,1,0,-18.96502198166084,-59.38887148278884
pre-PA,7851562.5,0,1,-13.8159863111961,-56.91744283933785
pre-PA,7851562.5,1,1,0.0,0.0
pre-PA,7890625.0,0,0,0.0,0.0
pre-PA,7890625.0,1,0,-18.96208819508133,-59.52166257068293
pre-PA,7890625.0,0,1,-13.824012966054724,-57.34101721335323
pre-PA,7890625.0,1,1,0.0,0.0
pre-PA,7929687.5,0,0,0.0,0.0
pre-PA,7929687.5,1,0,-18.959165404300002,-59.65461440469746
pre-PA,7929687.5,0,1,-13.832070033933286,-57.76449352845495
pre-PA,7929687.5,1,1,0.0,0.0
pre-PA,7968750.0,0,0,0.0,0.0
pre-PA,7968750.0,1,0,-18.956253675784332,-59.787727053120165
pre-PA,7968750.0,0,1,-13.840157515096678,-58.1878713244792
pre-PA,7968750.0,1,1,0.0,0.0
pre-PA,8007812.5,0,0,0.0,0.0
pre-PA,8007812.5,1,0,-18.953353075742175,-59.92100058301073
pre-PA,8007812.5,0,1,-13.848275409758969,-58.611150140138555
pre-PA,8007812.5,1,1,0.0,0.0
pre-PA,8046875.0,0,0,0.0,0.0
pre-PA,8046875.0,1,0,-18.9504636701212,-60.054435060215795
pre-PA,8046875.0,0,1,-13.85642371808265,-59.0343295130168
pre-PA,8046875.0,1,1,0.0,0.0
pre-PA,8085937.5,0,0,0.0,0.0
pre-PA,8085937.5,1,0,-18.94758552460835,-60.18803054938364
pre-PA,8085937.5,0,1,-13.864602440177883,-59.45740897956364
pre-PA,8085937.5,1,1,0.0,0.0
pre-PA,8125000.0,0,0,0.0,0.0
pre-PA,8125000.0,1,0,-18.944718704629334,-60.3217871139791
pre-PA,8125000.0,0,1,-13.872811576101734,-59.88038807508952
pre-PA,8125000.0,1,1,0.0,0.0
pre-PA,8164062.5,0,0,0.0,0.0
pre-PA,8164062.5,1,0,-18.941863275348073,-60.45570481629834
pre-PA,8164062.5,0,1,-13.881051125857413,-60.30326633376041
pre-PA,8164062.5,1,1,0.0,0.0
pre-PA,8203125.0,0,0,0.0,0.0
pre-PA,8203125.0,1,0,-18.939019301666235,-60.58978371748346
pre-PA,8203125.0,0,1,-13.889321089393487,-60.72604328859254
pre-PA,8203125.0,1,1,0.0,0.0
pre-PA,8242187.5,0,0,0.0,0.0
pre-PA,8242187.5,1,0,-18.936186848222718,-60.72402387753722
pre-PA,8242187.5,0,1,-13.897621466603102,-61.148718471447125
pre-PA,8242187.5,1,1,0.0,0.0
pre-PA,8281250.0,0,0,0.0,0.0
pre-PA,8281250.0,1,0,-18.933365979393187,-60.85842535533761
pre-PA,8281250.0,0,1,-13.905952257323202,-61.57129141302521
pre-PA,8281250.0,1,1,0.0,0.0
pre-PA,8320312.5,0,0,0.0,0.0
pre-PA,8320312.5,1,0,-18.930556759289587,-60.99298820865247
pre-PA,8320312.5,0,1,-13.914313461333727,-61.993761642862296
pre-PA,8320312.5,1,1,0.0,0.0
pre-PA,8359375.0,0,0,0.0,0.0
pre-PA,8359375.0,1,0,-18.927759251759714,-61.12771249415396
pre-PA,8359375.0,0,1,-13.922705078356817,-62.41612868932314
pre-PA,8359375.0,1,1,0.0,0.0
pre-PA,8398437.5,0,0,0.0,0.0
pre-PA,8398437.5,1,0,-18.92497352038676,-61.26259826743297
pre-PA,8398437.5,0,1,-13.931127108056003,-62.838392079596424
pre-PA,8398437.5,1,1,0.0,0.0
pre-PA,8437500.0,0,0,0.0,0.0
pre-PA,8437500.0,1,0,-18.92219962848889,-61.39764558301365
pre-PA,8437500.0,0,1,-13.939579550035395,-63.26055133968955
pre-PA,8437500.0,1,1,0.0,0.0
pre-PA,8476562.5,0,0,0.0,0.0
pre-PA,8476562.5,1,0,-18.91943763911881,-61.53285449436763
pre-PA,8476562.5,0,1,-13.948062403838875,-63.682605994423284
pre-PA,8476562.5,1,1,0.0,0.0
pre-PA,8515625.0,0,0,0.0,0.0
pre-PA,8515625.0,1,0,-18.916687615063378,-61.66822505392848
pre-PA,8515625.0,0,1,-13.956575668949245,-64.1045555674265
pre-PA,8515625.0,1,1,0.0,0.0
pre-PA,8554687.5,0,0,0.0,0.0
pre-PA,8554687.5,1,0,-18.913949618843187,-61.80375731310579
pre-PA,8554687.5,0,1,-13.965119344787428,-64.52639958113083
pre-PA,8554687.5,1,1,0.0,0.0
pre-PA,8593750.0,0,0,0.0,0.0
pre-PA,8593750.0,1,0,-18.911223712712207,-61.93945132229953
pre-PA,8593750.0,0,1,-13.973693430711602,-64.94813755676539
pre-PA,8593750.0,1,1,0.0,0.0
pre-PA,8632812.5,0,0,0.0,0.0
pre-PA,8632812.5,1,0,-18.9085099586574,-62.075307130914084
pre-PA,8632812.5,0,1,-13.982297926016372,-65.36976901435148
pre-PA,8632812.5,1,1,0.0,0.0
pre-PA,8671875.0,0,0,0.0,0.0
pre-PA,8671875.0,1,0,-18.905808418398347,-62.21132478737242
pre-PA,8671875.0,0,1,-13.990932829931912,-65.79129347269719
pre-PA,8671875.0,1,1,0.0,0.0
pre-PA,8710937.5,0,0,0.0,0.0
pre-PA,8710937.5,1,0,-18.90311915338693,-62.34750433913011
pre-PA,8710937.5,0,1,-13.99959814162311,-66.21271044939215
pre-PA,8710937.5,1,1,0.0,0.0
pre-PA,8750000.0,0,0,0.0,0.0
pre-PA,8750000.0,1,0,-18.900442224806937,-62.4838458326893
pre-PA,8750000.0,0,1,-14.008293860188697,-66.63401946080212
pre-PA,8750000.0,1,1,0.0,0.0
pre-PA,8789062.5,0,0,0.0,0.0
pre-PA,8789062.5,1,0,-18.897777693573804,-62.62034931361266
pre-PA,8789062.5,0,1,-14.01701998466039,-67.05522002206371
pre-PA,8789062.5,1,1,0.0,0.0
pre-PA,8828125.0,0,0,0.0,0.0
pre-PA,8828125.0,1,0,-18.895125620334234,-62.75701482653727
pre-PA,8828125.0,0,1,-14.025776514001993,-67.47631164707902
pre-PA,8828125.0,1,1,0.0,0.0
pre-PA,8867187.5,0,0,0.0,0.0
pre-PA,8867187.5,1,0,-18.892486065465917,-62.89384241518848
pre-PA,8867187.5,0,1,-14.034563447108535,-67.89729384851017
pre-PA,8867187.5,1,1,0.0,0.0
pre-PA,8906250.0,0,0,0.0,0.0
pre-PA,8906250.0,1,0,-18.889859089077245,-63.030832122393576
pre-PA,8906250.0,0,1,-14.04338078280535,-68.31816613777418
pre-PA,8906250.0,1,1,0.0,0.0
pre-PA,8945312.5,0,0,0.0,0.0
pre-PA,8945312.5,1,0,-18.88724475100699,-63.16798399009557
pre-PA,8945312.5,0,1,-14.052228519847215,-68.73892802503735
pre-PA,8945312.5,1,1,0.0,0.0
pre-PA,8984375.0,0,0,0.0,0.0
pre-PA,8984375.0,1,0,-18.884643110824044,-63.30529805936688
pre-PA,8984375.0,0,1,-14.061106656917415,-69.15957901921
pre-PA,8984375.0,1,1,0.0,0.0
pre-PA,9023437.5,0,0,0.0,0.0
pre-PA,9023437.5,1,0,-18.88205422782716,-63.442774370422896
pre-PA,9023437.5,0,1,-14.070015192626835,-69.58011862794113
pre-PA,9023437.5,1,1,0.0,0.0
pre-PA,9062500.0,0,0,0.0,0.0
pre-PA,9062500.0,1,0,-18.879478161044684,-63.5804129626355
pre-PA,9062500.0,0,1,-14.078954125513052,-70.00054635761295
pre-PA,9062500.0,1,1,0.0,0.0
pre-PA,9101562.5,0,0,0.0,0.0
pre-PA,9101562.5,1,0,-18.876914969234285,-63.718213874546585
pre-PA,9101562.5,0,1,-14.0879234540394,-70.42086171333553
pre-PA,9101562.5,1,1,0.0,0.0
pre-PA,9140625.0,0,0,0.0,0.0
pre-PA,9140625.0,1,0,-18.874364710882773,-63.856177143881496
pre-PA,9140625.0,0,1,-14.096923176594027,-70.84106419894142
pre-PA,9140625.0,1,1,0.0,0.0
pre-PA,9179687.5,0,0,0.0,0.0
pre-PA,9179687.5,1,0,-18.87182744420579,-63.99430280756243
pre-PA,9179687.5,0,1,-14.105953291488987,-71.26115331698017
pre-PA,9179687.5,1,1,0.0,0.0
pre-PA,9218750.0,0,0,0.0,0.0
pre-PA,9218750.0,1,0,-18.869303227147658,-64.13259090172164
pre-PA,9218750.0,0,1,-14.11501379695924,-71.6811285687131
pre-PA,9218750.0,1,1,0.0,0.0
pre-PA,9257812.5,0,0,0.0,0.0
pre-PA,9257812.5,1,0,-18.866792117381134,-64.27104146171483
pre-PA,9257812.5,0,1,-14.124104691161744,-72.10098945410762
pre-PA,9257812.5,1,1,0.0,0.0
pre-PA,9296875.0,0,0,0.0,0.0
pre-PA,9296875.0,1,0,-18.864294172307204,-64.40965452213425
pre-PA,9296875.0,0,1,-14.133225972174468,-72.52073547183211
pre-PA,9296875.0,1,1,0.0,0.0
pre-PA,9335937.5,0,0,0.0,0.0
pre-PA,9335937.5,1,0,-18.861809449054906,-64.54843011682192
pre-PA,9335937.5,0,1,-14.142377637995425,-72.9403661192502
pre-PA,9335937.5,1,1,0.0,0.0
pre-PA,9375000.0,0,0,0.0,0.0
pre-PA,9375000.0,1,0,-18.85933800448112,-64.68736827888266
pre-PA,9375000.0,0,1,-14.151559686541692,-73.35988089241563
pre-PA,9375000.0,1,1,0.0,0.0
pre-PA,9414062.5,0,0,0.0,0.0
pre-PA,9414062.5,1,0,-18.856879895170422,-64.82646904069712
pre-PA,9414062.5,0,1,-14.160772115648433,-73.7792792860666
pre-PA,9414062.5,1,1,0.0,0.0
pre-PA,9453125.0,0,0,0.0,0.0
pre-PA,9453125.0,1,0,-18.854435177434887,-64.96573243393475
pre-PA,9453125.0,0,1,-14.170014923067896,-74.19856079362044
pre-PA,9453125.0,1,1,0.0,0.0
pre-PA,9492187.5,0,0,0.0,0.0
pre-PA,9492187.5,1,0,-18.852003907313936,-65.10515848956672
pre-PA,9492187.5,0,1,-14.179288106468418,-74.61772490716817
pre-PA,9492187.5,1,1,0.0,0.0
pre-PA,9531250.0,0,0,0.0,0.0
pre-PA,9531250.0,1,0,-18.849586140574182,-65.2447472378788
pre-PA,9531250.0,0,1,-14.188591663433412,-75.036771117469
pre-PA,9531250.0,1,1,0.0,0.0
pre-PA,9570312.5,0,0,0.0,0.0
pre-PA,9570312.5,1,0,-18.847181932709308,-65.38449870848397
pre-PA,9570312.5,0,1,-14.197925591460363,-75.45569891394494
pre-PA,9570312.5,1,1,0.0,0.0
pre-PA,9609375.0,0,0,0.0,0.0
pre-PA,9609375.0,1,0,-18.844791338939892,-65.52441293033546
pre-PA,9609375.0,0,1,-14.20728988795978,-75.87450778467536
pre-PA,9609375.0,1,1,0.0,0.0
pre-PA,9648437.5,0,0,0.0,0.0
pre-PA,9648437.5,1,0,-18.842414414213287,-65.66448993173908
pre-PA,9648437.5,0,1,-14.216684550254202,-76.2931972163914
pre-PA,9648437.5,1,1,0.0,0.0
pre-PA,9687500.0,0,0,0.0,0.0
pre-PA,9687500.0,1,0,-18.840051213203534,-65.80472974036607
pre-PA,9687500.0,0,1,-14.22610957557711,-76.7117666944707
pre-PA,9687500.0,1,1,0.0,0.0
pre-PA,9726562.5,0,0,0.0,0.0
pre-PA,9726562.5,1,0,-18.8377017903112,-65.9451323832655
pre-PA,9726562.5,0,1,-14.235564961071931,-77.13021570293182
pre-PA,9726562.5,1,1,0.0,0.0
pre-PA,9765625.0,0,0,0.0,0.0
pre-PA,9765625.0,1,0,-18.835366199663294,-66.08569788687687
pre-PA,9765625.0,0,1,-14.24505070379093,-77.54854372442881
pre-PA,9765625.0,1,1,0.0,0.0
pre-PA,9804687.5,0,0,0.0,0.0
pre-PA,9804687.5,1,0,-18.833044495113175,-66.22642627704239
pre-PA,9804687.5,0,1,-14.2545668006942,-77.96675024024572
pre-PA,9804687.5,1,1,0.0,0.0
pre-PA,9843750.0,0,0,0.0,0.0
pre-PA,9843750.0,1,0,-18.830736730240428,-66.36731757901951
pre-PA,9843750.0,0,1,-14.26411324864854,-78.38483473029116
pre-PA,9843750.0,1,1,0.0,0.0
pre-PA,9882812.5,0,0,0.0,0.0
pre-PA,9882812.5,1,0,-18.828442958350823,-66.50837181749309
pre-PA,9882812.5,0,1,-14.27369004442642,-78.8027966730928
pre-PA,9882812.5,1,1,0.0,0.0
pre-PA,9921875.0,0,0,0.0,0.0
pre-PA,9921875.0,1,0,-18.82616323247619,-66.64958901658771
pre-PA,9921875.0,0,1,-14.283297184704853,-79.22063554579192
pre-PA,9921875.0,1,1,0.0,0.0
pre-PA,9960937.5,0,0,0.0,0.0
pre-PA,9960937.5,1,0,-18.823897605374384,-66.79096919987981
pre-PA,9960937.5,0,1,-14.29293466606433,-79.63835082413789
pre-PA,9960937.5,1,1,0.0,0.0
pre-PA,10000000.0,0,0,0.0,0.0
pre-PA,10000000.0,1,0,-18.821646129529174,-66.93251239040985
pre-PA,10000000.0,0,1,-14.302602484987695,-80.05594198248272
pre-PA,10000000.0,1,1,0.0,0.0
post-PA,-10000000.0,0,0,0.0,0.0
post-PA,-10000000.0,1,0,-17.82738381718721,176.68663204566764
post-PA,-10000000.0,0,1,-12.35833455025455,37.25559142326668
post-PA,-10000000.0,1,1,0.0,0.0
post-PA,-9960937.5,0,0,0.0,0.0
post-PA,-9960937.5,1,0,-17.83013047795035,176.18302847127174
post-PA,-9960937.5,0,1,-12.351236249329908,37.036775423094745
post-PA,-9960937.5,1,1,0.0,0.0
post-PA,-9921875.0,0,0,0.0,0.0
post-PA,-9921875.0,1,0,-17.832880770542598,175.67955765422045
post-PA,-9921875.0,0,1,-12.344158635471377,36.81785118739348
post-PA,-9921875.0,1,1,0.0,0.0
post-PA,-9882812.5,0,0,0.0,0.0
post-PA,-9882812.5,1,0,-17.835634648511757,175.1762195226049
post-PA,-9882812.5,0,1,-12.337101729348891,36.598819126606266
post-PA,-9882812.5,1,1,0.0,0.0
post-PA,-9843750.0,0,0,0.0,0.0
post-PA,-9843750.0,1,0,-17.83839206522294,174.67301400315284
post-PA,-9843750.0,0,1,-12.330065551487536,36.379679650616154
post-PA,-9843750.0,1,1,0.0,0.0
post-PA,-9804687.5,0,0,0.0,0.0
post-PA,-9804687.5,1,0,-17.841152973859206,174.16994102122058
post-PA,-9804687.5,0,1,-12.32305012226841,36.16043316874634
post-PA,-9804687.5,1,1,0.0,0.0
post-PA,-9765625.0,0,0,0.0,0.0
post-PA,-9765625.0,1,0,-17.843917327422297,173.66700050078504
post-PA,-9765625.0,0,1,-12.316055461929443,35.94108008976072
post-PA,-9765625.0,1,1,0.0,0.0
post-PA,-9726562.5,0,0,0.0,0.0
post-PA,-9726562.5,1,0,-17.846685078733344,173.1641923644356
post-PA,-9726562.5,0,1,-12.309081590566224,35.721620821864356
post-PA,-9726562.5,1,1,0.0,0.0
post-PA,-9687500.0,0,0,0.0,0.0
post-PA,-9687500.0,1,0,-17.84945618043358,172.66151653336607
post-PA,-9687500.0,0,1,-12.302128528132846,35.50205577270403
post-PA,-9687500.0,1,1,0.0,0.0
post-PA,-9648437.5,0,0,0.0,0.0
post-PA,-9648437.5,1,0,-17.852230584985087,172.15897292736662
post-PA,-9648437.5,0,1,-12.295196294442704,35.28238534936883
post-PA,-9648437.5,1,1,0.0,0.0
post-PA,-9609375.0,0,0,0.0,0.0
post-PA,-9609375.0,1,0,-17.855008244671534,171.65656146481567
post-PA,-9609375.0,0,1,-12.288284909169327,35.062609958390695
post-PA,-9609375.0,1,1,0.0,0.0
post-PA,-9570312.5,0,0,0.0,0.0
post-PA,-9570312.5,1,0,-17.857789111598947,171.1542820626717
post-PA,-9570312.5,0,1,-12.281394391847185,34.84273000574501
post-PA,-9570312.5,1,1,0.0,0.0
post-PA,-9531250.0,0,0,0.0,0.0
post-PA,-9531250.0,1,0,-17.86057313769644,170.65213463646535
post-PA,-9531250.0,0,1,-12.274524761872508,34.62274589685132
post-PA,-9531250.0,1,1,0.0,0.0
post-PA,-9492187.5,0,0,0.0,0.0
post-PA,-9492187.5,1,0,-17.863360274717028,170.150119100291
post-PA,-9492187.5,0,1,-12.26767603850407,34.402658036573776
post-PA,-9492187.5,1,1,0.0,0.0
post-PA,-9453125.0,0,0,0.0,0.0
post-PA,-9453125.0,1,0,-17.866150474238395,169.6482353667989
post-PA,-9453125.0,0,1,-12.260848240864012,34.182466829221994
post-PA,-9453125.0,1,1,0.0,0.0
post-PA,-9414062.5,0,0,0.0,0.0
post-PA,-9414062.5,1,0,-17.86894368766369,169.14648334718686
post-PA,-9414062.5,0,1,-12.25404138793862,33.96217267855159
post-PA,-9414062.5,1,1,0.0,0.0
post-PA,-9375000.0,0,0,0.0,0.0
post-PA,-9375000.0,1,0,-17.87173986622236,168.6448629511922
post-PA,-9375000.0,0,1,-12.24725549857914,33.741775987764946
post-PA,-9375000.0,1,1,0.0,0.0
post-PA,-9335937.5,0,0,0.0,0.0
post-PA,-9335937.5,1,0,-17.87453896097092,168.1433740870835
post-PA,-9335937.5,0,1,-12.240490591502533,33.5212771595119
post-PA,-9335937.5,1,1,0.0,0.0
post-PA,-9296875.0,0,0,0.0,0.0
post-PA,-9296875.0,1,0,-17.87734092279383,167.64201666165252
post-PA,-9296875.0,0,1,-12.233746685292289,33.300676595890444
post-PA,-9296875.0,1,1,0.0,0.0
post-PA,-9257812.5,0,0,0.0,0.0
post-PA,-9257812.5,1,0,-17.880145702404313,167.14079058020587
post-PA,-9257812.5,0,1,-12.227023798399197,33.07997469844753
post-PA,-9257812.5,1,1,0.0,0.0
post-PA,-9218750.0,0,0,0.0,0.0
post-PA,-9218750.0,1,0,-17.88295325034521,166.63969574655715
post-PA,-9218750.0,0,1,-12.220321949142111,32.859171868179786
post-PA,-9218750.0,1,1,0.0,0.0
post-PA,-9179687.5,0,0,0.0,0.0
post-PA,-9179687.5,1,0,-17.88576351698984,166.13873206301835
post-PA,-9179687.5,0,1,-12.213641155708732,32.6382685055343
post-PA,-9179687.5,1,1,0.0,0.0
post-PA,-9140625.0,0,0,0.0,0.0
post-PA,-9140625.0,1,0,-17.888576452542885,165.63789943039203
post-PA,-9140625.0,0,1,-12.206981436156376,32.41726501040948
post-PA,-9140625.0,1,1,0.0,0.0
post-PA,-9101562.5,0,0,0.0,0.0
post-PA,-9101562.5,1,0,-17.891392007041247,165.13719774796292
post-PA,-9101562.5,0,1,-12.20034280841273,32.19616178215575
post-PA,-9101562.5,1,1,0.0,0.0
post-PA,-9062500.0,0,0,0.0,0.0
post-PA,-9062500.0,1,0,-17.894210130354985,164.6366269134897
post-PA,-9062500.0,0,1,-12.193725290276621,31.974959219576537
post-PA,-9062500.0,1,1,0.0,0.0
post-PA,-9023437.5,0,0,0.0,0.0
post-PA,-9023437.5,1,0,-17.89703077218818,164.136186823197
post-PA,-9023437.5,0,1,-12.187128899418752,31.753657720928956
post-PA,-9023437.5,1,1,0.0,0.0
post-PA,-8984375.0,0,0,0.0,0.0
post-PA,-8984375.0,1,0,-17.89985388207988,163.635877371767
post-PA,-8984375.0,0,1,-12.18055365338249,31.532257683924815
post-PA,-8984375.0,1,1,0.0,0.0
post-PA,-8945312.5,0,0,0.0,0.0
post-PA,-8945312.5,1,0,-17.902679409405014,163.13569845233138
post-PA,-8945312.5,0,1,-12.173999569584566,31.310759505731404
post-PA,-8945312.5,1,1,0.0,0.0
post-PA,-8906250.0,0,0,0.0,0.0
post-PA,-8906250.0,1,0,-17.90550730337534,162.63564995646297
post-PA,-8906250.0,0,1,-12.167466665315857,31.089163582972446
post-PA,-8906250.0,1,1,0.0,0.0
post-PA,-8867187.5,0,0,0.0,0.0
post-PA,-8867187.5,1,0,-17.9083375130404,162.13573177416765
post-PA,-8867187.5,0,1,-12.160954957742103,30.86747031172896
post-PA,-8867187.5,1,1,0.0,0.0
post-PA,-8828125.0,0,0,0.0,0.0
post-PA,-8828125.0,1,0,-17.911169987288474,161.63594379387615
post-PA,-8828125.0,0,1,-12.15446446390465,30.645680087540256
post-PA,-8828125.0,1,1,0.0,0.0
post-PA,-8789062.5,0,0,0.0,0.0
post-PA,-8789062.5,1,0,-17.914004674847554,161.13628590243576
post-PA,-8789062.5,0,1,-12.147995200721187,30.423793305404832
post-PA,-8789062.5,1,1,0.0,0.0
post-PA,-8750000.0,0,0,0.0,0.0
post-PA,-8750000.0,1,0,-17.91684152428634,160.63675798510226
post-PA,-8750000.0,0,1,-12.141547184986461,30.20181035978133
post-PA,-8750000.0,1,1,0.0,0.0
post-PA,-8710937.5,0,0,0.0,0.0
post-PA,-8710937.5,1,0,-17.919680484015224,160.13735992553168
post-PA,-8710937.5,0,1,-12.135120433373,29.979731644589535
post-PA,-8710937.5,1,1,0.0,0.0
post-PA,-8671875.0,0,0,0.0,0.0
post-PA,-8671875.0,1,0,-17.922521502287314,159.6380916057719
post-PA,-8671875.0,0,1,-12.128714962431854,29.75755755321136
post-PA,-8671875.0,1,1,0.0,0.0
post-PA,-8632812.5,0,0,0.0,0.0
post-PA,-8632812.5,1,0,-17.925364527199438,159.13895290625487
post-PA,-8632812.5,0,1,-12.122330788593278,29.53528847849184
post-PA,-8632812.5,1,1,0.0,0.0
post-PA,-8593750.0,0,0,0.0,0.0
post-PA,-8593750.0,1,0,-17.928209506693186,158.63994370578808
post-PA,-8593750.0,0,1,-12.115967928167468,29.31292481274017
post-PA,-8593750.0,1,1,0.0,0.0
post-PA,-8554687.5,0,0,0.0,0.0
post-PA,-8554687.5,1,0,-17.93105638855596,158.14106388154653
post-PA,-8554687.5,0,1,-12.10962639734526,29.090466947730686
post-PA,-8554687.5,1,1,0.0,0.0
post-PA,-8515625.0,0,0,0.0,0.0
post-PA,-8515625.0,1,0,-17.933905120422008,157.6423133090645
post-PA,-8515625.0,0,1,-12.103306212198827,28.86791527470403
post-PA,-8515625.0,1,1,0.0,0.0
post-PA,-8476562.5,0,0,0.0,0.0
post-PA,-8476562.5,1,0,-17.93675564977351,157.14369186222746
post-PA,-8476562.5,0,1,-12.097007388682394,28.645270184368037
post-PA,-8476562.5,1,1,0.0,0.0
post-PA,-8437500.0,0,0,0.0,0.0
post-PA,-8437500.0,1,0,-17.939607923941658,156.64519941326378
post-PA,-8437500.0,0,1,-12.090729942632928,28.422532066899006
post-PA,-8437500.0,1,1,0.0,0.0
post-PA,-8398437.5,0,0,0.0,0.0
post-PA,-8398437.5,1,0,-17.942461890107726,156.14683583273677
post-PA,-8398437.5,0,1,-12.08447388977081,28.199701311942594
post-PA,-8398437.5,1,1,0.0,0.0
post-PA,-8359375.0,0,0,0.0,0.0
post-PA,-8359375.0,1,0,-17.945317495304195,155.6486009895363
post-PA,-8359375.0,0,1,-12.078239245700559,27.976778308615124
post-PA,-8359375.0,1,1,0.0,0.0
post-PA,-8320312.5,0,0,0.0,0.0
post-PA,-8320312.5,1,0,-17.94817468641586,155.1504947508709
post-PA,-8320312.5,0,1,-12.07202602591149,27.753763445504514
post-PA,-8320312.5,1,1,0.0,0.0
post-PA,-8281250.0,0,0,0.0,0.0
post-PA,-8281250.0,1,0,-17.95103341018094,154.65251698225947
post-PA,-8281250.0,0,1,-12.065834245778401,27.530657110671545
post-PA,-8281250.0,1,1,0.0,0.0
post-PA,-8242187.5,0,0,0.0,0.0
post-PA,-8242187.5,1,0,-17.95389361319225,154.15466754752327
post-PA,-8242187.5,0,1,-12.059663920562256,27.307459691650887
post-PA,-8242187.5,1,1,0.0,0.0
post-PA,-8203125.0,0,0,0.0,0.0
post-PA,-8203125.0,1,0,-17.95675524189832,153.6569463087777
post-PA,-8203125.0,0,1,-12.053515065410839,27.084171575452384
post-PA,-8203125.0,1,1,0.0,0.0
post-PA,-8164062.5,0,0,0.0,0.0
post-PA,-8164062.5,1,0,-17.95961824260457,153.1593531264243
post-PA,-8164062.5,0,1,-12.047387695359454,26.860793148562113
post-PA,-8164062.5,1,1,0.0,0.0
post-PA,-8125000.0,0,0,0.0,0.0
post-PA,-8125000.0,1,0,-17.96248256147449,152.6618878591428
post-PA,-8125000.0,0,1,-12.04128182533157,26.63732479694363
post-PA,-8125000.0,1,1,0.0,0.0
post-PA,-8085937.5,0,0,0.0,0.0
post-PA,-8085937.5,1,0,-17.96534814453081,152.16455036388277
post-PA,-8085937.5,0,1,-12.035197470139469,26.41376690603913
post-PA,-8085937.5,1,1,0.0,0.0
post-PA,-8046875.0,0,0,0.0,0.0
post-PA,-8046875.0,1,0,-17.968214937656708,151.66734049585577
post-PA,-8046875.0,0,1,-12.029134644484941,26.19011986077069
post-PA,-8046875.0,1,1,0.0,0.0
post-PA,-8007812.5,0,0,0.0,0.0
post-PA,-8007812.5,1,0,-17.97108288659703,151.17025810852732
post-PA,-8007812.5,0,1,-12.023093362959905,25.966384045541428
post-PA,-8007812.5,1,1,0.0,0.0
post-PA,-7968750.0,0,0,0.0,0.0
post-PA,-7968750.0,1,0,-17.973951936959494,150.67330305360878
post-PA,-7968750.0,0,1,-12.017073640047077,25.74255984423682
post-PA,-7968750.0,1,1,0.0,0.0
post-PA,-7929687.5,0,0,0.0,0.0
post-PA,-7929687.5,1,0,-17.97682203421594,150.17647518104943
post-PA,-7929687.5,0,1,-12.011075490120609,25.518647640225847
post-PA,-7929687.5,1,1,0.0,0.0
post-PA,-7890625.0,0,0,0.0,0.0
post-PA,-7890625.0,1,0,-17.979693123703562,149.6797743390285
post-PA,-7890625.0,0,1,-12.00509892744673,25.294647816362353
post-PA,-7890625.0,1,1,0.0,0.0
post-PA,-7851562.5,0,0,0.0,0.0
post-PA,-7851562.5,1,0,-17.982565150626183,149.1832003739472
post-PA,-7851562.5,0,1,-11.999143966184398,25.070560754986204
post-PA,-7851562.5,1,1,0.0,0.0
post-PA,-7812500.0,0,0,0.0,0.0
post-PA,-7812500.0,1,0,-17.98543806005552,148.68675313042067
post-PA,-7812500.0,0,1,-11.993210620385925,24.84638683792465
post-PA,-7812500.0,1,1,0.0,0.0
post-PA,-7773437.5,0,0,0.0,0.0
post-PA,-7773437.5,1,0,-17.988311796932457,148.19043245127028
post-PA,-7773437.5,0,1,-11.987298903997605,24.622126446493578
post-PA,-7773437.5,1,1,0.0,0.0
post-PA,-7734375.0,0,0,0.0,0.0
post-PA,-7734375.0,1,0,-17.99118630606836,147.69423817751544
post-PA,-7734375.0,0,1,-11.98140883086035,24.397779961498824
post-PA,-7734375.0,1,1,0.0,0.0
post-PA,-7695312.5,0,0,0.0,0.0
post-PA,-7695312.5,1,0,-17.994061532146375,147.19817014836607
post-PA,-7695312.5,0,1,-11.975540414710316,24.173347763237448
post-PA,-7695312.5,1,1,0.0,0.0
post-PA,-7656250.0,0,0,0.0,0.0
post-PA,-7656250.0,1,0,-17.996937419722755,146.70222820121444
post-PA,-7656250.0,0,1,-11.96969366917952,23.948830231499155
post-PA,-7656250.0,1,1,0.0,0.0
post-PA,-7617187.5,0,0,0.0,0.0
post-PA,-7617187.5,1,0,-17.99981391322817,146.20641217162748
post-PA,-7617187.5,0,1,-11.96386860779646,23.72422774556748
post-PA,-7617187.5,1,1,0.0,0.0
post-PA,-7578125.0,0,0,0.0,0.0
post-PA,-7578125.0,1,0,-18.002690956969097,145.71072189333887
post-PA,-7578125.0,0,1,-11.958065243986713,23.49954068422129
post-PA,-7578125.0,1,1,0.0,0.0
post-PA,-7539062.5,0,0,0.0,0.0
post-PA,-7539062.5,1,0,-18.005568495129125,145.21515719824149
post-PA,-7539062.5,0,1,-11.952283591073574,23.274769425736004
post-PA,-7539062.5,1,1,0.0,0.0
post-PA,-7500000.0,0,0,0.0,0.0
post-PA,-7500000.0,1,0,-18.008446471770373,144.71971791637938
post-PA,-7500000.0,0,1,-11.946523662278643,23.049914347885057
post-PA,-7500000.0,1,1,0.0,0.0
post-PA,-7460937.5,0,0,0.0,0.0
post-PA,-7460937.5,1,0,-18.011324830834834,144.2244038759402
post-PA,-7460937.5,0,1,-11.940785470722435,22.824975827941234
post-PA,-7460937.5,1,1,0.0,0.0
post-PA,-7421875.0,0,0,0.0,0.0
post-PA,-7421875.0,1,0,-18.0142035161458,143.72921490324742
post-PA,-7421875.0,0,1,-11.935069029424971,22.599954242678038
post-PA,-7421875.0,1,1,0.0,0.0
post-PA,-7382812.5,0,0,0.0,0.0
post-PA,-7382812.5,1,0,-18.017082471409246,143.23415082275272
post-PA,-7382812.5,0,1,-11.929374351306382,22.374849968371123
post-PA,-7382812.5,1,1,0.0,0.0
post-PA,-7343750.0,0,0,0.0,0.0
post-PA,-7343750.0,1,0,-18.019961640215268,142.7392114570283
post-PA,-7343750.0,0,1,-11.923701449187504,22.14966338079968
post-PA,-7343750.0,1,1,0.0,0.0
post-PA,-7304687.5,0,0,0.0,0.0
post-PA,-7304687.5,1,0,-18.02284096603951,142.2443966267593
post-PA,-7304687.5,0,1,-11.91805033579046,21.92439485524785
post-PA,-7304687.5,1,1,0.0,0.0
post-PA,-7265625.0,0,0,0.0,0.0
post-PA,-7265625.0,1,0,-18.025720392244597,141.7497061507362
post-PA,-7265625.0,0,1,-11.912421023739244,21.699044766506194
post-PA,-7265625.0,1,1,0.0,0.0
post-PA,-7226562.5,0,0,0.0,0.0
post-PA,-7226562.5,1,0,-18.028599862081606,141.2551398458472
post-PA,-7226562.5,0,1,-11.90681352556031,21.473613488873024
post-PA,-7226562.5,1,1,0.0,0.0
post-PA,-7187500.0,0,0,0.0,0.0
post-PA,-7187500.0,1,0,-18.03147931869154,140.76069752707087
post-PA,-7187500.0,0,1,-11.901227853683146,21.248101396155985
post-PA,-7187500.0,1,1,0.0,0.0
post-PA,-7148437.5,0,0,0.0,0.0
post-PA,-7148437.5,1,0,-18.034358705106794,140.26637900746846
post-PA,-7148437.5,0,1,-11.895664020440853,21.022508861673373
post-PA,-7148437.5,1,1,0.0,0.0
post-PA,-7109375.0,0,0,0.0,0.0
post-PA,-7109375.0,1,0,-18.037237964252657,139.77218409817667
post-PA,-7109375.0,0,1,-11.89012203807071,20.796836258255723
post-PA,-7109375.0,1,1,0.0,0.0
post-PA,-7070312.5,0,0,0.0,0.0
post-PA,-7070312.5,1,0,-18.040117038948825,139.2781126084
post-PA,-7070312.5,0,1,-11.88460191871475,20.571083958247165
post-PA,-7070312.5,1,1,0.0,0.0
post-PA,-7031250.0,0,0,0.0,0.0
post-PA,-7031250.0,1,0,-18.042995871910904,138.78416434540352
post-PA,-7031250.0,0,1,-11.879103674420321,20.34525233350702
post-PA,-7031250.0,1,1,0.0,0.0
post-PA,-6992187.5,0,0,0.0,0.0
post-PA,-6992187.5,1,0,-18.04587440575198,138.2903391145056
post-PA,-6992187.5,0,1,-11.873627317140638,20.119341755411178
post-PA,-6992187.5,1,1,0.0,0.0
post-PA,-6953125.0,0,0,0.0,0.0
post-PA,-6953125.0,1,0,-18.04875258298412,137.7966367190704
post-PA,-6953125.0,0,1,-11.86817285873536,19.893352594853678
post-PA,-6953125.0,1,1,0.0,0.0
post-PA,-6914062.5,0,0,0.0,0.0
post-PA,-6914062.5,1,0,-18.05163034601994,137.3030569605007
post-PA,-6914062.5,0,1,-11.862740310971127,19.667285222248175
post-PA,-6914062.5,1,1,0.0,0.0
post-PA,-6875000.0,0,0,0.0,0.0
post-PA,-6875000.0,1,0,-18.0545076371742,136.80959963823076
post-PA,-6875000.0,0,1,-11.857329685522126,19.441140007529487
post-PA,-6875000.0,1,1,0.0,0.0
post-PA,-6835937.5,0,0,0.0,0.0
post-PA,-6835937.5,1,0,-18.057384398665363,136.31626454971902
post-PA,-6835937.5,0,1,-11.851940993970622,19.214917320155077
post-PA,-6835937.5,1,1,0.0,0.0
post-PA,-6796875.0,0,0,0.0,0.0
post-PA,-6796875.0,1,0,-18.06026057261718,135.82305149044106
post-PA,-6796875.0,0,1,-11.846574247807524,18.988617529106634
post-PA,-6796875.0,1,1,0.0,0.0
post-PA,-6757812.5,0,0,0.0,0.0
post-PA,-6757812.5,1,0,-18.063136101060344,135.32996025388232
post-PA,-6757812.5,0,1,-11.841229458432903,18.76224100289155
post-PA,-6757812.5,1,1,0.0,0.0
post-PA,-6718750.0,0,0,0.0,0.0
post-PA,-6718750.0,1,0,-18.066010925934044,134.8369906315314
post-PA,-6718750.0,0,1,-11.835906637156537,18.53578810954455
post-PA,-6718750.0,1,1,0.0,0.0
post-PA,-6679687.5,0,0,0.0,0.0
post-PA,-6679687.5,1,0,-18.068884989087657,134.34414241287251
post-PA,-6679687.5,0,1,-11.830605795198464,18.309259216629176
post-PA,-6679687.5,1,1,0.0,0.0
post-PA,-6640625.0,0,0,0.0,0.0
post-PA,-6640625.0,1,0,-18.071758232282352,133.8514153853791
post-PA,-6640625.0,0,1,-11.825326943689484,18.082654691239412
post-PA,-6640625.0,1,1,0.0,0.0
post-PA,-6601562.5,0,0,0.0,0.0
post-PA,-6601562.5,1,0,-18.074630597192765,133.3588093345065
post-PA,-6601562.5,0,1,-11.820070093671708,17.855974900001186
post-PA,-6601562.5,1,1,0.0,0.0
post-PA,-6562500.0,0,0,0.0,0.0
post-PA,-6562500.0,1,0,-18.077502025408666,132.8663240436853
post-PA,-6562500.0,0,1,-11.814835256099077,17.62922020907403
post-PA,-6562500.0,1,1,0.0,0.0
post-PA,-6523437.5,0,0,0.0,0.0
post-PA,-6523437.5,1,0,-18.080372458436642,132.37395929431435
post-PA,-6523437.5,0,1,-11.809622441837872,17.402390984152603
post-PA,-6523437.5,1,1,0.0,0.0
post-PA,-6484375.0,0,0,0.0,0.0
post-PA,-6484375.0,1,0,-18.083241837701788,131.8817148657541
post-PA,-6484375.0,0,1,-11.804431661667252,17.17548759046833
post-PA,-6484375.0,1,1,0.0,0.0
post-PA,-6445312.5,0,0,0.0,0.0
post-PA,-6445312.5,1,0,-18.08611010454941,131.3895905353199
post-PA,-6445312.5,0,1,-11.799262926279754,16.948510392790947
post-PA,-6445312.5,1,1,0.0,0.0
post-PA,-6406250.0,0,0,0.0,0.0
post-PA,-6406250.0,1,0,-18.08897720024675,130.89758607827528
post-PA,-6406250.0,0,1,-11.794116246281806,16.721459755430203
post-PA,-6406250.0,1,1,0.0,0.0
post-PA,-6367187.5,0,0,0.0,0.0
post-PA,-6367187.5,1,0,-18.091843065984722,130.40570126782524
post-PA,-6367187.5,0,1,-11.788991632194248,16.494336042237386
post-PA,-6367187.5,1,1,0.0,0.0
post-PA,-6328125.0,0,0,0.0,0.0
post-PA,-6328125.0,1,0,-18.094707642879644,129.9139358751098
post-PA,-6328125.0,0,1,-11.783889094452817,16.267139616607007
post-PA,-6328125.0,1,1,0.0,0.0
post-PA,-6289062.5,0,0,0.0,0.0
post-PA,-6289062.5,1,0,-18.097570871974995,129.42228966919754
post-PA,-6289062.5,0,1,-11.778808643408665,16.03987084147839
post-PA,-6289062.5,1,1,0.0,0.0
post-PA,-6250000.0,0,0,0.0,0.0
post-PA,-6250000.0,1,0,-18.10043269424319,128.930762417079
post-PA,-6250000.0,0,1,-11.773750289328852,15.812530079337337
post-PA,-6250000.0,1,1,0.0,0.0
post-PA,-6210937.5,0,0,0.0,0.0
post-PA,-6210937.5,1,0,-18.10329305058736,128.43935388366037
post-PA,-6210937.5,0,1,-11.768714042396844,15.585117692217771
post-PA,-6210937.5,1,1,0.0,0.0
post-PA,-6171875.0,0,0,0.0,0.0
post-PA,-6171875.0,1,0,-18.106151881843136,127.94806383175704
post-PA,-6171875.0,0,1,-11.76369991271299,15.357634041703367
post-PA,-6171875.0,1,1,0.0,0.0
post-PA,-6132812.5,0,0,0.0,0.0
post-PA,-6132812.5,1,0,-18.10900912878046,127.45689202208752
post-PA,-6132812.5,0,1,-11.75870791029505,15.130079488929224
post-PA,-6132812.5,1,1,0.0,0.0
post-PA,-6093750.0,0,0,0.0,0.0
post-PA,-6093750.0,1,0,-18.1118647321054,126.96583821326698
post-PA,-6093750.0,0,1,-11.75373804507863,14.902454394583552
post-PA,-6093750.0,1,1,0.0,0.0
post-PA,-6054687.5,0,0,0.0,0.0
post-PA,-6054687.5,1,0,-18.114718632461976,126.4749021618012
post-PA,-6054687.5,0,1,-11.748790326917709,14.674759118909277
post-PA,-6054687.5,1,1,0.0,0.0
post-PA,-6015625.0,0,0,0.0,0.0
post-PA,-6015625.0,1,0,-18.117570770434018,125.9840836220805
post-PA,-6015625.0,0,1,-11.74386476558509,14.44699402170581
post-PA,-6015625.0,1,1,0.0,0.0
post-PA,-5976562.5,0,0,0.0,0.0
post-PA,-5976562.5,1,0,-18.120421086546976,125.4933823463736
post-PA,-5976562.5,0,1,-11.738961370772891,14.21915946233065
post-PA,-5976562.5,1,1,0.0,0.0
post-PA,-5937500.0,0,0,0.0,0.0
post-PA,-5937500.0,1,0,-18.123269521269837,125.00279808482169
post-PA,-5937500.0,0,1,-11.734080152093016,13.9912557997011
post-PA,-5937500.0,1,1,0.0,0.0
post-PA,-5898437.5,0,0,0.0,0.0
post-PA,-5898437.5,1,0,-18.126116015016976,124.51233058543245
post-PA,-5898437.5,0,1,-11.729221119077629,13.763283392295989
post-PA,-5898437.5,1,1,0.0,0.0
post-PA,-5859375.0,0,0,0.0,0.0
post-PA,-5859375.0,1,0,-18.12896050815003,124.02197959407437
post-PA,-5859375.0,0,1,-11.724384281179605,13.535242598157355
post-PA,-5859375.0,1,1,0.0,0.0
post-PA,-5820312.5,0,0,0.0,0.0
post-PA,-5820312.5,1,0,-18.131802940979835,123.53174485447072
post-PA,-5820312.5,0,1,-11.719569647773023,13.307133774892112
post-PA,-5820312.5,1,1,0.0,0.0
post-PA,-5781250.0,0,0,0.0,0.0
post-PA,-5781250.0,1,0,-18.134643253768296,123.04162610819402
post-PA,-5781250.0,0,1,-11.714777228153599,13.078957279673858
post-PA,-5781250.0,1,1,0.0,0.0
post-PA,-5742187.5,0,0,0.0,0.0
post-PA,-5742187.5,1,0,-18.13748138673035,122.55162309466021
post-PA,-5742187.5,0,1,-11.710007031539163,12.850713469244475
post-PA,-5742187.5,1,1,0.0,0.0
post-PA,-5703125.0,0,0,0.0,0.0
post-PA,-5703125.0,1,0,-18.140317280035877,122.06173555112336
post-PA,-5703125.0,0,1,-11.705259067070111,12.622402699915972
post-PA,-5703125.0,1,1,0.0,0.0
post-PA,-5664062.5,0,0,0.0,0.0
post-PA,-5664062.5,1,0,-18.14315087381165,121.57196321266974
post-PA,-5664062.5,0,1,-11.700533343809852,12.394025327572123
post-PA,-5664062.5,1,1,0.0,0.0
post-PA,-5625000.0,0,0,0.0,0.0
post-PA,-5625000.0,1,0,-18.145982108143308,121.08230581221274
post-PA,-5625000.0,0,1,-11.69582987074525,12.165581707670253
post-PA,-5625000.0,1,1,0.0,0.0
post-PA,-5585937.5,0,0,0.0,0.0
post-PA,-5585937.5,1,0,-18.148810923077306,120.59276308048729
post-PA,-5585937.5,0,1,-11.6911486567871,11.937072195242969
post-PA,-5585937.5,1,1,0.0,0.0
post-PA,-5546875.0,0,0,0.0,0.0
post-PA,-5546875.0,1,0,-18.151637258622916,120.10333474604464
post-PA,-5546875.0,0,1,-11.686489710770543,11.708497144899887
post-PA,-5546875.0,1,1,0.0,0.0
post-PA,-5507812.5,0,0,0.0,0.0
post-PA,-5507812.5,1,0,-18.15446105475421,119.6140205352471
post-PA,-5507812.5,0,1,-11.68185304145551,11.479856910829406
post-PA,-5507812.5,1,1,0.0,0.0
post-PA,-5468750.0,0,0,0.0,0.0
post-PA,-5468750.0,1,0,-18.15728225141206,119.12482017226299
post-PA,-5468750.0,0,1,-11.67723865752718,11.251151846800488
post-PA,-5468750.0,1,1,0.0,0.0
post-PA,-5429687.5,0,0,0.0,0.0
post-PA,-5429687.5,1,0,-18.160100788506167,118.6357333790613
post-PA,-5429687.5,0,1,-11.672646567596388,11.022382306164337
post-PA,-5429687.5,1,1,0.0,0.0
post-PA,-5390625.0,0,0,0.0,0.0
post-PA,-5390625.0,1,0,-18.162916605917083,118.14675987540703
post-PA,-5390625.0,0,1,-11.668076780200066,10.793548641856278
post-PA,-5390625.0,1,1,0.0,0.0
post-PA,-5351562.5,0,0,0.0,0.0
post-PA,-5351562.5,1,0,-18.16572964349823,117.65789937885597
post-PA,-5351562.5,0,1,-11.663529303801685,10.564651206397413
post-PA,-5351562.5,1,1,0.0,0.0
post-PA,-5312500.0,0,0,0.0,0.0
post-PA,-5312500.0,1,0,-18.168539841078,117.16915160475007
post-PA,-5312500.0,0,1,-11.659004146791665,10.335690351896499
post-PA,-5312500.0,1,1,0.0,0.0
post-PA,-5273437.5,0,0,0.0,0.0
post-PA,-5273437.5,1,0,-18.17134713846175,116.68051626621258
post-PA,-5273437.5,0,1,-11.654501317487805,10.106666430051666
post-PA,-5273437.5,1,1,0.0,0.0
post-PA,-5234375.0,0,0,0.0,0.0
post-PA,-5234375.0,1,0,-18.174151475433927,116.1919930741433
post-PA,-5234375.0,0,1,-11.650020824135705,9.87757979215225
post-PA,-5234375.0,1,1,0.0,0.0
post-PA,-5195312.5,0,0,0.0,0.0
post-PA,-5195312.5,1,0,-18.176952791760122,115.70358173721415
post-PA,-5195312.5,0,1,-11.645562674909167,9.6484307890805
post-PA,-5195312.5,1,1,0.0,0.0
post-PA,-5156250.0,0,0,0.0,0.0
post-PA,-5156250.0,1,0,-18.17975102718917,115.21528196186449
post-PA,-5156250.0,0,1,-11.64112687791063,9.41921977131351
post-PA,-5156250.0,1,1,0.0,0.0
post-PA,-5117187.5,0,0,0.0,0.0
post-PA,-5117187.5,1,0,-18.182546121455264,114.72709345229678
post-PA,-5117187.5,0,1,-11.636713441171583,9.189947088924884
post-PA,-5117187.5,1,1,0.0,0.0
post-PA,-5078125.0,0,0,0.0,0.0
post-PA,-5078125.0,1,0,-18.18533801428005,114.23901591047213
post-PA,-5078125.0,0,1,-11.632322372652942,8.960613091586625
post-PA,-5078125.0,1,1,0.0,0.0
post-PA,-5039062.5,0,0,0.0,0.0
post-PA,-5039062.5,1,0,-18.18812664537477,113.75104903610612
post-PA,-5039062.5,0,1,-11.627953680245495,8.731218128570887
post-PA,-5039062.5,1,1,0.0,0.0
post-PA,-5000000.0,0,0,0.0,0.0
post-PA,-5000000.0,1,0,-18.190911954442385,113.26319252666462
post-PA,-5000000.0,0,1,-11.623607371770284,8.501762548751858
post-PA,-5000000.0,1,1,0.0,0.0
post-PA,-4960937.5,0,0,0.0,0.0
post-PA,-4960937.5,1,0,-18.19369388117973,112.77544607735966
post-PA,-4960937.5,0,1,-11.619283454979,8.272246700607516
post-PA,-4960937.5,1,1,0.0,0.0
post-PA,-4921875.0,0,0,0.0,0.0
post-PA,-4921875.0,1,0,-18.196472365279675,112.28780938114535
post-PA,-4921875.0,0,1,-11.614981937554408,8.042670932221483
post-PA,-4921875.0,1,1,0.0,0.0
post-PA,-4882812.5,0,0,0.0,0.0
post-PA,-4882812.5,1,0,-18.19924734643327,111.80028212871412
post-PA,-4882812.5,0,1,-11.610702827110703,7.813035591284823
post-PA,-4882812.5,1,1,0.0,0.0
post-PA,-4843750.0,0,0,0.0,0.0
post-PA,-4843750.0,1,0,-18.20201876433195,111.31286400849284
post-PA,-4843750.0,0,1,-11.60644613119393,7.583341025097914
post-PA,-4843750.0,1,1,0.0,0.0
post-PA,-4804687.5,0,0,0.0,0.0
post-PA,-4804687.5,1,0,-18.204786558669703,110.825554706639
post-PA,-4804687.5,0,1,-11.602211857282372,7.353587580572229
post-PA,-4804687.5,1,1,0.0,0.0
post-PA,-4765625.0,0,0,0.0,0.0
post-PA,-4765625.0,1,0,-18.20755066914527,110.3383539070371
post-PA,-4765625.0,0,1,-11.598000012786914,7.123775604232246
post-PA,-4765625.0,1,1,0.0,0.0
post-PA,-4726562.5,0,0,0.0,0.0
post-PA,-4726562.5,1,0,-18.210311035464354,109.85126129129523
post-PA,-4726562.5,0,1,-11.593810605051447,6.893905442217197
post-PA,-4726562.5,1,1,0.0,0.0
post-PA,-4687500.0,0,0,0.0,0.0
post-PA,-4687500.0,1,0,-18.21306759734185,109.36427653874146
post-PA,-4687500.0,0,1,-11.589643641353252,6.663977440283005
post-PA,-4687500.0,1,1,0.0,0.0
post-PA,-4648437.5,0,0,0.0,0.0
post-PA,-4648437.5,1,0,-18.215820294504045,108.87739932642052
post-PA,-4648437.5,0,1,-11.585499128903356,6.433991943804055
post-PA,-4648437.5,1,1,0.0,0.0
post-PA,-4609375.0,0,0,0.0,0.0
post-PA,-4609375.0,1,0,-18.218569066690876,108.39062932909057
post-PA,-4609375.0,0,1,-11.581377074846928,6.2039492977751225
post-PA,-4609375.0,1,1,0.0,0.0
post-PA,-4570312.5,0,0,0.0,0.0
post-PA,-4570312.5,1,0,-18.221313853658163,107.90396621922
post-PA,-4570312.5,0,1,-11.577277486263641,5.973849846813157
post-PA,-4570312.5,1,1,0.0,0.0
post-PA,-4531250.0,0,0,0.0,0.0
post-PA,-4531250.0,1,0,-18.22405459517987,107.41740966698435
post-PA,-4531250.0,0,1,-11.573200370168053,5.743693935159213
post-PA,-4531250.0,1,1,0.0,0.0
post-PA,-4492187.5,0,0,0.0,0.0
post-PA,-4492187.5,1,0,-18.226791231050367,106.93095934026344
post-PA,-4492187.5,0,1,-11.569145733509945,5.513481906680223
post-PA,-4492187.5,1,1,0.0,0.0
post-PA,-4453125.0,0,0,0.0,0.0
post-PA,-4453125.0,1,0,-18.229523701086716,106.44461490463831
post-PA,-4453125.0,0,1,-11.565113583174735,5.2832141048709795
post-PA,-4453125.0,1,1,0.0,0.0
post-PA,-4414062.5,0,0,0.0,0.0
post-PA,-4414062.5,1,0,-18.232251945130923,105.95837602338865
post-PA,-4414062.5,0,1,-11.561103925983788,5.0528908728559125
post-PA,-4414062.5,1,1,0.0,0.0
post-PA,-4375000.0,0,0,0.0,0.0
post-PA,-4375000.0,1,0,-18.234975903052263,105.47224235749
post-PA,-4375000.0,0,1,-11.557116768694813,4.822512553390995
post-PA,-4375000.0,1,1,0.0,0.0
post-PA,-4335937.5,0,0,0.0,0.0
post-PA,-4335937.5,1,0,-18.23769551474956,104.98621356561121
post-PA,-4335937.5,0,1,-11.553152118002195,4.592079488865636
post-PA,-4335937.5,1,1,0.0,0.0
post-PA,-4296875.0,0,0,0.0,0.0
post-PA,-4296875.0,1,0,-18.240410720153506,104.500289304112
post-PA,-4296875.0,0,1,-11.549209980537366,4.361592021304538
post-PA,-4296875.0,1,1,0.0,0.0
post-PA,-4257812.5,0,0,0.0,0.0
post-PA,-4257812.5,1,0,-18.24312145922897,104.01446922704064
post-PA,-4257812.5,0,1,-11.545290362869153,4.131050492369581
post-PA,-4257812.5,1,1,0.0,0.0
post-PA,-4218750.0,0,0,0.0,0.0
post-PA,-4218750.0,1,0,-18.245827671977334,103.52875298613161
post-PA,-4218750.0,0,1,-11.541393271504115,3.900455243361738
post-PA,-4218750.0,1,1,0.0,0.0
post-PA,-4179687.5,0,0,0.0,0.0
post-PA,-4179687.5,1,0,-18.24852929843882,103.04314023080346
post-PA,-4179687.5,0,1,-11.537518712886893,3.669806615222921
post-PA,-4179687.5,1,1,0.0,0.0
post-PA,-4140625.0,0,0,0.0,0.0
post-PA,-4140625.0,1,0,-18.251226278694844,102.55763060815688
post-PA,-4140625.0,0,1,-11.533666693400571,3.4391049485379197
post-PA,-4140625.0,1,1,0.0,0.0
post-PA,-4101562.5,0,0,0.0,0.0
post-PA,-4101562.5,1,0,-18.25391855287034,102.07222376297267
post-PA,-4101562.5,0,1,-11.529837219366994,3.208350583536251
post-PA,-4101562.5,1,1,0.0,0.0
post-PA,-4062500.0,0,0,0.0,0.0
post-PA,-4062500.0,1,0,-18.256606061136157,101.58691933770989
post-PA,-4062500.0,0,1,-11.526030297047118,2.9775438600940993
post-PA,-4062500.0,1,1,0.0,0.0
post-PA,-4023437.5,0,0,0.0,0.0
post-PA,-4023437.5,1,0,-18.259288743711398,101.10171697250429
post-PA,-4023437.5,0,1,-11.522245932641344,2.7466851177361864
post-PA,-4023437.5,1,1,0.0,0.0
post-PA,-3984375.0,0,0,0.0,0.0
post-PA,-3984375.0,1,0,-18.261966540865814,100.61661630516654
post-PA,-3984375.0,0,1,-11.51848413228985,2.515774695637704
post-PA,-3984375.0,1,1,0.0,0.0
post-PA,-3945312.5,0,0,0.0,0.0
post-PA,-3945312.5,1,0,-18.264639392922156,100.13161697118085
post-PA,-3945312.5,0,1,-11.51474490207292,2.2848129326261803
post-PA,-3945312.5,1,1,0.0,0.0
post-PA,-3906250.0,0,0,0.0,0.0
post-PA,-3906250.0,1,0,-18.267307240258603,99.64671860370356
post-PA,-3906250.0,0,1,-11.511028248011275,2.053800167183446
post-PA,-3906250.0,1,1,0.0,0.0
post-PA,-3867187.5,0,0,0.0,0.0
post-PA,-3867187.5,1,0,-18.26997002331114,99.16192083356187
post-PA,-3867187.5,0,1,-11.5073341760664,1.822736737447497
post-PA,-3867187.5,1,1,0.0,0.0
post-PA,-3828125.0,0,0,0.0,0.0
post-PA,-3828125.0,1,0,-18.272627682575948,98.6772232892527
post-PA,-3828125.0,0,1,-11.50366269214086,1.5916229812144378
post-PA,-3828125.0,1,1,0.0,0.0
post-PA,-3789062.5,0,0,0.0,0.0
post-PA,-3789062.5,1,0,-18.27528015861185,98.19262559694162
post-PA,-3789062.5,0,1,-11.500013802078634,1.3604592359403753
post-PA,-3789062.5,1,1,0.0,0.0
post-PA,-3750000.0,0,0,0.0,0.0
post-PA,-3750000.0,1,0,-18.277927392042702,97.70812738046203
post-PA,-3750000.0,0,1,-11.496387511665404,1.1292458387433708
post-PA,-3750000.0,1,1,0.0,0.0
post-PA,-3710937.5,0,0,0.0,0.0
post-PA,-3710937.5,1,0,-18.280569323559824,97.22372826131424
post-PA,-3710937.5,0,1,-11.492783826628916,0.8979831264053447
post-PA,-3710937.5,1,1,0.0,0.0
post-PA,-3671875.0,0,0,0.0,0.0
post-PA,-3671875.0,1,0,-18.283205893924443,96.73942785866481
post-PA,-3671875.0,0,1,-11.489202752639248,0.6666714353739807
post-PA,-3671875.0,1,1,0.0,0.0
post-PA,-3632812.5,0,0,0.0,0.0
post-PA,-3632812.5,1,0,-18.285837043970115,96.25522578934604
post-PA,-3632812.5,0,1,-11.485644295309143,0.43531110176469967
post-PA,-3632812.5,1,1,0.0,0.0
post-PA,-3593750.0,0,0,0.0,0.0
post-PA,-3593750.0,1,0,-18.288462714605174,95.77112166785554
post-PA,-3593750.0,0,1,-11.482108460194318,0.2039024613625517
post-PA,-3593750.0,1,1,0.0,0.0
post-PA,-3554687.5,0,0,0.0,0.0
post-PA,-3554687.5,1,0,-18.291082846815208,95.2871151063557
post-PA,-3554687.5,0,1,-11.478595252793767,-0.027554150375839716
post-PA,-3554687.5,1,1,0.0,0.0
post-PA,-3515625.0,0,0,0.0,0.0
post-PA,-3515625.0,1,0,-18.293697381665474,94.80320571467382
post-PA,-3515625.0,0,1,-11.475104678550052,-0.2590583983203365
post-PA,-3515625.0,1,1,0.0,0.0
post-PA,-3476562.5,0,0,0.0,0.0
post-PA,-3476562.5,1,0,-18.296306260303382,94.31939310030167
post-PA,-3476562.5,0,1,-11.471636742849615,-0.49060994766536287
post-PA,-3476562.5,1,1,0.0,0.0
post-PA,-3437500.0,0,0,0.0,0.0
post-PA,-3437500.0,1,0,-18.298909423960982,93.83567686839584
post-PA,-3437500.0,0,1,-11.468191451023094,-0.7222084639279507
post-PA,-3437500.0,1,1,0.0,0.0
post-PA,-3398437.5,0,0,0.0,0.0
post-PA,-3398437.5,1,0,-18.301506813957403,93.35205662177768
post-PA,-3398437.5,0,1,-11.464768808345571,-0.9538536129458292
post-PA,-3398437.5,1,1,0.0,0.0
post-PA,-3359375.0,0,0,0.0,0.0
post-PA,-3359375.0,1,0,-18.30409837170135,92.86853196093362
post-PA,-3359375.0,0,1,-11.461368820036913,-1.1855450608754228
post-PA,-3359375.0,1,1,0.0,0.0
post-PA,-3320312.5,0,0,0.0,0.0
post-PA,-3320312.5,1,0,-18.306684038693604,92.38510248401573
post-PA,-3320312.5,0,1,-11.457991491262032,-1.4172824741899825
post-PA,-3320312.5,1,1,0.0,0.0
post-PA,-3281250.0,0,0,0.0,0.0
post-PA,-3281250.0,1,0,-18.30926375652947,91.90176778684206
post-PA,-3281250.0,0,1,-11.454636827131196,-1.6490655196775643
post-PA,-3281250.0,1,1,0.0,0.0
post-PA,-3242187.5,0,0,0.0,0.0
post-PA,-3242187.5,1,0,-18.311837466901324,91.4185274628974
post-PA,-3242187.5,0,1,-11.451304832700306,-1.8808938644391697
post-PA,-3242187.5,1,1,0.0,0.0
post-PA,-3203125.0,0,0,0.0,0.0
post-PA,-3203125.0,1,0,-18.314405111601076,90.93538110333407
post-PA,-3203125.0,0,1,-11.447995512971154,-2.1127671758866753
post-PA,-3203125.0,1,1,0.0,0.0
post-PA,-3164062.5,0,0,0.0,0.0
post-PA,-3164062.5,1,0,-18.316966632522686,90.45232829697277
post-PA,-3164062.5,0,1,-11.444708872891756,-2.344685121741
post-PA,-3164062.5,1,1,0.0,0.0
post-PA,-3125000.0,0,0,0.0,0.0
post-PA,-3125000.0,1,0,-18.319521971664678,89.96936863030375
post-PA,-3125000.0,0,1,-11.441444917356591,-2.5766473700300754
post-PA,-3125000.0,1,1,0.0,0.0
post-PA,-3085937.5,0,0,0.0,0.0
post-PA,-3085937.5,1,0,-18.32207107113263,89.4865016874878
post-PA,-3085937.5,0,1,-11.438203651206882,-2.8086535890869047
post-PA,-3085937.5,1,1,0.0,0.0
post-PA,-3046875.0,0,0,0.0,0.0
post-PA,-3046875.0,1,0,-18.32461387314173,89.00372705035772
post-PA,-3046875.0,0,1,-11.434985079230897,-3.040703447547619
post-PA,-3046875.0,1,1,0.0,0.0
post-PA,-3007812.5,0,0,0.0,0.0
post-PA,-3007812.5,1,0,-18.327150320019275,88.52104429841967
post-PA,-3007812.5,0,1,-11.43178920616419,-3.27279661434953
post-PA,-3007812.5,1,1,0.0,0.0
post-PA,-2968750.0,0,0,0.0,0.0
post-PA,-2968750.0,1,0,-18.32968035420718,88.03845300885472
post-PA,-2968750.0,0,1,-11.428616036689876,-3.504932758729108
post-PA,-2968750.0,1,1,0.0,0.0
post-PA,-2929687.5,0,0,0.0,0.0
post-PA,-2929687.5,1,0,-18.332203918264533,87.55595275652057
post-PA,-2929687.5,0,1,-11.425465575438915,-3.7371115502201
post-PA,-2929687.5,1,1,0.0,0.0
post-PA,-2890625.0,0,0,0.0,0.0
post-PA,-2890625.0,1,0,-18.33472095487013,87.07354311395339
post-PA,-2890625.0,0,1,-11.422337826990365,-3.969332658651486
post-PA,-2890625.0,1,1,0.0,0.0
post-PA,-2851562.5,0,0,0.0,0.0
post-PA,-2851562.5,1,0,-18.33723140682497,86.59122365136979
post-PA,-2851562.5,0,1,-11.419232795871642,-4.201595754145583
post-PA,-2851562.5,1,1,0.0,0.0
post-PA,-2812500.0,0,0,0.0,0.0
post-PA,-2812500.0,1,0,-18.339735217054837,86.10899393666882
post-PA,-2812500.0,0,1,-11.416150486558783,-4.433900507116028
post-PA,-2812500.0,1,1,0.0,0.0
post-PA,-2773437.5,0,0,0.0,0.0
post-PA,-2773437.5,1,0,-18.34223232861283,85.62685353543435
post-PA,-2773437.5,0,1,-11.41309090347671,-4.66624658826583
post-PA,-2773437.5,1,1,0.0,0.0
post-PA,-2734375.0,0,0,0.0,0.0
post-PA,-2734375.0,1,0,-18.34472268468189,85.14480201093728
post-PA,-2734375.0,0,1,-11.410054050999477,-4.89863366858539
post-PA,-2734375.0,1,1,0.0,0.0
post-PA,-2695312.5,0,0,0.0,0.0
post-PA,-2695312.5,1,0,-18.347206228577353,84.66283892413813
post-PA,-2695312.5,0,1,-11.407039933450527,-5.131061419350551
post-PA,-2695312.5,1,1,0.0,0.0
post-PA,-2656250.0,0,0,0.0,0.0
post-PA,-2656250.0,1,0,-18.34968290374951,84.18096383368963
post-PA,-2656250.0,0,1,-11.40404855510294,-5.363529512120584
post-PA,-2656250.0,1,1,0.0,0.0
post-PA,-2617187.5,0,0,0.0,0.0
post-PA,-2617187.5,1,0,-18.352152653786156,83.69917629593955
post-PA,-2617187.5,0,1,-11.4010799201797,-5.59603761873626
post-PA,-2617187.5,1,1,0.0,0.0
post-PA,-2578125.0,0,0,0.0,0.0
post-PA,-2578125.0,1,0,-18.354615422415122,83.2174758649335
post-PA,-2578125.0,0,1,-11.398134032853909,-5.828585411317815
post-PA,-2578125.0,1,1,0.0,0.0
post-PA,-2539062.5,0,0,0.0,0.0
post-PA,-2539062.5,1,0,-18.357071153506844,82.73586209241809
post-PA,-2539062.5,0,1,-11.395210897249047,-6.0611725622630495
post-PA,-2539062.5,1,1,0.0,0.0
post-PA,-2500000.0,0,0,0.0,0.0
post-PA,-2500000.0,1,0,-18.359519791076927,82.25433452784402
post-PA,-2500000.0,0,1,-11.392310517439231,-6.293798744245275
post-PA,-2500000.0,1,1,0.0,0.0
post-PA,-2460937.5,0,0,0.0,0.0
post-PA,-2460937.5,1,0,-18.361961279288682,81.77289271836949
post-PA,-2460937.5,0,1,-11.38943289744943,-6.526463630211372
post-PA,-2460937.5,1,1,0.0,0.0
post-PA,-2421875.0,0,0,0.0,0.0
post-PA,-2421875.0,1,0,-18.364395562455694,81.29153620886353
post-PA,-2421875.0,0,1,-11.386578041255706,-6.759166893379815
post-PA,-2421875.0,1,1,0.0,0.0
post-PA,-2382812.5,0,0,0.0,0.0
post-PA,-2382812.5,1,0,-18.36682258504439,80.8102645419098
post-PA,-2382812.5,0,1,-11.383745952785471,-6.991908207238667
post-PA,-2382812.5,1,1,0.0,0.0
post-PA,-2343750.0,0,0,0.0,0.0
post-PA,-2343750.0,1,0,-18.36924229167657,80.32907725781008
post-PA,-2343750.0,0,1,-11.380936635917694,-7.224687245543602
post-PA,-2343750.0,1,1,0.0,0.0
post-PA,-2304687.5,0,0,0.0,0.0
post-PA,-2304687.5,1,0,-18.371654627132013,79.84797389458835
post-PA,-2304687.5,0,1,-11.37815009448314,-7.457503682315945
post-PA,-2304687.5,1,1,0.0,0.0
post-PA,-2265625.0,0,0,0.0,0.0
post-PA,-2265625.0,1,0,-18.37405953635099,79.36695398799475
post-PA,-2265625.0,0,1,-11.375386332264604,-7.690357191840624
post-PA,-2265625.0,1,1,0.0,0.0
post-PA,-2226562.5,0,0,0.0,0.0
post-PA,-2226562.5,1,0,-18.37645696443684,78.88601707150966
post-PA,-2226562.5,0,1,-11.372645352997138,-7.923247448664275
post-PA,-2226562.5,1,1,0.0,0.0
post-PA,-2187500.0,0,0,0.0,0.0
post-PA,-2187500.0,1,0,-18.37884685665856,78.40516267634817
post-PA,-2187500.0,0,1,-11.369927160368263,-8.156174127593157
post-PA,-2187500.0,1,1,0.0,0.0
post-PA,-2148437.5,0,0,0.0,0.0
post-PA,-2148437.5,1,0,-18.38122915845331,77.92439033146438
post-PA,-2148437.5,0,1,-11.367231758018214,-8.389136903691252
post-PA,-2148437.5,1,1,0.0,0.0
post-PA,-2109375.0,0,0,0.0,0.0
post-PA,-2109375.0,1,0,-18.383603815429023,77.44369956355605
post-PA,-2109375.0,0,1,-11.364559149540128,-8.622135452278185
post-PA,-2109375.0,1,1,0.0,0.0
post-PA,-2070312.5,0,0,0.0,0.0
post-PA,-2070312.5,1,0,-18.38597077336693,76.96308989706932
post-PA,-2070312.5,0,1,-11.361909338480288,-8.855169448927317
post-PA,-2070312.5,1,1,0.0,0.0
post-PA,-2031250.0,0,0,0.0,0.0
post-PA,-2031250.0,1,0,-18.388329978224142,76.48256085420358
post-PA,-2031250.0,0,1,-11.359282328338335,-9.088238569463684
post-PA,-2031250.0,1,1,0.0,0.0
post-PA,-1992187.5,0,0,0.0,0.0
post-PA,-1992187.5,1,0,-18.39068137613619,76.00211195491654
post-PA,-1992187.5,0,1,-11.356678122567466,-9.321342489962083
post-PA,-1992187.5,1,1,0.0,0.0
post-PA,-1953125.0,0,0,0.0,0.0
post-PA,-1953125.0,1,0,-18.39302491341958,75.52174271692931
post-PA,-1953125.0,0,1,-11.35409672457466,-9.554480886744972
post-PA,-1953125.0,1,1,0.0,0.0
post-PA,-1914062.5,0,0,0.0,0.0
post-PA,-1914062.5,1,0,-18.395360536574355,75.04145265573175
post-PA,-1914062.5,0,1,-11.351538137720885,-9.78765343638058
post-PA,-1914062.5,1,1,0.0,0.0
post-PA,-1875000.0,0,0,0.0,0.0
post-PA,-1875000.0,1,0,-18.39768819228665,74.56124128458795
post-PA,-1875000.0,0,1,-11.3490023653213,-10.020859815680849
post-PA,-1875000.0,1,1,0.0,0.0
post-PA,-1835937.5,0,0,0.0,0.0
post-PA,-1835937.5,1,0,-18.400007827431228,74.08110811454173
post-PA,-1835937.5,0,1,-11.346489410645464,-10.254099701699452
post-PA,-1835937.5,1,1,0.0,0.0
post-PA,-1796875.0,0,0,0.0,0.0
post-PA,-1796875.0,1,0,-18.402319389074037,73.60105265442259
post-PA,-1796875.0,0,1,-11.343999276917533,-10.487372771729795
post-PA,-1796875.0,1,1,0.0,0.0
post-PA,-1757812.5,0,0,0.0,0.0
post-PA,-1757812.5,1,0,-18.40462282447475,73.12107441085128
post-PA,-1757812.5,0,1,-11.341531967316472,-10.72067870330305
post-PA,-1757812.5,1,1,0.0,0.0
post-PA,-1718750.0,0,0,0.0,0.0
post-PA,-1718750.0,1,0,-18.40691808108932,72.64117288824615
post-PA,-1718750.0,0,1,-11.339087484976238,-10.954017174186088
post-PA,-1718750.0,1,1,0.0,0.0
post-PA,-1679687.5,0,0,0.0,0.0
post-PA,-1679687.5,1,0,-18.409205106572497,72.16134758882909
post-PA,-1679687.5,0,1,-11.33666583298599,-11.187387862379572
post-PA,-1679687.5,1,1,0.0,0.0
post-PA,-1640625.0,0,0,0.0,0.0
post-PA,-1640625.0,1,0,-18.41148384878039,71.68159801263204
post-PA,-1640625.0,0,1,-11.334267014390276,-11.420790446115832
post-PA,-1640625.0,1,1,0.0,0.0
post-PA,-1601562.5,0,0,0.0,0.0
post-PA,-1601562.5,1,0,-18.41375425577297,71.2019236575033
post-PA,-1601562.5,0,1,-11.331891032189226,-11.654224603857035
post-PA,-1601562.5,1,1,0.0,0.0
post-PA,-1562500.0,0,0,0.0,0.0
post-PA,-1562500.0,1,0,-18.41601627581664,70.72232401911428
post-PA,-1562500.0,0,1,-11.329537889338749,-11.887690014293009
post-PA,-1562500.0,1,1,0.0,0.0
post-PA,-1523437.5,0,0,0.0,0.0
post-PA,-1523437.5,1,0,-18.41826985738672,70.24279859096619
post-PA,-1523437.5,0,1,-11.327207588750705,-12.121186356339367
post-PA,-1523437.5,1,1,0.0,0.0
post-PA,-1484375.0,0,0,0.0,0.0
post-PA,-1484375.0,1,0,-18.420514949169988,69.76334686439692
post-PA,-1484375.0,0,1,-11.324900133293115,-12.35471330913544
post-PA,-1484375.0,1,1,0.0,0.0
post-PA,-1445312.5,0,0,0.0,0.0
post-PA,-1445312.5,1,0,-18.422751500067196,69.28396832858824
post-PA,-1445312.5,0,1,-11.322615525790308,-12.588270552042285
post-PA,-1445312.5,1,1,0.0,0.0
post-PA,-1406250.0,0,0,0.0,0.0
post-PA,-1406250.0,1,0,-18.424979459195587,68.80466247057291
post-PA,-1406250.0,0,1,-11.320353769023148,-12.821857764640725
post-PA,-1406250.0,1,1,0.0,0.0
post-PA,-1367187.5,0,0,0.0,0.0
post-PA,-1367187.5,1,0,-18.42719877589139,68.32542877524189
post-PA,-1367187.5,0,1,-11.318114865729187,-13.055474626729257
post-PA,-1367187.5,1,1,0.0,0.0
post-PA,-1328125.0,0,0,0.0,0.0
post-PA,-1328125.0,1,0,-18.42940939971235,67.84626672535217
post-PA,-1328125.0,0,1,-11.31589881860284,-13.289120818322152
post-PA,-1328125.0,1,1,0.0,0.0
post-PA,-1289062.5,0,0,0.0,0.0
post-PA,-1289062.5,1,0,-18.431611280440173,67.36717580153412
post-PA,-1289062.5,0,1,-11.313705630295566,-13.522796019647362
post-PA,-1289062.5,1,1,0.0,0.0
post-PA,-1250000.0,0,0,0.0,0.0
post-PA,-1250000.0,1,0,-18.433804368083088,66.88815548229941
post-PA,-1250000.0,0,1,-11.31153530341605,-13.756499911144573
post-PA,-1250000.0,1,1,0.0,0.0
post-PA,-1210937.5,0,0,0.0,0.0
post-PA,-1210937.5,1,0,-18.43598861287828,66.40920524404899
post-PA,-1210937.5,0,1,-11.30938784053037,-13.990232173463157
post-PA,-1210937.5,1,1,0.0,0.0
post-PA,-1171875.0,0,0,0.0,0.0
post-PA,-1171875.0,1,0,-18.4381639652944,65.93032456108108
post-PA,-1171875.0,0,1,-11.307263244162156,-14.223992487460213
post-PA,-1171875.0,1,1,0.0,0.0
post-PA,-1132812.5,0,0,0.0,0.0
post-PA,-1132812.5,1,0,-18.44033037603402,65.45151290559947
post-PA,-1132812.5,0,1,-11.305161516792761,-14.45778053419852
post-PA,-1132812.5,1,1,0.0,0.0
post-PA,-1093750.0,0,0,0.0,0.0
post-PA,-1093750.0,1,0,-18.44248779603612,64.97276974772188
post-PA,-1093750.0,0,1,-11.303082660861453,-14.691595994944539
post-PA,-1093750.0,1,1,0.0,0.0
post-PA,-1054687.5,0,0,0.0,0.0
post-PA,-1054687.5,1,0,-18.444636176478536,64.49409455548849
post-PA,-1054687.5,0,1,-11.301026678765533,-14.925438551166437
post-PA,-1054687.5,1,1,0.0,0.0
post-PA,-1015625.0,0,0,0.0,0.0
post-PA,-1015625.0,1,0,-18.446775468780437,64.01548679487064
post-PA,-1015625.0,0,1,-11.298993572860535,-15.159307884532017
post-PA,-1015625.0,1,1,0.0,0.0
post-PA,-976562.5,0,0,0.0,0.0
post-PA,-976562.5,1,0,-18.44890562460474,63.53694592977961
post-PA,-976562.5,0,1,-11.296983345460356,-15.39320367690678
post-PA,-976562.5,1,1,0.0,0.0
post-PA,-937500.0,0,0,0.0,0.0
post-PA,-937500.0,1,0,-18.45102659586058,63.058471422075655
post-PA,-937500.0,0,1,-11.294995998837447,-15.627125610351873
post-PA,-937500.0,1,1,0.0,0.0
post-PA,-898437.5,0,0,0.0,0.0
post-PA,-898437.5,1,0,-18.453138334705727,62.58006273157707
post-PA,-898437.5,0,1,-11.293031535222934,-15.861073367122092
post-PA,-898437.5,1,1,0.0,0.0
post-PA,-859375.0,0,0,0.0,0.0
post-PA,-859375.0,1,0,-18.455240793549024,62.10171931606948
post-PA,-859375.0,0,1,-11.291089956806786,-16.095046629663855
post-PA,-859375.0,1,1,0.0,0.0
post-PA,-820312.5,0,0,0.0,0.0
post-PA,-820312.5,1,0,-18.457333925052797,61.62344063131523
post-PA,-820312.5,0,1,-11.289171265737973,-16.329045080613273
post-PA,-820312.5,1,1,0.0,0.0
post-PA,-781250.0,0,0,0.0,0.0
post-PA,-781250.0,1,0,-18.45941768213526,61.14522613106296
post-PA,-781250.0,0,1,-11.287275464124612,-16.563068402793995
post-PA,-781250.0,1,1,0.0,0.0
post-PA,-742187.5,0,0,0.0,0.0
post-PA,-742187.5,1,0,-18.46149201797293,60.66707526705736
post-PA,-742187.5,0,1,-11.285402554034112,-16.797116279215366
post-PA,-742187.5,1,1,0.0,0.0
post-PA,-703125.0,0,0,0.0,0.0
post-PA,-703125.0,1,0,-18.46355688600302,60.18898748904888
post-PA,-703125.0,0,1,-11.283552537493303,-17.031188393070284
post-PA,-703125.0,1,1,0.0,0.0
post-PA,-664062.5,0,0,0.0,0.0
post-PA,-664062.5,1,0,-18.465612239925793,59.71096224480387
post-PA,-664062.5,0,1,-11.281725416488616,-17.265284427733256
post-PA,-664062.5,1,1,0.0,0.0
post-PA,-625000.0,0,0,0.0,0.0
post-PA,-625000.0,1,0,-18.467658033706982,59.23299898011468
post-PA,-625000.0,0,1,-11.279921192966194,-17.49940406675838
post-PA,-625000.0,1,1,0.0,0.0
post-PA,-585937.5,0,0,0.0,0.0
post-PA,-585937.5,1,0,-18.46969422158012,58.75509713880985
post-PA,-585937.5,0,1,-11.278139868832044,-17.733546993877336
post-PA,-585937.5,1,1,0.0,0.0
post-PA,-546875.0,0,0,0.0,0.0
post-PA,-546875.0,1,0,-18.471720758048914,58.277256162764736
post-PA,-546875.0,0,1,-11.276381445952177,-17.96771289299736
post-PA,-546875.0,1,1,0.0,0.0
post-PA,-507812.5,0,0,0.0,0.0
post-PA,-507812.5,1,0,-18.473737597889585,57.79947549191187
post-PA,-507812.5,0,1,-11.274645926152731,-18.20190144819925
post-PA,-507812.5,1,1,0.0,0.0
post-PA,-468750.0,0,0,0.0,0.0
post-PA,-468750.0,1,0,-18.475744696153182,57.321754564251876
post-PA,-468750.0,0,1,-11.272933311220129,-18.436112343735353
post-PA,-468750.0,1,1,0.0,0.0
post-PA,-429687.5,0,0,0.0,0.0
post-PA,-429687.5,1,0,-18.47774200816797,56.84409281586415
post-PA,-429687.5,0,1,-11.27124360290117,-18.67034526402755
post-PA,-429687.5,1,1,0.0,0.0
post-PA,-390625.0,0,0,0.0,0.0
post-PA,-390625.0,1,0,-18.47972948954166,56.366489680918015
post-PA,-390625.0,0,1,-11.269576802903202,-18.90459989366525
post-PA,-390625.0,1,1,0.0,0.0
post-PA,-351562.5,0,0,0.0,0.0
post-PA,-351562.5,1,0,-18.481707096163788,55.888944591683845
post-PA,-351562.5,0,1,-11.267932912894231,-19.138875917403386
post-PA,-351562.5,1,1,0.0,0.0
post-PA,-312500.0,0,0,0.0,0.0
post-PA,-312500.0,1,0,-18.483674784207963,55.41145697854425
post-PA,-312500.0,0,1,-11.266311934503051,-19.373173020160394
post-PA,-312500.0,1,1,0.0,0.0
post-PA,-273437.5,0,0,0.0,0.0
post-PA,-273437.5,1,0,-18.48563251013416,54.93402627000569
post-PA,-273437.5,0,1,-11.264713869319344,-19.60749088701622
post-PA,-273437.5,1,1,0.0,0.0
post-PA,-234375.0,0,0,0.0,0.0
post-PA,-234375.0,1,0,-18.48758023069099,54.45665189270985
post-PA,-234375.0,0,1,-11.263138718893854,-19.84182920321025
post-PA,-234375.0,1,1,0.0,0.0
post-PA,-195312.5,0,0,0.0,0.0
post-PA,-195312.5,1,0,-18.489517902917985,53.979333271445576
post-PA,-195312.5,0,1,-11.261586484738455,-20.07618765413943
post-PA,-195312.5,1,1,0.0,0.0
post-PA,-156250.0,0,0,0.0,0.0
post-PA,-156250.0,1,0,-18.491445484147782,53.502069829160554
post-PA,-156250.0,0,1,-11.260057168326295,-20.310565925356105
post-PA,-156250.0,1,1,0.0,0.0
post-PA,-117187.5,0,0,0.0,0.0
post-PA,-117187.5,1,0,-18.493362932008424,53.02486098697343
post-PA,-117187.5,0,1,-11.258550771091913,-20.5449637025661
post-PA,-117187.5,1,1,0.0,0.0
post-PA,-78125.0,0,0,0.0,0.0
post-PA,-78125.0,1,0,-18.495270204425548,52.54770616418586
post-PA,-78125.0,0,1,-11.257067294431348,-20.779380671626694
post-PA,-78125.0,1,1,0.0,0.0
post-PA,-39062.5,0,0,0.0,0.0
post-PA,-39062.5,1,0,-18.497167259624586,52.07060477829489
post-PA,-39062.5,0,1,-11.255606739702252,-21.013816518544623
post-PA,-39062.5,1,1,0.0,0.0
post-PA,0.0,0,0,0.0,0.0
post-PA,0.0,1,0,-18.499054056132994,51.59355624500528
post-PA,0.0,0,1,-11.254169108224001,-21.24827092947403
post-PA,0.0,1,1,0.0,0.0
post-PA,39062.5,0,0,0.0,0.0
post-PA,39062.5,1,0,-18.500930552782396,51.116559978242144
post-PA,39062.5,0,1,-11.252754401277805,-21.482743590714467
post-PA,39062.5,1,1,0.0,0.0
post-PA,78125.0,0,0,0.0,0.0
post-PA,78125.0,1,0,-18.50279670871079,50.639615390163584
post-PA,78125.0,0,1,-11.251362620106812,-21.717234188708915
post-PA,78125.0,1,1,0.0,0.0
post-PA,117187.5,0,0,0.0,0.0
post-PA,117187.5,1,0,-18.50465248336468,50.16272189117354
post-PA,117187.5,0,1,-11.249993765916226,-21.951742410041778
post-PA,117187.5,1,1,0.0,0.0
post-PA,156250.0,0,0,0.0,0.0
post-PA,156250.0,1,0,-18.50649783650122,49.68587888993481
post-PA,156250.0,0,1,-11.248647839873385,-22.186267941436814
post-PA,156250.0,1,1,0.0,0.0
post-PA,195312.5,0,0,0.0,0.0
post-PA,195312.5,1,0,-18.508332728190368,49.20908579338208
post-PA,195312.5,0,1,-11.247324843107888,-22.420810469755214
post-PA,195312.5,1,1,0.0,0.0
post-PA,234375.0,0,0,0.0,0.0
post-PA,234375.0,1,0,-18.51015711881696,48.7323420067352
post-PA,234375.0,0,1,-11.24602477671168,-22.655369681993495
post-PA,234375.0,1,1,0.0,0.0
post-PA,273437.5,0,0,0.0,0.0
post-PA,273437.5,1,0,-18.511970969082835,48.255646933512566
post-PA,273437.5,0,1,-11.244747641739153,-22.889945265281582
post-PA,273437.5,1,1,0.0,0.0
post-PA,312500.0,0,0,0.0,0.0
post-PA,312500.0,1,0,-18.513774240008917,47.77899997554463
post-PA,312500.0,0,1,-11.243493439207246,-23.124536906880756
post-PA,312500.0,1,1,0.0,0.0
post-PA,351562.5,0,0,0.0,0.0
post-PA,351562.5,1,0,-18.515566892937283,47.30240053298753
post-PA,351562.5,0,1,-11.242262170095534,-23.359144294181643
post-PA,351562.5,1,1,0.0,0.0
post-PA,390625.0,0,0,0.0,0.0
post-PA,390625.0,1,0,-18.51734888953321,46.82584800433684
post-PA,390625.0,0,1,-11.241053835346316,-23.593767114702217
post-PA,390625.0,1,1,0.0,0.0
post-PA,429687.5,0,0,0.0,0.0
post-PA,429687.5,1,0,-18.519120191787238,46.34934178644156
post-PA,429687.5,0,1,-11.239868435864715,-23.8284050560858
post-PA,429687.5,1,1,0.0,0.0
post-PA,468750.0,0,0,0.0,0.0
post-PA,468750.0,1,0,-18.520880762017143,45.87288127451807
post-PA,468750.0,0,1,-11.238705972518767,-24.063057806099025
post-PA,468750.0,1,1,0.0,0.0
post-PA,507812.5,0,0,0.0,0.0
post-PA,507812.5,1,0,-18.52263056287001,45.39646586216433
post-PA,507812.5,0,1,-11.237566446139493,-24.29772505262989
post-PA,507812.5,1,1,0.0,0.0
post-PA,546875.0,0,0,0.0,0.0
post-PA,546875.0,1,0,-18.524369557324178,44.92009494137417
post-PA,546875.0,0,1,-11.236449857521,-24.532406483685683
post-PA,546875.0,1,1,0.0,0.0
post-PA,585937.5,0,0,0.0,0.0
post-PA,585937.5,1,0,-18.526097708691225,44.4437679025517
post-PA,585937.5,0,1,-11.235356207420555,-24.767101787391027
post-PA,585937.5,1,1,0.0,0.0
post-PA,625000.0,0,0,0.0,0.0
post-PA,625000.0,1,0,-18.527814980617944,43.967484134525954
post-PA,625000.0,0,1,-11.234285496558664,-25.001810651985835
post-PA,625000.0,1,1,0.0,0.0
post-PA,664062.5,0,0,0.0,0.0
post-PA,664062.5,1,0,-18.529521337088262,43.4912430245654
post-PA,664062.5,0,1,-11.233237725619162,-25.236532765823345
post-PA,664062.5,1,1,0.0,0.0
post-PA,703125.0,0,0,0.0,0.0
post-PA,703125.0,1,0,-18.531216742425176,43.01504395839291
post-PA,703125.0,0,1,-11.232212895249283,-25.471267817368066
post-PA,703125.0,1,1,0.0,0.0
post-PA,742187.5,0,0,0.0,0.0
post-PA,742187.5,1,0,-18.532901161292664,42.53888632020061
post-PA,742187.5,0,1,-11.23121100605973,-25.70601549519385
post-PA,742187.5,1,1,0.0,0.0
post-PA,781250.0,0,0,0.0,0.0
post-PA,781250.0,1,0,-18.534574558697564,42.062769492664934
post-PA,781250.0,0,1,-11.230232058624765,-25.940775487981785
post-PA,781250.0,1,1,0.0,0.0
post-PA,820312.5,0,0,0.0,0.0
post-PA,820312.5,1,0,-18.536236899991454,41.586692856961825
post-PA,820312.5,0,1,-11.229276053482257,-26.17554748451829
post-PA,820312.5,1,1,0.0,0.0
post-PA,859375.0,0,0,0.0,0.0
post-PA,859375.0,1,0,-18.537888150872522,41.11065579278199
post-PA,859375.0,0,1,-11.228342991133779,-26.410331173693038
post-PA,859375.0,1,1,0.0,0.0
post-PA,898437.5,0,0,0.0,0.0
post-PA,898437.5,1,0,-18.539528277387365,40.63465767834639
post-PA,898437.5,0,1,-11.227432872044654,-26.64512624449702
post-PA,898437.5,1,1,0.0,0.0
post-PA,937500.0,0,0,0.0,0.0
post-PA,937500.0,1,0,-18.541157245932844,40.158697890421735
post-PA,937500.0,0,1,-11.226545696644038,-26.879932386020474
post-PA,937500.0,1,1,0.0,0.0
post-PA,976562.5,0,0,0.0,0.0
post-PA,976562.5,1,0,-18.542775023257864,39.68277580433614
post-PA,976562.5,0,1,-11.225681465324971,-27.11474928745093
post-PA,976562.5,1,1,0.0,0.0
post-PA,1015625.0,0,0,0.0,0.0
post-PA,1015625.0,1,0,-18.544381576465174,39.20689079399491
post-PA,1015625.0,0,1,-11.224840178444449,-27.349576638071195
post-PA,1015625.0,1,1,0.0,0.0
post-PA,1054687.5,0,0,0.0,0.0
post-PA,1054687.5,1,0,-18.5459768730131,38.731042231896446
post-PA,1054687.5,0,1,-11.224021836323478,-27.58441412725735
post-PA,1054687.5,1,1,0.0,0.0
post-PA,1093750.0,0,0,0.0,0.0
post-PA,1093750.0,1,0,-18.547560880717317,38.255229489148256
post-PA,1093750.0,0,1,-11.223226439247147,-27.81926144447675
post-PA,1093750.0,1,1,0.0,0.0
post-PA,1132812.5,0,0,0.0,0.0
post-PA,1132812.5,1,0,-18.54913356775256,37.779451935483024
post-PA,1132812.5,0,1,-11.222453987464664,-28.054118279286044
post-PA,1132812.5,1,1,0.0,0.0
post-PA,1171875.0,0,0,0.0,0.0
post-PA,1171875.0,1,0,-18.550694902654342,37.30370893927494
post-PA,1171875.0,0,1,-11.22170448118943,-28.288984321329114
post-PA,1171875.0,1,1,0.0,0.0
post-PA,1210937.5,0,0,0.0,0.0
post-PA,1210937.5,1,0,-18.55224485432061,36.82799986755599
post-PA,1210937.5,0,1,-11.220977920599083,-28.523859260335172
post-PA,1210937.5,1,1,0.0,0.0
post-PA,1250000.0,0,0,0.0,0.0
post-PA,1250000.0,1,0,-18.553783392013447,36.352324086032425
post-PA,1250000.0,0,1,-11.220274305835556,-28.758742786116677
post-PA,1250000.0,1,1,0.0,0.0
post-PA,1289062.5,0,0,0.0,0.0
post-PA,1289062.5,1,0,-18.555310485360682,35.87668095910136
post-PA,1289062.5,0,1,-11.219593637005119,-28.993634588567357
post-PA,1289062.5,1,1,0.0,0.0
post-PA,1328125.0,0,0,0.0,0.0
post-PA,1328125.0,1,0,-18.55682610435756,35.40106984986739
post-PA,1328125.0,0,1,-11.218935914178443,-29.228534357660276
post-PA,1328125.0,1,1,0.0,0.0
post-PA,1367187.5,0,0,0.0,0.0
post-PA,1367187.5,1,0,-18.558330219368294,34.92549012015948
post-PA,1367187.5,0,1,-11.218301137390627,-29.46344178344574
post-PA,1367187.5,1,1,0.0,0.0
post-PA,1406250.0,0,0,0.0,0.0
post-PA,1406250.0,1,0,-18.559822801127684,34.44994113054781
post-PA,1406250.0,0,1,-11.217689306641251,-29.698356556049358
post-PA,1406250.0,1,1,0.0,0.0
post-PA,1445312.5,0,0,0.0,0.0
post-PA,1445312.5,1,0,-18.56130382074268,33.974422240360724
post-PA,1445312.5,0,1,-11.21710042189443,-29.933278365670038
post-PA,1445312.5,1,1,0.0,0.0
post-PA,1484375.0,0,0,0.0,0.0
post-PA,1484375.0,1,0,-18.562773249693905,33.49893280770192
post-PA,1484375.0,0,1,-11.216534483078837,-30.168206902577992
post-PA,1484375.0,1,1,0.0,0.0
post-PA,1523437.5,0,0,0.0,0.0
post-PA,1523437.5,1,0,-18.564231059837194,33.023472189467626
post-PA,1523437.5,0,1,-11.215991490087758,-30.403141857112733
post-PA,1523437.5,1,1,0.0,0.0
post-PA,1562500.0,0,0,0.0,0.0
post-PA,1562500.0,1,0,-18.56567722340508,32.54803974136391
post-PA,1562500.0,0,1,-11.215471442779116,-30.638082919681082
post-PA,1562500.0,1,1,0.0,0.0
post-PA,1601562.5,0,0,0.0,0.0
post-PA,1601562.5,1,0,-18.567111713008288,32.072634817924104
post-PA,1601562.5,0,1,-11.214974340975516,-30.873029780755203
post-PA,1601562.5,1,1,0.0,0.0
post-PA,1640625.0,0,0,0.0,0.0
post-PA,1640625.0,1,0,-18.568534501637174,31.59725677252625
post-PA,1640625.0,0,1,-11.21450018446428,-31.107982130870553
post-PA,1640625.0,1,1,0.0,0.0
post-PA,1679687.5,0,0,0.0,0.0
post-PA,1679687.5,1,0,-18.569945562663182,31.121904957410845
post-PA,1679687.5,0,1,-11.214048972997478,-31.34293966062396
post-PA,1679687.5,1,1,0.0,0.0
post-PA,1718750.0,0,0,0.0,0.0
post-PA,1718750.0,1,0,-18.571344869840228,30.646578723698376
post-PA,1718750.0,0,1,-11.213620706291952,-31.577902060671555
post-PA,1718750.0,1,1,0.0,0.0
post-PA,1757812.5,0,0,0.0,0.0
post-PA,1757812.5,1,0,-18.57273239730612,30.171277421407268
post-PA,1757812.5,0,1,-11.213215384029354,-31.812869021726886
post-PA,1757812.5,1,1,0.0,0.0
post-PA,1796875.0,0,0,0.0,0.0
post-PA,1796875.0,1,0,-18.574108119583904,29.696000399471696
post-PA,1796875.0,0,1,-11.212833005856165,-32.04784023455879
post-PA,1796875.0,1,1,0.0,0.0
post-PA,1835937.5,0,0,0.0,0.0
post-PA,1835937.5,1,0,-18.575472011583216,29.220747005759556
post-PA,1835937.5,0,1,-11.212473571383727,-32.28281538998954
post-PA,1835937.5,1,1,0.0,0.0
post-PA,1875000.0,0,0,0.0,0.0
post-PA,1875000.0,1,0,-18.576824048601623,28.745516587090655
post-PA,1875000.0,0,1,-11.21213708018827,-32.51779417889276
post-PA,1875000.0,1,1,0.0,0.0
post-PA,1914062.5,0,0,0.0,0.0
post-PA,1914062.5,1,0,-18.57816420632588,28.270308489254703
post-PA,1914062.5,0,1,-11.211823531810923,-32.75277629219149
post-PA,1914062.5,1,1,0.0,0.0
post-PA,1953125.0,0,0,0.0,0.0
post-PA,1953125.0,1,0,-18.57949246083326,27.79512205702974
post-PA,1953125.0,0,1,-11.211532925757734,-32.987761420856174
post-PA,1953125.0,1,1,0.0,0.0
post-PA,1992187.5,0,0,0.0,0.0
post-PA,1992187.5,1,0,-18.580808788592776,27.319956634200356
post-PA,1992187.5,0,1,-11.211265261499703,-33.2227492559027
post-PA,1992187.5,1,1,0.0,0.0
post-PA,2031250.0,0,0,0.0,0.0
post-PA,2031250.0,1,0,-18.58211316646641,26.844811563576215
post-PA,2031250.0,0,1,-11.211020538472788,-33.45773948839035
post-PA,2031250.0,1,1,0.0,0.0
post-PA,2070312.5,0,0,0.0,0.0
post-PA,2070312.5,1,0,-18.583405571710326,26.369686187010434
post-PA,2070312.5,0,1,-11.210798756077908,-33.69273180941994
post-PA,2070312.5,1,1,0.0,0.0
post-PA,2109375.0,0,0,0.0,0.0
post-PA,2109375.0,1,0,-18.584685981976072,25.89457984541833
post-PA,2109375.0,0,1,-11.210599913680992,-33.92772591013168
post-PA,2109375.0,1,1,0.0,0.0
post-PA,2148437.5,0,0,0.0,0.0
post-PA,2148437.5,1,0,-18.5859543753117,25.419491878795984
post-PA,2148437.5,0,1,-11.210424010612945,-34.162721481703294
post-PA,2148437.5,1,1,0.0,0.0
post-PA,2187500.0,0,0,0.0,0.0
post-PA,2187500.0,1,0,-18.587210730162948,24.944421626239038
post-PA,2187500.0,0,1,-11.210271046169694,-34.397718215348036
post-PA,2187500.0,1,1,0.0,0.0
post-PA,2226562.5,0,0,0.0,0.0
post-PA,2226562.5,1,0,-18.588455025374305,24.46936842596153
post-PA,2226562.5,0,1,-11.21014101961218,-34.63271580231267
post-PA,2226562.5,1,1,0.0,0.0
post-PA,2265625.0,0,0,0.0,0.0
post-PA,2265625.0,1,0,-18.58968724019015,23.994331615314774
post-PA,2265625.0,0,1,-11.210033930166357,-34.86771393387548
post-PA,2265625.0,1,1,0.0,0.0
post-PA,2304687.5,0,0,0.0,0.0
post-PA,2304687.5,1,0,-18.590907354255755,23.51931053080638
post-PA,2304687.5,0,1,-11.209949777023219,-35.10271230134436
post-PA,2304687.5,1,1,0.0,0.0
post-PA,2343750.0,0,0,0.0,0.0
post-PA,2343750.0,1,0,-18.592115347618382,23.04430450811928
post-PA,2343750.0,0,1,-11.209888559338772,-35.337710596054734
post-PA,2343750.0,1,1,0.0,0.0
post-PA,2382812.5,0,0,0.0,0.0
post-PA,2382812.5,1,0,-18.593311200728262,22.569312882130863
post-PA,2382812.5,0,1,-11.20985027623407,-35.572708509367686
post-PA,2382812.5,1,1,0.0,0.0
post-PA,2421875.0,0,0,0.0,0.0
post-PA,2421875.0,1,0,-18.594494894439595,22.09433498693216
post-PA,2421875.0,0,1,-11.209834926795182,-35.807705732667884
post-PA,2421875.0,1,1,0.0,0.0
post-PA,2460937.5,0,0,0.0,0.0
post-PA,2460937.5,1,0,-18.59566641001151,21.619370155847168
post-PA,2460937.5,0,1,-11.209842510073205,-36.04270195736168
post-PA,2460937.5,1,1,0.0,0.0
post-PA,2500000.0,0,0,0.0,0.0
post-PA,2500000.0,1,0,-18.59682572910901,21.14441772145211
post-PA,2500000.0,0,1,-11.209873025084265,-36.27769687487507
post-PA,2500000.0,1,1,0.0,0.0
post-PA,2539062.5,0,0,0.0,0.0
post-PA,2539062.5,1,0,-18.597972833803887,20.669477015594875
post-PA,2539062.5,0,1,-11.209926470809492,-36.51269017665179
post-PA,2539062.5,1,1,0.0,0.0
post-PA,2578125.0,0,0,0.0,0.0
post-PA,2578125.0,1,0,-18.599107706575612,20.19454736941446
post-PA,2578125.0,0,1,-11.210002846195035,-36.74768155415127
post-PA,2578125.0,1,1,0.0,0.0
post-PA,2617187.5,0,0,0.0,0.0
post-PA,2617187.5,1,0,-18.60023033031219,19.719628113360535
post-PA,2617187.5,0,1,-11.210102150152032,-36.982670698846704
post-PA,2617187.5,1,1,0.0,0.0
post-PA,2656250.0,0,0,0.0,0.0
post-PA,2656250.0,1,0,-18.60134068831101,19.244718577212968
post-PA,2656250.0,0,1,-11.210224381556612,-37.21765730222308
post-PA,2656250.0,1,1,0.0,0.0
post-PA,2695312.5,0,0,0.0,0.0
post-PA,2695312.5,1,0,-18.60243876427965,18.769818090101516
post-PA,2695312.5,0,1,-11.21036953924988,-37.452641055775175
post-PA,2695312.5,1,1,0.0,0.0
post-PA,2734375.0,0,0,0.0,0.0
post-PA,2734375.0,1,0,-18.60352454233667,18.29492598052551
post-PA,2734375.0,0,1,-11.210537622037888,-37.68762165100562
post-PA,2734375.0,1,1,0.0,0.0
post-PA,2773437.5,0,0,0.0,0.0
post-PA,2773437.5,1,0,-18.604598007012378,17.820041576373598
post-PA,2773437.5,0,1,-11.210728628691642,-37.92259877942292
post-PA,2773437.5,1,1,0.0,0.0
post-PA,2812500.0,0,0,0.0,0.0
post-PA,2812500.0,1,0,-18.605659143249554,17.345164204943604
post-PA,2812500.0,0,1,-11.210942557947067,-38.15757213253945
post-PA,2812500.0,1,1,0.0,0.0
post-PA,2851562.5,0,0,0.0,0.0
post-PA,2851562.5,1,0,-18.606707936404167,16.87029319296233
post-PA,2851562.5,0,1,-11.211179408504993,-38.392541401869565
post-PA,2851562.5,1,1,0.0,0.0
post-PA,2890625.0,0,0,0.0,0.0
post-PA,2890625.0,1,0,-18.607744372246067,16.3954278666055
post-PA,2890625.0,0,1,-11.211439179031125,-38.62750627892756
post-PA,2890625.0,1,1,0.0,0.0
post-PA,2929687.5,0,0,0.0,0.0
post-PA,2929687.5,1,0,-18.608768436959625,15.920567551517744
post-PA,2929687.5,0,1,-11.211721868156033,-38.862466455225736
post-PA,2929687.5,1,1,0.0,0.0
post-PA,2968750.0,0,0,0.0,0.0
post-PA,2968750.0,1,0,-18.60978011714438,15.445711572832543
post-PA,2968750.0,0,1,-11.212027474475118,-39.09742162227241
post-PA,2968750.0,1,1,0.0,0.0
post-PA,3007812.5,0,0,0.0,0.0
post-PA,3007812.5,1,0,-18.610779399815634,14.970859255192375
post-PA,3007812.5,0,1,-11.212355996548585,-39.33237147157002
post-PA,3007812.5,1,1,0.0,0.0
post-PA,3046875.0,0,0,0.0,0.0
post-PA,3046875.0,1,0,-18.611766272405063,14.496009922768748
post-PA,3046875.0,0,1,-11.212707432901416,-39.56731569461307
post-PA,3046875.0,1,1,0.0,0.0
post-PA,3085937.5,0,0,0.0,0.0
post-PA,3085937.5,1,0,-18.612740722761203,14.021162899282311
post-PA,3085937.5,0,1,-11.213081782023346,-39.80225398288625
post-PA,3085937.5,1,1,0.0,0.0
post-PA,3125000.0,0,0,0.0,0.0
post-PA,3125000.0,1,0,-18.613702739150057,13.546317508023167
post-PA,3125000.0,0,1,-11.213479042368812,-40.03718602786239
post-PA,3125000.0,1,1,0.0,0.0
post-PA,3164062.5,0,0,0.0,0.0
post-PA,3164062.5,1,0,-18.614652310255533,13.071473071870914
post-PA,3164062.5,0,1,-11.213899212356942,-40.272111521000596
post-PA,3164062.5,1,1,0.0,0.0
post-PA,3203125.0,0,0,0.0,0.0
post-PA,3203125.0,1,0,-18.61558942517995,12.596628913315081
post-PA,3203125.0,0,1,-11.2143422903715,-40.50703015374421
post-PA,3203125.0,1,1,0.0,0.0
post-PA,3242187.5,0,0,0.0,0.0
post-PA,3242187.5,1,0,-18.616514073444478,12.121784354475265
post-PA,3242187.5,0,1,-11.214808274760866,-40.741941617518926
post-PA,3242187.5,1,1,0.0,0.0
post-PA,3281250.0,0,0,0.0,0.0
post-PA,3281250.0,1,0,-18.617426244989545,11.646938717121596
post-PA,3281250.0,0,1,-11.215297163837974,-40.97684560373074
post-PA,3281250.0,1,1,0.0,0.0
post-PA,3320312.5,0,0,0.0,0.0
post-PA,3320312.5,1,0,-18.618325930175253,11.172091322694936
post-PA,3320312.5,0,1,-11.215808955880298,-41.211741803764085
post-PA,3320312.5,1,1,0.0,0.0
post-PA,3359375.0,0,0,0.0,0.0
post-PA,3359375.0,1,0,-18.61921311978173,10.697241492327423
post-PA,3359375.0,0,1,-11.216343649129797,-41.44662990897982
post-PA,3359375.0,1,1,0.0,0.0
post-PA,3398437.5,0,0,0.0,0.0
post-PA,3398437.5,1,0,-18.62008780500946,10.222388546862767
post-PA,3398437.5,0,1,-11.216901241792849,-41.681509610713334
post-PA,3398437.5,1,1,0.0,0.0
post-PA,3437500.0,0,0,0.0,0.0
post-PA,3437500.0,1,0,-18.620949977479636,9.74753180687678
post-PA,3437500.0,0,1,-11.217481732040254,-41.91638060027252
post-PA,3437500.0,1,1,0.0,0.0
post-PA,3476562.5,0,0,0.0,0.0
post-PA,3476562.5,1,0,-18.621799629234374,9.272670592697748
post-PA,3476562.5,0,1,-11.218085118007135,-42.15124256893585
post-PA,3476562.5,1,1,0.0,0.0
post-PA,3515625.0,0,0,0.0,0.0
post-PA,3515625.0,1,0,-18.622636752737055,8.797804224427002
post-PA,3515625.0,0,1,-11.218711397792925,-42.3860952079505
post-PA,3515625.0,1,1,0.0,0.0
post-PA,3554687.5,0,0,0.0,0.0
post-PA,3554687.5,1,0,-18.623461340872502,8.322932021959382
post-PA,3554687.5,0,1,-11.219360569461292,-42.62093820853026
post-PA,3554687.5,1,1,0.0,0.0
post-PA,3593750.0,0,0,0.0,0.0
post-PA,3593750.0,1,0,-18.62427338694719,7.848053305003801
post-PA,3593750.0,0,1,-11.220032631040098,-42.855771261853725
post-PA,3593750.0,1,1,0.0,0.0
post-PA,3632812.5,0,0,0.0,0.0
post-PA,3632812.5,1,0,-18.625072884689445,7.373167393103711
post-PA,3632812.5,0,1,-11.220727580521348,-43.09059405906225
post-PA,3632812.5,1,1,0.0,0.0
post-PA,3671875.0,0,0,0.0,0.0
post-PA,3671875.0,1,0,-18.62585982824958,6.898273605657748
post-PA,3671875.0,0,1,-11.221445415861115,-43.32540629125805
post-PA,3671875.0,1,1,0.0,0.0
post-PA,3710937.5,0,0,0.0,0.0
post-PA,3710937.5,1,0,-18.62663421220001,6.423371261940283
post-PA,3710937.5,0,1,-11.222186134979504,-43.56020764950225
post-PA,3710937.5,1,1,0.0,0.0
post-PA,3750000.0,0,0,0.0,0.0
post-PA,3750000.0,1,0,-18.62739603153537,5.948459681121979
post-PA,3750000.0,0,1,-11.22294973576058,-43.79499782481296
post-PA,3750000.0,1,1,0.0,0.0
post-PA,3789062.5,0,0,0.0,0.0
post-PA,3789062.5,1,0,-18.628145281672563,5.473538182290423
post-PA,3789062.5,0,1,-11.223736216052293,-44.02977650816329
post-PA,3789062.5,1,1,0.0,0.0
post-PA,3828125.0,0,0,0.0,0.0
post-PA,3828125.0,1,0,-18.62888195845081,4.998606084470707
post-PA,3828125.0,0,1,-11.22454557366645,-44.264543390479425
post-PA,3828125.0,1,1,0.0,0.0
post-PA,3867187.5,0,0,0.0,0.0
post-PA,3867187.5,1,0,-18.62960605813167,4.523662706646049
post-PA,3867187.5,0,1,-11.225377806378617,-44.49929816263874
post-PA,3867187.5,1,1,0.0,0.0
post-PA,3906250.0,0,0,0.0,0.0
post-PA,3906250.0,1,0,-18.630317577399012,4.048707367778415
post-PA,3906250.0,0,1,-11.226232911928067,-44.73404051546776
post-PA,3906250.0,1,1,0.0,0.0
post-PA,3945312.5,0,0,0.0,0.0
post-PA,3945312.5,1,0,-18.631016513358993,3.573739386829108
post-PA,3945312.5,0,1,-11.227110888017702,-44.96877013974033
post-PA,3945312.5,1,1,0.0,0.0
post-PA,3984375.0,0,0,0.0,0.0
post-PA,3984375.0,1,0,-18.631702863539978,3.0987580827794283
post-PA,3984375.0,0,1,-11.228011732313997,-45.20348672617558
post-PA,3984375.0,1,1,0.0,0.0
post-PA,4023437.5,0,0,0.0,0.0
post-PA,4023437.5,1,0,-18.632376625892437,2.623762774651262
post-PA,4023437.5,0,1,-11.228935442446904,-45.4381899654361
post-PA,4023437.5,1,1,0.0,0.0
post-PA,4062500.0,0,0,0.0,0.0
post-PA,4062500.0,1,0,-18.633037798788852,2.1487527815277216
post-PA,4062500.0,0,1,-11.229882016009814,-45.67287954812591
post-PA,4062500.0,1,1,0.0,0.0
post-PA,4101562.5,0,0,0.0,0.0
post-PA,4101562.5,1,0,-18.63368638102354,1.673727422573744
post-PA,4101562.5,0,1,-11.230851450559438,-45.907555164788555
post-PA,4101562.5,1,1,0.0,0.0
post-PA,4140625.0,0,0,0.0,0.0
post-PA,4140625.0,1,0,-18.634322371812488,1.1986860170566715
post-PA,4140625.0,0,1,-11.231843743615768,-46.142216505905196
post-PA,4140625.0,1,1,0.0,0.0
post-PA,4179687.5,0,0,0.0,0.0
post-PA,4179687.5,1,0,-18.63494577079315,0.7236278843669269
post-PA,4179687.5,0,1,-11.232858892661973,-46.37686326189272
post-PA,4179687.5,1,1,0.0,0.0
post-PA,4218750.0,0,0,0.0,0.0
post-PA,4218750.0,1,0,-18.635556578024207,0.24855234403850043
post-PA,4218750.0,0,1,-11.23389689514432,-46.6114951231017
post-PA,4218750.0,1,1,0.0,0.0
post-PA,4257812.5,0,0,0.0,0.0
post-PA,4257812.5,1,0,-18.63615479398533,-0.22654128423038708
post-PA,4257812.5,0,1,-11.234957748472112,-46.84611177981456
post-PA,4257812.5,1,1,0.0,0.0
post-PA,4296875.0,0,0,0.0,0.0
post-PA,4296875.0,1,0,-18.636740419576874,-0.7016536805567537
post-PA,4296875.0,0,1,-11.236041450017574,-47.08071292224362
post-PA,4296875.0,1,1,0.0,0.0
post-PA,4335937.5,0,0,0.0,0.0
post-PA,4335937.5,1,0,-18.637313456119568,-1.1767855248523371
post-PA,4335937.5,0,1,-11.237147997115784,-47.31529824052918
post-PA,4335937.5,1,1,0.0,0.0
post-PA,4375000.0,0,0,0.0,0.0
post-PA,4375000.0,1,0,-18.63787390535419,-1.6519374968030003
post-PA,4375000.0,0,1,-11.238277387064588,-47.5498674247376
post-PA,4375000.0,1,1,0.0,0.0
post-PA,4414062.5,0,0,0.0,0.0
post-PA,4414062.5,1,0,-18.638421769441184,-2.127110275848283
post-PA,4414062.5,0,1,-11.239429617124497,-47.78442016485935
post-PA,4414062.5,1,1,0.0,0.0
post-PA,4453125.0,0,0,0.0,0.0
post-PA,4453125.0,1,0,-18.63895705096028,-2.6023045411608368
post-PA,4453125.0,0,1,-11.240604684518603,-48.01895615080714
post-PA,4453125.0,1,1,0.0,0.0
post-PA,4492187.5,0,0,0.0,0.0
post-PA,4492187.5,1,0,-18.63947975291007,-3.0775209716260434
post-PA,4492187.5,0,1,-11.24180258643249,-48.25347507241399
post-PA,4492187.5,1,1,0.0,0.0
post-PA,4531250.0,0,0,0.0,0.0
post-PA,4531250.0,1,0,-18.639989878707553,-3.552760245821464
post-PA,4531250.0,0,1,-11.243023320014125,-48.487976619431244
post-PA,4531250.0,1,1,0.0,0.0
post-PA,4570312.5,0,0,0.0,0.0
post-PA,4570312.5,1,0,-18.640487432187673,-4.028023041996531
post-PA,4570312.5,0,1,-11.244266882373777,-48.72246048152677
post-PA,4570312.5,1,1,0.0,0.0
post-PA,4609375.0,0,0,0.0,0.0
post-PA,4609375.0,1,0,-18.640972417602807,-4.503310038052063
post-PA,4609375.0,0,1,-11.2455332705839,-48.95692634828296
post-PA,4609375.0,1,1,0.0,0.0
post-PA,4648437.5,0,0,0.0,0.0
post-PA,4648437.5,1,0,-18.641444839622245,-4.978621911519933
post-PA,4648437.5,0,1,-11.246822481679057,-49.191373909194866
post-PA,4648437.5,1,1,0.0,0.0
post-PA,4687500.0,0,0,0.0,0.0
post-PA,4687500.0,1,0,-18.641904703331644,-5.453959339542746
post-PA,4687500.0,0,1,-11.248134512655795,-49.425802853668266
post-PA,4687500.0,1,1,0.0,0.0
post-PA,4726562.5,0,0,0.0,0.0
post-PA,4726562.5,1,0,-18.64235201423242,-5.929322998853529
post-PA,4726562.5,0,1,-11.24946936047255,-49.66021287101774
post-PA,4726562.5,1,1,0.0,0.0
post-PA,4765625.0,0,0,0.0,0.0
post-PA,4765625.0,1,0,-18.642786778241174,-6.404713565755471
post-PA,4765625.0,0,1,-11.250827022049545,-49.894603650464816
post-PA,4765625.0,1,1,0.0,0.0
post-PA,4804687.5,0,0,0.0,0.0
post-PA,4804687.5,1,0,-18.64320900168903,-6.880131716101665
post-PA,4804687.5,0,1,-11.252207494268674,-50.128974881135996
post-PA,4804687.5,1,1,0.0,0.0
post-PA,4843750.0,0,0,0.0,0.0
post-PA,4843750.0,1,0,-18.643618691320995,-7.355578125274953
post-PA,4843750.0,0,1,-11.253610773973396,-50.36332625206094
post-PA,4843750.0,1,1,0.0,0.0
post-PA,4882812.5,0,0,0.0,0.0
post-PA,4882812.5,1,0,-18.64401585429526,-7.831053468167759
post-PA,4882812.5,0,1,-11.255036857968626,-50.59765745217045
post-PA,4882812.5,1,1,0.0,0.0
post-PA,4921875.0,0,0,0.0,0.0
post-PA,4921875.0,1,0,-18.644400498182502,-8.306558419161988
post-PA,4921875.0,0,1,-11.256485743020626,-50.83196817029468
post-PA,4921875.0,1,1,0.0,0.0
post-PA,4960937.5,0,0,0.0,0.0
post-PA,4960937.5,1,0,-18.644772630965115,-8.782093652108923
post-PA,4960937.5,0,1,-11.257957425856876,-51.066258095161174
post-PA,4960937.5,1,1,0.0,0.0
post-PA,5000000.0,0,0,0.0,0.0
post-PA,5000000.0,1,0,-18.645132261036487,-9.257659840309252
post-PA,5000000.0,0,1,-11.259451903165974,-51.300526915392986
post-PA,5000000.0,1,1,0.0,0.0
post-PA,5039062.5,0,0,0.0,0.0
post-PA,5039062.5,1,0,-18.645479397200166,-9.733257656493066
post-PA,5039062.5,0,1,-11.260969171597498,-51.53477431950675
post-PA,5039062.5,1,1,0.0,0.0
post-PA,5078125.0,0,0,0.0,0.0
post-PA,5078125.0,1,0,-18.645814048669077,-10.208887772799914
post-PA,5078125.0,0,1,-11.262509227761917,-51.768999995910846
post-PA,5078125.0,1,1,0.0,0.0
post-PA,5117187.5,0,0,0.0,0.0
post-PA,5117187.5,1,0,-18.646136225064662,-10.684550860758964
post-PA,5117187.5,0,1,-11.264072068230428,-52.00320363290347
post-PA,5117187.5,1,1,0.0,0.0
post-PA,5156250.0,0,0,0.0,0.0
post-PA,5156250.0,1,0,-18.646445936416015,-11.16024759126914
post-PA,5156250.0,0,1,-11.265657689534871,-52.23738491867078
post-PA,5156250.0,1,1,0.0,0.0
post-PA,5195312.5,0,0,0.0,0.0
post-PA,5195312.5,1,0,-18.646743193158986,-11.635978634579372
post-PA,5195312.5,0,1,-11.267266088167577,-52.471543541284916
post-PA,5195312.5,1,1,0.0,0.0
post-PA,5234375.0,0,0,0.0,0.0
post-PA,5234375.0,1,0,-18.647028006135272,-12.111744660268878
post-PA,5234375.0,0,1,-11.268897260581252,-52.705679188702234
post-PA,5234375.0,1,1,0.0,0.0
post-PA,5273437.5,0,0,0.0,0.0
post-PA,5273437.5,1,0,-18.647300386591446,-12.587546337227495
post-PA,5273437.5,0,1,-11.270551203188845,-52.93979154876132
post-PA,5273437.5,1,1,0.0,0.0
post-PA,5312500.0,0,0,0.0,0.0
post-PA,5312500.0,1,0,-18.64756034617802,-13.063384333636044
post-PA,5312500.0,0,1,-11.272227912363427,-53.17388030918117
post-PA,5312500.0,1,1,0.0,0.0
post-PA,5351562.5,0,0,0.0,0.0
post-PA,5351562.5,1,0,-18.64780789694842,-13.539259316946847
post-PA,5351562.5,0,1,-11.273927384438034,-53.40794515755929
post-PA,5351562.5,1,1,0.0,0.0
post-PA,5390625.0,0,0,0.0,0.0
post-PA,5390625.0,1,0,-18.648043051357988,-14.015171953864225
post-PA,5390625.0,0,1,-11.275649615705554,-53.641985781369776
post-PA,5390625.0,1,1,0.0,0.0
post-PA,5429687.5,0,0,0.0,0.0
post-PA,5429687.5,1,0,-18.648265822262925,-14.491122910325027
post-PA,5429687.5,0,1,-11.27739460241859,-53.87600186796153
post-PA,5429687.5,1,1,0.0,0.0
post-PA,5468750.0,0,0,0.0,0.0
post-PA,5468750.0,1,0,-18.648476222919214,-14.967112851479353
post-PA,5468750.0,0,1,-11.27916234078931,-54.10999310455624
post-PA,5468750.0,1,1,0.0,0.0
post-PA,5507812.5,0,0,0.0,0.0
post-PA,5507812.5,1,0,-18.648674266981537,-15.443142441671206
post-PA,5507812.5,0,1,-11.280952826989308,-54.34395917824667
post-PA,5507812.5,1,1,0.0,0.0
post-PA,5546875.0,0,0,0.0,0.0
post-PA,5546875.0,1,0,-18.648859968502155,-15.919212344419273
post-PA,5546875.0,0,1,-11.282766057149479,-54.57789977599465
post-PA,5546875.0,1,1,0.0,0.0
post-PA,5585937.5,0,0,0.0,0.0
post-PA,5585937.5,1,0,-18.64903334192975,-16.39532322239786
post-PA,5585937.5,0,1,-11.28460202735985,-54.81181458462931
post-PA,5585937.5,1,1,0.0,0.0
post-PA,5625000.0,0,0,0.0,0.0
post-PA,5625000.0,1,0,-18.649194402108275,-16.87147573741766
post-PA,5625000.0,0,1,-11.286460733669461,-55.04570329084511
post-PA,5625000.0,1,1,0.0,0.0
post-PA,5664062.5,0,0,0.0,0.0
post-PA,5664062.5,1,0,-18.64934316427574,-17.347670550406903
post-PA,5664062.5,0,1,-11.288342172086193,-55.279565581200046
post-PA,5664062.5,1,1,0.0,0.0
post-PA,5703125.0,0,0,0.0,0.0
post-PA,5703125.0,1,0,-18.649479644063018,-17.823908321392285
post-PA,5703125.0,0,1,-11.29024633857663,-55.51340114211378
post-PA,5703125.0,1,1,0.0,0.0
post-PA,5742187.5,0,0,0.0,0.0
post-PA,5742187.5,1,0,-18.649603857492583,-18.30018970948021
post-PA,5742187.5,0,1,-11.292173229065924,-55.74720965986576
post-PA,5742187.5,1,1,0.0,0.0
post-PA,5781250.0,0,0,0.0,0.0
post-PA,5781250.0,1,0,-18.649715820977256,-18.776515372837924
post-PA,5781250.0,0,1,-11.294122839437604,-55.98099082059331
post-PA,5781250.0,1,1,0.0,0.0
post-PA,5820312.5,0,0,0.0,0.0
post-PA,5820312.5,1,0,-18.649815551318923,-19.252885968674917
post-PA,5820312.5,0,1,-11.29609516553346,-56.21474431028988
post-PA,5820312.5,1,1,0.0,0.0
post-PA,5859375.0,0,0,0.0,0.0
post-PA,5859375.0,1,0,-18.649903065707203,-19.729302153224197
post-PA,5859375.0,0,1,-11.298090203153354,-56.4484698148031
post-PA,5859375.0,1,1,0.0,0.0
post-PA,5898437.5,0,0,0.0,0.0
post-PA,5898437.5,1,0,-18.64997838171813,-20.20576458172377
post-PA,5898437.5,0,1,-11.300107948055093,-56.68216701983293
post-PA,5898437.5,1,1,0.0,0.0
post-PA,5937500.0,0,0,0.0,0.0
post-PA,5937500.0,1,0,-18.650041517312797,-20.682273908398216
post-PA,5937500.0,0,1,-11.302148395954248,-56.91583561092988
post-PA,5937500.0,1,1,0.0,0.0
post-PA,5976562.5,0,0,0.0,0.0
post-PA,5976562.5,1,0,-18.650092490835956,-21.15883078644033
post-PA,5976562.5,0,1,-11.30421154252399,-57.14947527349309
post-PA,5976562.5,1,1,0.0,0.0
post-PA,6015625.0,0,0,0.0,0.0
post-PA,6015625.0,1,0,-18.65013132101462,-21.635435867992733
post-PA,6015625.0,0,1,-11.306297383394938,-57.383085692768475
post-PA,6015625.0,1,1,0.0,0.0
post-PA,6054687.5,0,0,0.0,0.0
post-PA,6054687.5,1,0,-18.650158026956657,-22.112089804129763
post-PA,6054687.5,0,1,-11.308405914154998,-57.61666655384693
post-PA,6054687.5,1,1,0.0,0.0
post-PA,6093750.0,0,0,0.0,0.0
post-PA,6093750.0,1,0,-18.65017262814931,-22.588793244839316
post-PA,6093750.0,0,1,-11.310537130349159,-57.85021754166247
post-PA,6093750.0,1,1,0.0,0.0
post-PA,6132812.5,0,0,0.0,0.0
post-PA,6132812.5,1,0,-18.650175144457744,-23.065546839004842
post-PA,6132812.5,0,1,-11.312691027479376,-58.083738340990315
post-PA,6132812.5,1,1,0.0,0.0
post-PA,6171875.0,0,0,0.0,0.0
post-PA,6171875.0,1,0,-18.650165596123546,-23.542351234387425
post-PA,6171875.0,0,1,-11.314867601004359,-58.31722863644518
post-PA,6171875.0,1,1,0.0,0.0
post-PA,6210937.5,0,0,0.0,0.0
post-PA,6210937.5,1,0,-18.650144003763206,-24.019207077607874
post-PA,6210937.5,0,1,-11.317066846339415,-58.55068811247932
post-PA,6210937.5,1,1,0.0,0.0
post-PA,6250000.0,0,0,0.0,0.0
post-PA,6250000.0,1,0,-18.650110388366578,-24.49611501412905
post-PA,6250000.0,0,1,-11.31928875885627,-58.78411645338079
post-PA,6250000.0,1,1,0.0,0.0
post-PA,6289062.5,0,0,0.0,0.0
post-PA,6289062.5,1,0,-18.650064771295327,-24.97307568823818
post-PA,6289062.5,0,1,-11.321533333882893,-59.017513343271496
post-PA,6289062.5,1,1,0.0,0.0
post-PA,6328125.0,0,0,0.0,0.0
post-PA,6328125.0,1,0,-18.650007174281342,-25.450089743029334
post-PA,6328125.0,0,1,-11.32380056670332,-59.2508784661055
post-PA,6328125.0,1,1,0.0,0.0
post-PA,6367187.5,0,0,0.0,0.0
post-PA,6367187.5,1,0,-18.649937619425142,-25.92715782038588
post-PA,6367187.5,0,1,-11.326090452557459,-59.48421150566706
post-PA,6367187.5,1,1,0.0,0.0
post-PA,6406250.0,0,0,0.0,0.0
post-PA,6406250.0,1,0,-18.649856129194227,-26.40428056096322
post-PA,6406250.0,0,1,-11.328402986640926,-59.71751214556892
post-PA,6406250.0,1,1,0.0,0.0
post-PA,6445312.5,0,0,0.0,0.0
post-PA,6445312.5,1,0,-18.649762726421468,-26.881458604171517
post-PA,6445312.5,0,1,-11.330738164104854,-59.95078006925041
post-PA,6445312.5,1,1,0.0,0.0
post-PA,6484375.0,0,0,0.0,0.0
post-PA,6484375.0,1,0,-18.64965743430341,-27.358692588158473
post-PA,6484375.0,0,1,-11.333095980055699,-60.18401495997559
post-PA,6484375.0,1,1,0.0,0.0
post-PA,6523437.5,0,0,0.0,0.0
post-PA,6523437.5,1,0,-18.64954027639861,-27.835983149792373
post-PA,6523437.5,0,1,-11.335476429555055,-60.41721650083159
post-PA,6523437.5,1,1,0.0,0.0
post-PA,6562500.0,0,0,0.0,0.0
post-PA,6562500.0,1,0,-18.649411276625905,-28.313330924645012
post-PA,6562500.0,0,1,-11.337879507619466,-60.6503843747266
post-PA,6562500.0,1,1,0.0,0.0
post-PA,6601562.5,0,0,0.0,0.0
post-PA,6601562.5,1,0,-18.649270459262702,-28.790736546974962
post-PA,6601562.5,0,1,-11.34030520922024,-60.88351826438819
post-PA,6601562.5,1,1,0.0,0.0
post-PA,6640625.0,0,0,0.0,0.0
post-PA,6640625.0,1,0,-18.649117848943234,-29.268200649710817
post-PA,6640625.0,0,1,-11.34275352928324,-61.116617852361415
post-PA,6640625.0,1,1,0.0,0.0
post-PA,6679687.5,0,0,0.0,0.0
post-PA,6679687.5,1,0,-18.648953470656778,-29.745723864434474
post-PA,6679687.5,0,1,-11.345224462688703,-61.34968282100709
post-PA,6679687.5,1,1,0.0,0.0
post-PA,6718750.0,0,0,0.0,0.0
post-PA,6718750.0,1,0,-18.64877734974587,-30.223306821364712
post-PA,6718750.0,0,1,-11.347718004271023,-61.58271285249988
post-PA,6718750.0,1,1,0.0,0.0
post-PA,6757812.5,0,0,0.0,0.0
post-PA,6757812.5,1,0,-18.648589511904518,-30.700950149340727
post-PA,6757812.5,0,1,-11.350234148818576,-61.81570762882661
post-PA,6757812.5,1,1,0.0,0.0
post-PA,6796875.0,0,0,0.0,0.0
post-PA,6796875.0,1,0,-18.64838998317635,-31.1786544758058
post-PA,6796875.0,0,1,-11.35277289107349,-62.048666831784324
post-PA,6796875.0,1,1,0.0,0.0
post-PA,6835937.5,0,0,0.0,0.0
post-PA,6835937.5,1,0,-18.648178789952777,-31.656420426791254
post-PA,6835937.5,0,1,-11.35533422573147,-62.281590142978615
post-PA,6835937.5,1,1,0.0,0.0
post-PA,6875000.0,0,0,0.0,0.0
post-PA,6875000.0,1,0,-18.647955958971146,-32.13424862690013
post-PA,6875000.0,0,1,-11.357918147441568,-62.5144772438218
post-PA,6875000.0,1,1,0.0,0.0
post-PA,6914062.5,0,0,0.0,0.0
post-PA,6914062.5,1,0,-18.64772151731284,-32.61213969929151
post-PA,6914062.5,0,1,-11.360524650805983,-62.74732781553106
post-PA,6914062.5,1,1,0.0,0.0
post-PA,6953125.0,0,0,0.0,0.0
post-PA,6953125.0,1,0,-18.64747549240137,-33.090094265664405
post-PA,6953125.0,0,1,-11.363153730379864,-62.98014153912669
post-PA,6953125.0,1,1,0.0,0.0
post-PA,6992187.5,0,0,0.0,0.0
post-PA,6992187.5,1,0,-18.647217912000485,-33.568112946242195
post-PA,6992187.5,0,1,-11.365805380671079,-63.21291809543032
post-PA,6992187.5,1,1,0.0,0.0
post-PA,7031250.0,0,0,0.0,0.0
post-PA,7031250.0,1,0,-18.646948804212204,-34.046196359756934
post-PA,7031250.0,0,1,-11.368479596140013,-63.44565716506313
post-PA,7031250.0,1,1,0.0,0.0
post-PA,7070312.5,0,0,0.0,0.0
post-PA,7070312.5,1,0,-18.646668197474888,-34.524345123433946
post-PA,7070312.5,0,1,-11.371176371199347,-63.67835842844408
post-PA,7070312.5,1,1,0.0,0.0
post-PA,7109375.0,0,0,0.0,0.0
post-PA,7109375.0,1,0,-18.646376120561236,-35.0025598529763
post-PA,7109375.0,0,1,-11.373895700213843,-63.91102156578803
post-PA,7109375.0,1,1,0.0,0.0
post-PA,7148437.5,0,0,0.0,0.0
post-PA,7148437.5,1,0,-18.64607260257632,-35.480841162549666
post-PA,7148437.5,0,1,-11.376637577500123,-64.14364625710412
post-PA,7148437.5,1,1,0.0,0.0
post-PA,7187500.0,0,0,0.0,0.0
post-PA,7187500.0,1,0,-18.645757672955583,-35.959189664767166
post-PA,7187500.0,0,1,-11.379401997326454,-64.37623218219389
post-PA,7187500.0,1,1,0.0,0.0
post-PA,7226562.5,0,0,0.0,0.0
post-PA,7226562.5,1,0,-18.645431361462773,-36.437605970674326
post-PA,7226562.5,0,1,-11.382188953912513,-64.60877902064948
post-PA,7226562.5,1,1,0.0,0.0
post-PA,7265625.0,0,0,0.0,0.0
post-PA,7265625.0,1,0,-18.645093698187964,-36.91609068973419
post-PA,7265625.0,0,1,-11.384998441429172,-64.841286451852
post-PA,7265625.0,1,1,0.0,0.0
post-PA,7304687.5,0,0,0.0,0.0
post-PA,7304687.5,1,0,-18.644744713545435,-37.39464442981256
post-PA,7304687.5,0,1,-11.38783045399826,-65.0737541549696
post-PA,7304687.5,1,1,0.0,0.0
post-PA,7343750.0,0,0,0.0,0.0
post-PA,7343750.0,1,0,-18.644384438271643,-37.873267797163344
post-PA,7343750.0,0,1,-11.390684985692348,-65.30618180895586
post-PA,7343750.0,1,1,0.0,0.0
post-PA,7382812.5,0,0,0.0,0.0
post-PA,7382812.5,1,0,-18.644012903423114,-38.351961396414076
post-PA,7382812.5,0,1,-11.3935620305345,-65.53856909254786
post-PA,7382812.5,1,1,0.0,0.0
post-PA,7421875.0,0,0,0.0,0.0
post-PA,7421875.0,1,0,-18.643630140374338,-38.830725830551486
post-PA,7421875.0,0,1,-11.396461582498052,-65.7709156842646
post-PA,7421875.0,1,1,0.0,0.0
post-PA,7460937.5,0,0,0.0,0.0
post-PA,7460937.5,1,0,-18.643236180815645,-39.3095617009072
post-PA,7460937.5,0,1,-11.399383635506378,-66.00322126240512
post-PA,7460937.5,1,1,0.0,0.0
post-PA,7500000.0,0,0,0.0,0.0
post-PA,7500000.0,1,0,-18.64283105675107,-39.7884696071437
post-PA,7500000.0,0,1,-11.402328183432642,-66.2354855050468
post-PA,7500000.0,1,1,0.0,0.0
post-PA,7539062.5,0,0,0.0,0.0
post-PA,7539062.5,1,0,-18.64241480049622,-40.26745014724024
post-PA,7539062.5,0,1,-11.405295220099568,-66.46770809004363
post-PA,7539062.5,1,1,0.0,0.0
post-PA,7578125.0,0,0,0.0,0.0
post-PA,7578125.0,1,0,-18.641987444676058,-40.74650391747894
post-PA,7578125.0,0,1,-11.408284739279186,-66.69988869502437
post-PA,7578125.0,1,1,0.0,0.0
post-PA,7617187.5,0,0,0.0,0.0
post-PA,7617187.5,1,0,-18.641549022222776,-41.22563151243116
post-PA,7617187.5,0,1,-11.41129673469261,-66.93202699739098
post-PA,7617187.5,1,1,0.0,0.0
post-PA,7656250.0,0,0,0.0,0.0
post-PA,7656250.0,1,0,-18.641099566373562,-41.70483352494373
post-PA,7656250.0,0,1,-11.41433120000977,-67.16412267431667
post-PA,7656250.0,1,1,0.0,0.0
post-PA,7695312.5,0,0,0.0,0.0
post-PA,7695312.5,1,0,-18.640639110668406,-42.18411054612558
post-PA,7695312.5,0,1,-11.417388128849177,-67.39617540274438
post-PA,7695312.5,1,1,0.0,0.0
post-PA,7734375.0,0,0,0.0,0.0
post-PA,7734375.0,1,0,-18.640167688947873,-42.6634631653343
post-PA,7734375.0,0,1,-11.420467514777668,-67.62818485938486
post-PA,7734375.0,1,1,0.0,0.0
post-PA,7773437.5,0,0,0.0,0.0
post-PA,7773437.5,1,0,-18.639685335350855,-43.142891970163014
post-PA,7773437.5,0,1,-11.42356935131016,-67.86015072071505
post-PA,7773437.5,1,1,0.0,0.0
post-PA,7812500.0,0,0,0.0,0.0
post-PA,7812500.0,1,0,-18.639192084312324,-43.62239754642715
post-PA,7812500.0,0,1,-11.42669363190939,-68.09207266297636
post-PA,7812500.0,1,1,0.0,0.0
post-PA,7851562.5,0,0,0.0,0.0
post-PA,7851562.5,1,0,-18.638687970561072,-44.101980478151624
post-PA,7851562.5,0,1,-11.429840349985664,-68.32395036217288
post-PA,7851562.5,1,1,0.0,0.0
post-PA,7890625.0,0,0,0.0,0.0
post-PA,7890625.0,1,0,-18.638173029117432,-44.58164134755793
post-PA,7890625.0,0,1,-11.433009498896594,-68.55578349406973
post-PA,7890625.0,1,1,0.0,0.0
post-PA,7929687.5,0,0,0.0,0.0
post-PA,7929687.5,1,0,-18.63764729529097,-45.06138073505148
post-PA,7929687.5,0,1,-11.436201071946845,-68.7875717341913
post-PA,7929687.5,1,1,0.0,0.0
post-PA,7968750.0,0,0,0.0,0.0
post-PA,7968750.0,1,0,-18.637110804678198,-45.54119921920909
post-PA,7968750.0,0,1,-11.439415062387862,-69.01931475781953
post-PA,7968750.0,1,1,0.0,0.0
post-PA,8007812.5,0,0,0.0,0.0
post-PA,8007812.5,1,0,-18.636563593160243,-46.021097376766484
post-PA,8007812.5,0,1,-11.442651463417626,-69.2510122399923
post-PA,8007812.5,1,1,0.0,0.0
post-PA,8046875.0,0,0,0.0,0.0
post-PA,8046875.0,1,0,-18.63600569690055,-46.50107578260605
post-PA,8046875.0,0,1,-11.44591026818036,-69.48266385550157
post-PA,8046875.0,1,1,0.0,0.0
post-PA,8085937.5,0,0,0.0,0.0
post-PA,8085937.5,1,0,-18.63543715234248,-46.9811350097448
post-PA,8085937.5,0,1,-11.44919146976628,-69.7142692788918
post-PA,8085937.5,1,1,0.0,0.0
post-PA,8125000.0,0,0,0.0,0.0
post-PA,8125000.0,1,0,-18.634857996207025,-47.46127562932216
post-PA,8125000.0,0,1,-11.452495061211325,-69.94582818445825
post-PA,8125000.0,1,1,0.0,0.0
post-PA,8164062.5,0,0,0.0,0.0
post-PA,8164062.5,1,0,-18.63426826549039,-47.941498210588314
post-PA,8164062.5,0,1,-11.45582103549688,-70.17734024624518
post-PA,8164062.5,1,1,0.0,0.0
post-PA,8203125.0,0,0,0.0,0.0
post-PA,8203125.0,1,0,-18.633667997461657,-48.421803320892316
post-PA,8203125.0,0,1,-11.459169385549492,-70.40880513804427
post-PA,8203125.0,1,1,0.0,0.0
post-PA,8242187.5,0,0,0.0,0.0
post-PA,8242187.5,1,0,-18.633057229660373,-48.90219152567064
post-PA,8242187.5,0,1,-11.462540104240615,-70.64022253339293
post-PA,8242187.5,1,1,0.0,0.0
post-PA,8281250.0,0,0,0.0,0.0
post-PA,8281250.0,1,0,-18.632435999894152,-49.382663388435546
post-PA,8281250.0,0,1,-11.465933184386305,-70.87159210557255
post-PA,8281250.0,1,1,0.0,0.0
post-PA,8320312.5,0,0,0.0,0.0
post-PA,8320312.5,1,0,-18.63180434623629,-49.863219470764044
post-PA,8320312.5,0,1,-11.469348618746967,-71.10291352760687
post-PA,8320312.5,1,1,0.0,0.0
post-PA,8359375.0,0,0,0.0,0.0
post-PA,8359375.0,1,0,-18.631162307023324,-50.34386033228645
post-PA,8359375.0,0,1,-11.472786400027049,-71.33418647226026
post-PA,8359375.0,1,1,0.0,0.0
post-PA,8398437.5,0,0,0.0,0.0
post-PA,8398437.5,1,0,-18.630509920852607,-50.82458653067552
post-PA,8398437.5,0,1,-11.476246520874762,-71.56541061203612
post-PA,8398437.5,1,1,0.0,0.0
post-PA,8437500.0,0,0,0.0,0.0
post-PA,8437500.0,1,0,-18.629847226579884,-51.30539862163548
post-PA,8437500.0,0,1,-11.479728973881807,-71.7965856191752
post-PA,8437500.0,1,1,0.0,0.0
post-PA,8476562.5,0,0,0.0,0.0
post-PA,8476562.5,1,0,-18.629174263316827,-51.7862971588914
post-PA,8476562.5,0,1,-11.483233751583073,-72.02771116565388
post-PA,8476562.5,1,1,0.0,0.0
post-PA,8515625.0,0,0,0.0,0.0
post-PA,8515625.0,1,0,-18.628491070428588,-52.26728269417842
post-PA,8515625.0,0,1,-11.486760846456342,-72.25878692318256
post-PA,8515625.0,1,1,0.0,0.0
post-PA,8554687.5,0,0,0.0,0.0
post-PA,8554687.5,1,0,-18.627797687531327,-52.748355777231424
post-PA,8554687.5,0,1,-11.490310250922,-72.48981256320396
post-PA,8554687.5,1,1,0.0,0.0
post-PA,8593750.0,0,0,0.0,0.0
post-PA,8593750.0,1,0,-18.627094154489743,-53.22951695577462
post-PA,8593750.0,0,1,-11.493881957342749,-72.72078775689158
post-PA,8593750.0,1,1,0.0,0.0
post-PA,8632812.5,0,0,0.0,0.0
post-PA,8632812.5,1,0,-18.626380511414578,-53.710766775511445
post-PA,8632812.5,0,1,-11.497475958023305,-72.9517121751479
post-PA,8632812.5,1,1,0.0,0.0
post-PA,8671875.0,0,0,0.0,0.0
post-PA,8671875.0,1,0,-18.62565679866015,-54.19210578011452
post-PA,8671875.0,0,1,-11.501092245210076,-73.18258548860291
post-PA,8671875.0,1,1,0.0,0.0
post-PA,8710937.5,0,0,0.0,0.0
post-PA,8710937.5,1,0,-18.62492305682181,-54.67353451121563
post-PA,8710937.5,0,1,-11.504730811090898,-73.41340736761228
post-PA,8710937.5,1,1,0.0,0.0
post-PA,8750000.0,0,0,0.0,0.0
post-PA,8750000.0,1,0,-18.624179326733476,-55.155053508396165
post-PA,8750000.0,0,1,-11.508391647794705,-73.64417748225588
post-PA,8750000.0,1,1,0.0,0.0
post-PA,8789062.5,0,0,0.0,0.0
post-PA,8789062.5,1,0,-18.623425649465098,-55.63666330917735
post-PA,8789062.5,0,1,-11.51207474739122,-73.8748955023361
post-PA,8789062.5,1,1,0.0,0.0
post-PA,8828125.0,0,0,0.0,0.0
post-PA,8828125.0,1,0,-18.622662066320142,-56.11836444901086
post-PA,8828125.0,0,1,-11.515780101890666,-74.10556109737622
post-PA,8828125.0,1,1,0.0,0.0
post-PA,8867187.5,0,0,0.0,0.0
post-PA,8867187.5,1,0,-18.62188861883303,-56.600157461269475
post-PA,8867187.5,0,1,-11.519507703243438,-74.3361739366188
post-PA,8867187.5,1,1,0.0,0.0
post-PA,8906250.0,0,0,0.0,0.0
post-PA,8906250.0,1,0,-18.621105348766648,-57.08204287723793
post-PA,8906250.0,0,1,-11.523257543339792,-74.56673368902405
post-PA,8906250.0,1,1,0.0,0.0
post-PA,8945312.5,0,0,0.0,0.0
post-PA,8945312.5,1,0,-18.62031229810977,-57.56402122610379
post-PA,8945312.5,0,1,-11.527029614009535,-74.79724002326823
post-PA,8945312.5,1,1,0.0,0.0
post-PA,8984375.0,0,0,0.0,0.0
post-PA,8984375.0,1,0,-18.619509509074522,-58.04609303494867
post-PA,8984375.0,0,1,-11.53082390702171,-75.02769260774207
post-PA,8984375.0,1,1,0.0,0.0
post-PA,9023437.5,0,0,0.0,0.0
post-PA,9023437.5,1,0,-18.6186970240938,-58.52825882873944
post-PA,9023437.5,0,1,-11.534640414084256,-75.25809111054912
post-PA,9023437.5,1,1,0.0,0.0
post-PA,9062500.0,0,0,0.0,0.0
post-PA,9062500.0,1,0,-18.617874885818747,-59.01051913031954
post-PA,9062500.0,0,1,-11.538479126843715,-75.48843519950418
post-PA,9062500.0,1,1,0.0,0.0
post-PA,9101562.5,0,0,0.0,0.0
post-PA,9101562.5,1,0,-18.61704313711615,-59.492874460400635
post-PA,9101562.5,0,1,-11.542340036884887,-75.71872454213172
post-PA,9101562.5,1,1,0.0,0.0
post-PA,9140625.0,0,0,0.0,0.0
post-PA,9140625.0,1,0,-18.616201821065875,-59.97532533755429
post-PA,9140625.0,0,1,-11.54622313573051,-75.94895880566426
post-PA,9140625.0,1,1,0.0,0.0
post-PA,9179687.5,0,0,0.0,0.0
post-PA,9179687.5,1,0,-18.615350980958294,-60.45787227820364
post-PA,9179687.5,0,1,-11.55012841484093,-76.17913765704084
post-PA,9179687.5,1,1,0.0,0.0
post-PA,9218750.0,0,0,0.0,0.0
post-PA,9218750.0,1,0,-18.614490660291686,-60.94051579661557
post-PA,9218750.0,0,1,-11.554055865613766,-76.40926076290533
post-PA,9218750.0,1,1,0.0,0.0
post-PA,9257812.5,0,0,0.0,0.0
post-PA,9257812.5,1,0,-18.613620902769664,-61.42325640489265
post-PA,9257812.5,0,1,-11.558005479383596,-76.63932778960503
post-PA,9257812.5,1,1,0.0,0.0
post-PA,9296875.0,0,0,0.0,0.0
post-PA,9296875.0,1,0,-18.612741752298568,-61.90609461296548
post-PA,9296875.0,0,1,-11.561977247421584,-76.86933840318895
post-PA,9296875.0,1,1,0.0,0.0
post-PA,9335937.5,0,0,0.0,0.0
post-PA,9335937.5,1,0,-18.61185325298486,-62.38903092858512
post-PA,9335937.5,0,1,-11.565971160935185,-77.09929226940633
post-PA,9335937.5,1,1,0.0,0.0
post-PA,9375000.0,0,0,0.0,0.0
post-PA,9375000.0,1,0,-18.61095544913254,-62.87206585731549
post-PA,9375000.0,0,1,-11.569987211067767,-77.3291890537051
post-PA,9375000.0,1,1,0.0,0.0
post-PA,9414062.5,0,0,0.0,0.0
post-PA,9414062.5,1,0,-18.61004838524052,-63.355199902526195
post-PA,9414062.5,0,1,-11.574025388898297,-77.55902842123017
post-PA,9414062.5,1,1,0.0,0.0
post-PA,9453125.0,0,0,0.0,0.0
post-PA,9453125.0,1,0,-18.60913210600003,-63.838433565385245
post-PA,9453125.0,0,1,-11.578085685440984,-77.78881003682211
post-PA,9453125.0,1,1,0.0,0.0
post-PA,9492187.5,0,0,0.0,0.0
post-PA,9492187.5,1,0,-18.608206656291983,-64.32176734485213
post-PA,9492187.5,0,1,-11.582168091644927,-78.01853356501547
post-PA,9492187.5,1,1,0.0,0.0
post-PA,9531250.0,0,0,0.0,0.0
post-PA,9531250.0,1,0,-18.60727208118437,-64.80520173767081
post-PA,9531250.0,0,1,-11.586272598393778,-78.24819867003725
post-PA,9531250.0,1,1,0.0,0.0
post-PA,9570312.5,0,0,0.0,0.0
post-PA,9570312.5,1,0,-18.606328425929643,-65.28873723836307
post-PA,9570312.5,0,1,-11.590399196505379,-78.47780501580543
post-PA,9570312.5,1,1,0.0,0.0
post-PA,9609375.0,0,0,0.0,0.0
post-PA,9609375.0,1,0,-18.60537573596208,-65.77237433922186
post-PA,9609375.0,0,1,-11.59454787673141,-78.70735226592737
post-PA,9609375.0,1,1,0.0,0.0
post-PA,9648437.5,0,0,0.0,0.0
post-PA,9648437.5,1,0,-18.60441405689516,-66.25611353030482
post-PA,9648437.5,0,1,-11.598718629757041,-78.93684008369836
post-PA,9648437.5,1,1,0.0,0.0
post-PA,9687500.0,0,0,0.0,0.0
post-PA,9687500.0,1,0,-18.603443434518944,-66.73995529942798
post-PA,9687500.0,0,1,-11.602911446200576,-79.16626813210004
post-PA,9687500.0,1,1,0.0,0.0
post-PA,9726562.5,0,0,0.0,0.0
post-PA,9726562.5,1,0,-18.602463914797436,-67.22390013215961
post-PA,9726562.5,0,1,-11.607126316613062,-79.39563607379894
post-PA,9726562.5,1,1,0.0,0.0
post-PA,9765625.0,0,0,0.0,0.0
post-PA,9765625.0,1,0,-18.601475543865945,-67.70794851181415
post-PA,9765625.0,0,1,-11.61136323147797,-79.62494357114495
post-PA,9765625.0,1,1,0.0,0.0
post-PA,9804687.5,0,0,0.0,0.0
post-PA,9804687.5,1,0,-18.60047836802846,-68.19210091944625
post-PA,9804687.5,0,1,-11.615622181210787,-79.85419028616985
post-PA,9804687.5,1,1,0.0,0.0
post-PA,9843750.0,0,0,0.0,0.0
post-PA,9843750.0,1,0,-18.599472433755025,-68.67635783384512
post-PA,9843750.0,0,1,-11.619903156158689,-80.08337588058582
post-PA,9843750.0,1,1,0.0,0.0
post-PA,9882812.5,0,0,0.0,0.0
post-PA,9882812.5,1,0,-18.598457787679063,-69.16071973152884
post-PA,9882812.5,0,1,-11.62420614660013,-80.31250001578387
post-PA,9882812.5,1,1,0.0,0.0
post-PA,9921875.0,0,0,0.0,0.0
post-PA,9921875.0,1,0,-18.597434476594785,-69.64518708673891
post-PA,9921875.0,0,1,-11.628531142744505,-80.54156235283246
post-PA,9921875.0,1,1,0.0,0.0
post-PA,9960937.5,0,0,0.0,0.0
post-PA,9960937.5,1,0,-18.5964025474545,-70.1297603714349
post-PA,9960937.5,0,1,-11.632878134731747,-80.770562552476
post-PA,9960937.5,1,1,0.0,0.0
post-PA,10000000.0,0,0,0.0,0.0
post-PA,10000000.0,1,0,-18.59536204736603,-70.61444005528922
post-PA,10000000.0,0,1,-11.63724711263197,-80.99950027513337
post-PA,10000000.0,1,1,0.0,0.0
